[H[2J[3J[H[2J[3J[94m	##################################################
	##                                              ##
	##  88      a8P         db        88        88  ##
	##  88    .88'         d88b       88        88  ##
	##  88   88'          d8''8b      88        88  ##
	##  88 d88           d8'  '8b     88        88  ##
	##  8888'88.        d8YaaaaY8b    88        88  ##
	##  88P   Y8b      d8''''''''8b   88        88  ##
	##  88     '88.   d8'        '8b  88        88  ##
	##  88       Y8b d8'          '8b 888888888 88  ##
	##                                              ##
	####  ############# NetHunter ####################
	~~~~~~~~~~~~~~~~~~~~~~~~~~~~~~~~~~~~~~~~~~~~~~~~~~
	           K E R N E L   B U I L D E R
	~~~~~~~~~~~~~~~~~~~~~~~~~~~~~~~~~~~~~~~~~~~~~~~~~~~
[0m	---------------------------------------------------
	                   FULL BUILDS
	---------------------------------------------------
	N. NetHunter build = Create zip for NH-installer
	T. Test build      = Create zip to flash in TWRP

	---------------------------------------------------
	                 INDIVIDUAL STEPS
	---------------------------------------------------
	1. Edit default kernel config
	2. Configure & compile kernel from scratch
	3. Configure & recompile kernel from previous run
	4. Apply NetHunter kernel patches
	5. Create NetHunter zip
	6. Create Anykernel zip
	7. Generate Changelog
	8. Edit Anykernel config
	0. Clean Environment

	---------------------------------------------------
	                     OTHER
	---------------------------------------------------
	S. Set up environment & download toolchains
	H. Help
	E. Exit

Enter selection [N/T/1-8/S/H/E] [H[2J[3J
[33m[ QUESTION ][0m Edit the kernel config? [Y/n] clang
/home/cross/android/toolchains/aarch64-4.9/bin/aarch64-linux-android-
/home/cross/android/toolchains/armhf-4.9/bin/arm-linux-androideabi-
[96m[   INFO   ][0m ~~~~~~~~~~~~~~~~~~[0m
[96m[   INFO   ][0m  Building kernel[0m
[96m[   INFO   ][0m ~~~~~~~~~~~~~~~~~~[0m
make: Entering directory '/home/cross/kernel/android_kernel_xiaomi_lavender'
make[1]: Entering directory '/home/cross/kernel/android_kernel_xiaomi_lavender/kali-nethunter-kernel-builder/out'
  CHK     include/config/kernel.release
  GEN     ./Makefile
  CHK     include/generated/uapi/linux/version.h
  CHK     include/generated/utsrelease.h
  Using /home/cross/kernel/android_kernel_xiaomi_lavender as source for kernel
  CHK     scripts/mod/devicetable-offsets.h
  CHK     include/generated/timeconst.h
  CHK     include/generated/bounds.h
  CHK     include/generated/asm-offsets.h
  CALL    /home/cross/kernel/android_kernel_xiaomi_lavender/scripts/checksyscalls.sh
make[2]: 'include/generated/vdso-offsets.h' is up to date.
make[2]: 'include/generated/vdso32-offsets.h' is up to date.
  CHK     include/generated/compile.h
  CHK     kernel/config_data.h
  DTC     arch/arm64/boot/dts/qcom/sdm660-mtp_f7a.dtb
arch/arm64/boot/dts/qcom/sdm660-mtp_f7a.dtb: Warning (unit_address_format): Node /reserved-memory/dfps_data_mem@0x9f7ff000 unit name should not have leading "0x"
arch/arm64/boot/dts/qcom/sdm660-mtp_f7a.dtb: Warning (simple_bus_reg): Node /soc/qcom,smp2pgpio-smp2p-15-in missing or empty reg/ranges property
arch/arm64/boot/dts/qcom/sdm660-mtp_f7a.dtb: Warning (simple_bus_reg): Node /soc/qcom,smp2pgpio_test_smp2p_15_in missing or empty reg/ranges property
arch/arm64/boot/dts/qcom/sdm660-mtp_f7a.dtb: Warning (simple_bus_reg): Node /soc/qcom,smp2pgpio-smp2p-15-out missing or empty reg/ranges property
arch/arm64/boot/dts/qcom/sdm660-mtp_f7a.dtb: Warning (simple_bus_reg): Node /soc/qcom,smp2pgpio_test_smp2p_15_out missing or empty reg/ranges property
arch/arm64/boot/dts/qcom/sdm660-mtp_f7a.dtb: Warning (simple_bus_reg): Node /soc/qcom,smp2pgpio-smp2p-1-in missing or empty reg/ranges property
arch/arm64/boot/dts/qcom/sdm660-mtp_f7a.dtb: Warning (simple_bus_reg): Node /soc/qcom,smp2pgpio_test_smp2p_1_in missing or empty reg/ranges property
arch/arm64/boot/dts/qcom/sdm660-mtp_f7a.dtb: Warning (simple_bus_reg): Node /soc/qcom,smp2pgpio-smp2p-1-out missing or empty reg/ranges property
arch/arm64/boot/dts/qcom/sdm660-mtp_f7a.dtb: Warning (simple_bus_reg): Node /soc/qcom,smp2pgpio_test_smp2p_1_out missing or empty reg/ranges property
arch/arm64/boot/dts/qcom/sdm660-mtp_f7a.dtb: Warning (simple_bus_reg): Node /soc/qcom,smp2pgpio-smp2p-2-in missing or empty reg/ranges property
arch/arm64/boot/dts/qcom/sdm660-mtp_f7a.dtb: Warning (simple_bus_reg): Node /soc/qcom,smp2pgpio_test_smp2p_2_in missing or empty reg/ranges property
arch/arm64/boot/dts/qcom/sdm660-mtp_f7a.dtb: Warning (simple_bus_reg): Node /soc/qcom,smp2pgpio-smp2p-2-out missing or empty reg/ranges property
arch/arm64/boot/dts/qcom/sdm660-mtp_f7a.dtb: Warning (simple_bus_reg): Node /soc/qcom,smp2pgpio_test_smp2p_2_out missing or empty reg/ranges property
arch/arm64/boot/dts/qcom/sdm660-mtp_f7a.dtb: Warning (simple_bus_reg): Node /soc/qcom,smp2pgpio-sleepstate-gpio-2-out missing or empty reg/ranges property
arch/arm64/boot/dts/qcom/sdm660-mtp_f7a.dtb: Warning (simple_bus_reg): Node /soc/qcom,smp2pgpio-sleepstate-2-out missing or empty reg/ranges property
arch/arm64/boot/dts/qcom/sdm660-mtp_f7a.dtb: Warning (simple_bus_reg): Node /soc/qcom,smp2pgpio-smp2p-5-in missing or empty reg/ranges property
arch/arm64/boot/dts/qcom/sdm660-mtp_f7a.dtb: Warning (simple_bus_reg): Node /soc/qcom,smp2pgpio_test_smp2p_5_in missing or empty reg/ranges property
arch/arm64/boot/dts/qcom/sdm660-mtp_f7a.dtb: Warning (simple_bus_reg): Node /soc/qcom,smp2pgpio-smp2p-5-out missing or empty reg/ranges property
arch/arm64/boot/dts/qcom/sdm660-mtp_f7a.dtb: Warning (simple_bus_reg): Node /soc/qcom,smp2pgpio_test_smp2p_5_out missing or empty reg/ranges property
arch/arm64/boot/dts/qcom/sdm660-mtp_f7a.dtb: Warning (simple_bus_reg): Node /soc/qcom,smp2pgpio-ssr-smp2p-1-in missing or empty reg/ranges property
arch/arm64/boot/dts/qcom/sdm660-mtp_f7a.dtb: Warning (simple_bus_reg): Node /soc/qcom,smp2pgpio-ssr-smp2p-1-out missing or empty reg/ranges property
arch/arm64/boot/dts/qcom/sdm660-mtp_f7a.dtb: Warning (simple_bus_reg): Node /soc/qcom,smp2pgpio-ssr-smp2p-2-in missing or empty reg/ranges property
arch/arm64/boot/dts/qcom/sdm660-mtp_f7a.dtb: Warning (simple_bus_reg): Node /soc/qcom,smp2pgpio-ssr-smp2p-2-out missing or empty reg/ranges property
arch/arm64/boot/dts/qcom/sdm660-mtp_f7a.dtb: Warning (simple_bus_reg): Node /soc/qcom,smp2pgpio-ssr-smp2p-5-in missing or empty reg/ranges property
arch/arm64/boot/dts/qcom/sdm660-mtp_f7a.dtb: Warning (simple_bus_reg): Node /soc/qcom,smp2pgpio-ssr-smp2p-5-out missing or empty reg/ranges property
arch/arm64/boot/dts/qcom/sdm660-mtp_f7a.dtb: Warning (simple_bus_reg): Node /soc/modem_etm0 missing or empty reg/ranges property
arch/arm64/boot/dts/qcom/sdm660-mtp_f7a.dtb: Warning (simple_bus_reg): Node /soc/audio_etm0 missing or empty reg/ranges property
arch/arm64/boot/dts/qcom/sdm660-mtp_f7a.dtb: Warning (simple_bus_reg): Node /soc/rpm_etm0 missing or empty reg/ranges property
arch/arm64/boot/dts/qcom/sdm660-mtp_f7a.dtb: Warning (simple_bus_reg): Node /soc/turing_etm0 missing or empty reg/ranges property
arch/arm64/boot/dts/qcom/sdm660-mtp_f7a.dtb: Warning (simple_bus_reg): Node /soc/timer missing or empty reg/ranges property
arch/arm64/boot/dts/qcom/sdm660-mtp_f7a.dtb: Warning (simple_bus_reg): Node /soc/qcom,sps-dma@0xc144000 simple-bus unit address format error, expected "c144000"
arch/arm64/boot/dts/qcom/sdm660-mtp_f7a.dtb: Warning (simple_bus_reg): Node /soc/qcom,sps-dma@0xc184000 simple-bus unit address format error, expected "c184000"
arch/arm64/boot/dts/qcom/sdm660-mtp_f7a.dtb: Warning (simple_bus_reg): Node /soc/cpuss_dump missing or empty reg/ranges property
arch/arm64/boot/dts/qcom/sdm660-mtp_f7a.dtb: Warning (simple_bus_reg): Node /soc/qcom,sps missing or empty reg/ranges property
arch/arm64/boot/dts/qcom/sdm660-mtp_f7a.dtb: Warning (simple_bus_reg): Node /soc/qcom,memshare missing or empty reg/ranges property
arch/arm64/boot/dts/qcom/sdm660-mtp_f7a.dtb: Warning (simple_bus_reg): Node /soc/serial@0c170000 simple-bus unit address format error, expected "c170000"
arch/arm64/boot/dts/qcom/sdm660-mtp_f7a.dtb: Warning (simple_bus_reg): Node /soc/qcom,sensor-information missing or empty reg/ranges property
arch/arm64/boot/dts/qcom/sdm660-mtp_f7a.dtb: Warning (simple_bus_reg): Node /soc/qcom,limit_info-0 missing or empty reg/ranges property
arch/arm64/boot/dts/qcom/sdm660-mtp_f7a.dtb: Warning (simple_bus_reg): Node /soc/qcom,limit_info-1 missing or empty reg/ranges property
arch/arm64/boot/dts/qcom/sdm660-mtp_f7a.dtb: Warning (simple_bus_reg): Node /soc/qcom,limit_info-2 missing or empty reg/ranges property
arch/arm64/boot/dts/qcom/sdm660-mtp_f7a.dtb: Warning (simple_bus_reg): Node /soc/qcom,limit_info-3 missing or empty reg/ranges property
arch/arm64/boot/dts/qcom/sdm660-mtp_f7a.dtb: Warning (simple_bus_reg): Node /soc/qcom,limit_info-4 missing or empty reg/ranges property
arch/arm64/boot/dts/qcom/sdm660-mtp_f7a.dtb: Warning (simple_bus_reg): Node /soc/qcom,msm-thermal missing or empty reg/ranges property
arch/arm64/boot/dts/qcom/sdm660-mtp_f7a.dtb: Warning (simple_bus_reg): Node /soc/qcom,bcl missing or empty reg/ranges property
arch/arm64/boot/dts/qcom/sdm660-mtp_f7a.dtb: Warning (simple_bus_reg): Node /soc/qcom,lmh missing or empty reg/ranges property
arch/arm64/boot/dts/qcom/sdm660-mtp_f7a.dtb: Warning (simple_bus_reg): Node /soc/serial@0c1b0000 simple-bus unit address format error, expected "c1b0000"
arch/arm64/boot/dts/qcom/sdm660-mtp_f7a.dtb: Warning (simple_bus_reg): Node /soc/arm64-cpu-erp missing or empty reg/ranges property
arch/arm64/boot/dts/qcom/sdm660-mtp_f7a.dtb: Warning (simple_bus_reg): Node /soc/qcom,rpmcc missing or empty reg/ranges property
arch/arm64/boot/dts/qcom/sdm660-mtp_f7a.dtb: Warning (simple_bus_reg): Node /soc/syscon@05065120 simple-bus unit address format error, expected "5065120"
arch/arm64/boot/dts/qcom/sdm660-mtp_f7a.dtb: Warning (simple_bus_reg): Node /soc/qcom,cpubw missing or empty reg/ranges property
arch/arm64/boot/dts/qcom/sdm660-mtp_f7a.dtb: Warning (simple_bus_reg): Node /soc/qcom,cpu-bwmon simple-bus unit address format error, expected "1008000"
arch/arm64/boot/dts/qcom/sdm660-mtp_f7a.dtb: Warning (simple_bus_reg): Node /soc/qcom,mincpubw missing or empty reg/ranges property
arch/arm64/boot/dts/qcom/sdm660-mtp_f7a.dtb: Warning (simple_bus_reg): Node /soc/qcom,memlat-cpu0 missing or empty reg/ranges property
arch/arm64/boot/dts/qcom/sdm660-mtp_f7a.dtb: Warning (simple_bus_reg): Node /soc/qcom,memlat-cpu4 missing or empty reg/ranges property
arch/arm64/boot/dts/qcom/sdm660-mtp_f7a.dtb: Warning (simple_bus_reg): Node /soc/qcom,arm-memlat-mon-0 missing or empty reg/ranges property
arch/arm64/boot/dts/qcom/sdm660-mtp_f7a.dtb: Warning (simple_bus_reg): Node /soc/qcom,arm-memlat-mon-4 missing or empty reg/ranges property
arch/arm64/boot/dts/qcom/sdm660-mtp_f7a.dtb: Warning (simple_bus_reg): Node /soc/devfreq-cpufreq missing or empty reg/ranges property
arch/arm64/boot/dts/qcom/sdm660-mtp_f7a.dtb: Warning (simple_bus_reg): Node /soc/qcom,msm-cpufreq missing or empty reg/ranges property
arch/arm64/boot/dts/qcom/sdm660-mtp_f7a.dtb: Warning (simple_bus_reg): Node /soc/qcom,rmnet-ipa missing or empty reg/ranges property
arch/arm64/boot/dts/qcom/sdm660-mtp_f7a.dtb: Warning (simple_bus_reg): Node /soc/qcom,msm-cdsp-loader missing or empty reg/ranges property
arch/arm64/boot/dts/qcom/sdm660-mtp_f7a.dtb: Warning (simple_bus_reg): Node /soc/qcom,msm-adsprpc-mem missing or empty reg/ranges property
arch/arm64/boot/dts/qcom/sdm660-mtp_f7a.dtb: Warning (simple_bus_reg): Node /soc/qcom,msm_fastrpc missing or empty reg/ranges property
arch/arm64/boot/dts/qcom/sdm660-mtp_f7a.dtb: Warning (simple_bus_reg): Node /soc/qcom,glink-qos-config-adsp missing or empty reg/ranges property
arch/arm64/boot/dts/qcom/sdm660-mtp_f7a.dtb: Warning (simple_bus_reg): Node /soc/qcom,glink-ssr-modem missing or empty reg/ranges property
arch/arm64/boot/dts/qcom/sdm660-mtp_f7a.dtb: Warning (simple_bus_reg): Node /soc/qcom,glink-ssr-adsp missing or empty reg/ranges property
arch/arm64/boot/dts/qcom/sdm660-mtp_f7a.dtb: Warning (simple_bus_reg): Node /soc/qcom,glink-ssr-rpm missing or empty reg/ranges property
arch/arm64/boot/dts/qcom/sdm660-mtp_f7a.dtb: Warning (simple_bus_reg): Node /soc/qcom,glink-ssr-cdsp missing or empty reg/ranges property
arch/arm64/boot/dts/qcom/sdm660-mtp_f7a.dtb: Warning (simple_bus_reg): Node /soc/qcom,glink-spi-xprt-wdsp missing or empty reg/ranges property
arch/arm64/boot/dts/qcom/sdm660-mtp_f7a.dtb: Warning (simple_bus_reg): Node /soc/qcom,glink-fifo-config-wdsp missing or empty reg/ranges property
arch/arm64/boot/dts/qcom/sdm660-mtp_f7a.dtb: Warning (simple_bus_reg): Node /soc/qcom,glink-qos-config-wdsp missing or empty reg/ranges property
arch/arm64/boot/dts/qcom/sdm660-mtp_f7a.dtb: Warning (simple_bus_reg): Node /soc/qcom,glink_pkt missing or empty reg/ranges property
arch/arm64/boot/dts/qcom/sdm660-mtp_f7a.dtb: Warning (simple_bus_reg): Node /soc/qcom,rpm-smd missing or empty reg/ranges property
arch/arm64/boot/dts/qcom/sdm660-mtp_f7a.dtb: Warning (simple_bus_reg): Node /soc/qcom,ipc_router missing or empty reg/ranges property
arch/arm64/boot/dts/qcom/sdm660-mtp_f7a.dtb: Warning (simple_bus_reg): Node /soc/qcom,ipc_router_modem_xprt missing or empty reg/ranges property
arch/arm64/boot/dts/qcom/sdm660-mtp_f7a.dtb: Warning (simple_bus_reg): Node /soc/qcom,ipc_router_q6_xprt missing or empty reg/ranges property
arch/arm64/boot/dts/qcom/sdm660-mtp_f7a.dtb: Warning (simple_bus_reg): Node /soc/qcom,ipc_router_cdsp_xprt missing or empty reg/ranges property
arch/arm64/boot/dts/qcom/sdm660-mtp_f7a.dtb: Warning (simple_bus_reg): Node /soc/qcom,msm-rtb missing or empty reg/ranges property
arch/arm64/boot/dts/qcom/sdm660-mtp_f7a.dtb: Warning (simple_bus_reg): Node /soc/qcom,ghd missing or empty reg/ranges property
arch/arm64/boot/dts/qcom/sdm660-mtp_f7a.dtb: Warning (simple_bus_reg): Node /soc/cpu-pmu missing or empty reg/ranges property
arch/arm64/boot/dts/qcom/sdm660-mtp_f7a.dtb: Warning (simple_bus_reg): Node /soc/qcom,chd_silver missing or empty reg/ranges property
arch/arm64/boot/dts/qcom/sdm660-mtp_f7a.dtb: Warning (simple_bus_reg): Node /soc/qcom,chd_gold missing or empty reg/ranges property
arch/arm64/boot/dts/qcom/sdm660-mtp_f7a.dtb: Warning (simple_bus_reg): Node /soc/snfuse@0xA4128 simple-bus unit address format error, expected "786134"
arch/arm64/boot/dts/qcom/sdm660-mtp_f7a.dtb: Warning (simple_bus_reg): Node /soc/qcom,ion missing or empty reg/ranges property
arch/arm64/boot/dts/qcom/sdm660-mtp_f7a.dtb: Warning (simple_bus_reg): Node /soc/ad-hoc-bus simple-bus unit address format error, expected "1620000"
arch/arm64/boot/dts/qcom/sdm660-mtp_f7a.dtb: Warning (simple_bus_reg): Node /soc/devfreq_spdm_cpu missing or empty reg/ranges property
arch/arm64/boot/dts/qcom/sdm660-mtp_f7a.dtb: Warning (simple_bus_reg): Node /soc/devfreq_spdm_gov missing or empty reg/ranges property
arch/arm64/boot/dts/qcom/sdm660-mtp_f7a.dtb: Warning (simple_bus_reg): Node /soc/regulator@01fcf004 simple-bus unit address format error, expected "1fcf004"
arch/arm64/boot/dts/qcom/sdm660-mtp_f7a.dtb: Warning (simple_bus_reg): Node /soc/ldo@0506e000 simple-bus unit address format error, expected "506e000"
arch/arm64/boot/dts/qcom/sdm660-mtp_f7a.dtb: Warning (simple_bus_reg): Node /soc/cpr4-ctrl@05061000 simple-bus unit address format error, expected "5061000"
arch/arm64/boot/dts/qcom/sdm660-mtp_f7a.dtb: Warning (simple_bus_reg): Node /soc/qcom,kgsl-hyp missing or empty reg/ranges property
arch/arm64/boot/dts/qcom/sdm660-mtp_f7a.dtb: Warning (simple_bus_reg): Node /soc/qcom,kgsl-busmon missing or empty reg/ranges property
arch/arm64/boot/dts/qcom/sdm660-mtp_f7a.dtb: Warning (simple_bus_reg): Node /soc/qcom,gpubw missing or empty reg/ranges property
arch/arm64/boot/dts/qcom/sdm660-mtp_f7a.dtb: Warning (simple_bus_reg): Node /soc/qcom,kgsl-iommu simple-bus unit address format error, expected "5040000"
arch/arm64/boot/dts/qcom/sdm660-mtp_f7a.dtb: Warning (simple_bus_reg): Node /soc/qcom,spm@178120000 simple-bus unit address format error, expected "17812000"
arch/arm64/boot/dts/qcom/sdm660-mtp_f7a.dtb: Warning (simple_bus_reg): Node /soc/qcom,spm@179120000 simple-bus unit address format error, expected "17912000"
arch/arm64/boot/dts/qcom/sdm660-mtp_f7a.dtb: Warning (simple_bus_reg): Node /soc/qcom,lpm-levels missing or empty reg/ranges property
arch/arm64/boot/dts/qcom/sdm660-mtp_f7a.dtb: Warning (simple_bus_reg): Node /soc/memory@0x200000 simple-bus unit address format error, expected "200000"
arch/arm64/boot/dts/qcom/sdm660-mtp_f7a.dtb: Warning (simple_bus_reg): Node /soc/rpm-memory@0x778000 simple-bus unit address format error, expected "778000"
arch/arm64/boot/dts/qcom/sdm660-mtp_f7a.dtb: Warning (simple_bus_reg): Node /soc/qcom,system-stats missing or empty reg/ranges property
arch/arm64/boot/dts/qcom/sdm660-mtp_f7a.dtb: Warning (simple_bus_reg): Node /soc/iommu_test_device missing or empty reg/ranges property
arch/arm64/boot/dts/qcom/sdm660-mtp_f7a.dtb: Warning (simple_bus_reg): Node /soc/usb_audio_qmi_dev missing or empty reg/ranges property
arch/arm64/boot/dts/qcom/sdm660-mtp_f7a.dtb: Warning (simple_bus_reg): Node /soc/usb_nop_phy missing or empty reg/ranges property
arch/arm64/boot/dts/qcom/sdm660-mtp_f7a.dtb: Warning (simple_bus_reg): Node /soc/pinctrl@03000000 simple-bus unit address format error, expected "3000000"
arch/arm64/boot/dts/qcom/sdm660-mtp_f7a.dtb: Warning (simple_bus_reg): Node /soc/qcom,smp2pgpio-rdbg-2-in missing or empty reg/ranges property
arch/arm64/boot/dts/qcom/sdm660-mtp_f7a.dtb: Warning (simple_bus_reg): Node /soc/qcom,smp2pgpio_client_rdbg_2_in missing or empty reg/ranges property
arch/arm64/boot/dts/qcom/sdm660-mtp_f7a.dtb: Warning (simple_bus_reg): Node /soc/qcom,smp2pgpio-rdbg-2-out missing or empty reg/ranges property
arch/arm64/boot/dts/qcom/sdm660-mtp_f7a.dtb: Warning (simple_bus_reg): Node /soc/qcom,smp2pgpio_client_rdbg_2_out missing or empty reg/ranges property
arch/arm64/boot/dts/qcom/sdm660-mtp_f7a.dtb: Warning (simple_bus_reg): Node /soc/qcom,smp2pgpio-rdbg-1-in missing or empty reg/ranges property
arch/arm64/boot/dts/qcom/sdm660-mtp_f7a.dtb: Warning (simple_bus_reg): Node /soc/qcom,smp2pgpio_client_rdbg_1_in missing or empty reg/ranges property
arch/arm64/boot/dts/qcom/sdm660-mtp_f7a.dtb: Warning (simple_bus_reg): Node /soc/qcom,smp2pgpio-rdbg-1-out missing or empty reg/ranges property
arch/arm64/boot/dts/qcom/sdm660-mtp_f7a.dtb: Warning (simple_bus_reg): Node /soc/qcom,smp2pgpio_client_rdbg_1_out missing or empty reg/ranges property
arch/arm64/boot/dts/qcom/sdm660-mtp_f7a.dtb: Warning (simple_bus_reg): Node /soc/qcom,smp2pgpio-rdbg-5-in missing or empty reg/ranges property
arch/arm64/boot/dts/qcom/sdm660-mtp_f7a.dtb: Warning (simple_bus_reg): Node /soc/qcom,smp2pgpio_client_rdbg_5_in missing or empty reg/ranges property
arch/arm64/boot/dts/qcom/sdm660-mtp_f7a.dtb: Warning (simple_bus_reg): Node /soc/qcom,smp2pgpio-rdbg-5-out missing or empty reg/ranges property
arch/arm64/boot/dts/qcom/sdm660-mtp_f7a.dtb: Warning (simple_bus_reg): Node /soc/qcom,smp2pgpio_client_rdbg_5_out missing or empty reg/ranges property
arch/arm64/boot/dts/qcom/sdm660-mtp_f7a.dtb: Warning (simple_bus_reg): Node /soc/qcom,cam_smmu missing or empty reg/ranges property
arch/arm64/boot/dts/qcom/sdm660-mtp_f7a.dtb: Warning (simple_bus_reg): Node /soc/qcom,vfe missing or empty reg/ranges property
arch/arm64/boot/dts/qcom/sdm660-mtp_f7a.dtb: Warning (simple_bus_reg): Node /soc/qcom,msm-pcm missing or empty reg/ranges property
arch/arm64/boot/dts/qcom/sdm660-mtp_f7a.dtb: Warning (simple_bus_reg): Node /soc/qcom,msm-pcm-routing missing or empty reg/ranges property
arch/arm64/boot/dts/qcom/sdm660-mtp_f7a.dtb: Warning (simple_bus_reg): Node /soc/qcom,msm-compr-dsp missing or empty reg/ranges property
arch/arm64/boot/dts/qcom/sdm660-mtp_f7a.dtb: Warning (simple_bus_reg): Node /soc/qcom,msm-ultra-low-latency missing or empty reg/ranges property
arch/arm64/boot/dts/qcom/sdm660-mtp_f7a.dtb: Warning (simple_bus_reg): Node /soc/qcom,msm-pcm-low-latency missing or empty reg/ranges property
arch/arm64/boot/dts/qcom/sdm660-mtp_f7a.dtb: Warning (simple_bus_reg): Node /soc/qcom,msm-pcm-dsp-noirq missing or empty reg/ranges property
arch/arm64/boot/dts/qcom/sdm660-mtp_f7a.dtb: Warning (simple_bus_reg): Node /soc/qcom,msm-cpe-lsm missing or empty reg/ranges property
arch/arm64/boot/dts/qcom/sdm660-mtp_f7a.dtb: Warning (simple_bus_reg): Node /soc/qcom,msm-cpe-lsm@3 missing or empty reg/ranges property
arch/arm64/boot/dts/qcom/sdm660-mtp_f7a.dtb: Warning (simple_bus_reg): Node /soc/qcom,wcd-dsp-mgr missing or empty reg/ranges property
arch/arm64/boot/dts/qcom/sdm660-mtp_f7a.dtb: Warning (simple_bus_reg): Node /soc/qcom,wcd-dsp-glink missing or empty reg/ranges property
arch/arm64/boot/dts/qcom/sdm660-mtp_f7a.dtb: Warning (simple_bus_reg): Node /soc/qcom,msm-compress-dsp missing or empty reg/ranges property
arch/arm64/boot/dts/qcom/sdm660-mtp_f7a.dtb: Warning (simple_bus_reg): Node /soc/qcom,msm-voip-dsp missing or empty reg/ranges property
arch/arm64/boot/dts/qcom/sdm660-mtp_f7a.dtb: Warning (simple_bus_reg): Node /soc/qcom,msm-pcm-voice missing or empty reg/ranges property
arch/arm64/boot/dts/qcom/sdm660-mtp_f7a.dtb: Warning (simple_bus_reg): Node /soc/qcom,msm-stub-codec missing or empty reg/ranges property
arch/arm64/boot/dts/qcom/sdm660-mtp_f7a.dtb: Warning (simple_bus_reg): Node /soc/qcom,msm-dai-fe missing or empty reg/ranges property
arch/arm64/boot/dts/qcom/sdm660-mtp_f7a.dtb: Warning (simple_bus_reg): Node /soc/qcom,msm-pcm-afe missing or empty reg/ranges property
arch/arm64/boot/dts/qcom/sdm660-mtp_f7a.dtb: Warning (simple_bus_reg): Node /soc/qcom,msm-dai-q6-dp missing or empty reg/ranges property
arch/arm64/boot/dts/qcom/sdm660-mtp_f7a.dtb: Warning (simple_bus_reg): Node /soc/qcom,msm-pcm-loopback missing or empty reg/ranges property
arch/arm64/boot/dts/qcom/sdm660-mtp_f7a.dtb: Warning (simple_bus_reg): Node /soc/qcom,msm-dai-mi2s missing or empty reg/ranges property
arch/arm64/boot/dts/qcom/sdm660-mtp_f7a.dtb: Warning (simple_bus_reg): Node /soc/qcom,msm-lsm-client missing or empty reg/ranges property
arch/arm64/boot/dts/qcom/sdm660-mtp_f7a.dtb: Warning (simple_bus_reg): Node /soc/qcom,msm-dai-q6 missing or empty reg/ranges property
arch/arm64/boot/dts/qcom/sdm660-mtp_f7a.dtb: Warning (simple_bus_reg): Node /soc/qcom,msm-pcm-hostless missing or empty reg/ranges property
arch/arm64/boot/dts/qcom/sdm660-mtp_f7a.dtb: Warning (simple_bus_reg): Node /soc/qcom,msm-pri-auxpcm missing or empty reg/ranges property
arch/arm64/boot/dts/qcom/sdm660-mtp_f7a.dtb: Warning (simple_bus_reg): Node /soc/qcom,msm-sec-auxpcm missing or empty reg/ranges property
arch/arm64/boot/dts/qcom/sdm660-mtp_f7a.dtb: Warning (simple_bus_reg): Node /soc/qcom,msm-tert-auxpcm missing or empty reg/ranges property
arch/arm64/boot/dts/qcom/sdm660-mtp_f7a.dtb: Warning (simple_bus_reg): Node /soc/qcom,msm-quat-auxpcm missing or empty reg/ranges property
arch/arm64/boot/dts/qcom/sdm660-mtp_f7a.dtb: Warning (simple_bus_reg): Node /soc/qcom,msm-audio-ion missing or empty reg/ranges property
arch/arm64/boot/dts/qcom/sdm660-mtp_f7a.dtb: Warning (simple_bus_reg): Node /soc/qcom,msm-adsp-loader missing or empty reg/ranges property
arch/arm64/boot/dts/qcom/sdm660-mtp_f7a.dtb: Warning (simple_bus_reg): Node /soc/qcom,msm-dai-tdm-pri-rx missing or empty reg/ranges property
arch/arm64/boot/dts/qcom/sdm660-mtp_f7a.dtb: Warning (simple_bus_reg): Node /soc/qcom,msm-dai-tdm-pri-tx missing or empty reg/ranges property
arch/arm64/boot/dts/qcom/sdm660-mtp_f7a.dtb: Warning (simple_bus_reg): Node /soc/qcom,msm-dai-tdm-sec-rx missing or empty reg/ranges property
arch/arm64/boot/dts/qcom/sdm660-mtp_f7a.dtb: Warning (simple_bus_reg): Node /soc/qcom,msm-dai-tdm-sec-tx missing or empty reg/ranges property
arch/arm64/boot/dts/qcom/sdm660-mtp_f7a.dtb: Warning (simple_bus_reg): Node /soc/qcom,msm-dai-tdm-tert-rx missing or empty reg/ranges property
arch/arm64/boot/dts/qcom/sdm660-mtp_f7a.dtb: Warning (simple_bus_reg): Node /soc/qcom,msm-dai-tdm-tert-tx missing or empty reg/ranges property
arch/arm64/boot/dts/qcom/sdm660-mtp_f7a.dtb: Warning (simple_bus_reg): Node /soc/qcom,msm-dai-tdm-quat-rx missing or empty reg/ranges property
arch/arm64/boot/dts/qcom/sdm660-mtp_f7a.dtb: Warning (simple_bus_reg): Node /soc/qcom,msm-dai-tdm-quat-tx missing or empty reg/ranges property
arch/arm64/boot/dts/qcom/sdm660-mtp_f7a.dtb: Warning (simple_bus_reg): Node /soc/qcom,msm-audio-apr missing or empty reg/ranges property
arch/arm64/boot/dts/qcom/sdm660-mtp_f7a.dtb: Warning (simple_bus_reg): Node /soc/sound-9335 missing or empty reg/ranges property
arch/arm64/boot/dts/qcom/sdm660-mtp_f7a.dtb: Warning (simple_bus_reg): Node /soc/sound-tavil missing or empty reg/ranges property
arch/arm64/boot/dts/qcom/sdm660-mtp_f7a.dtb: Warning (simple_bus_reg): Node /soc/sound missing or empty reg/ranges property
arch/arm64/boot/dts/qcom/sdm660-mtp_f7a.dtb: Warning (simple_bus_reg): Node /soc/msm_cdc_pinctrl@75 missing or empty reg/ranges property
arch/arm64/boot/dts/qcom/sdm660-mtp_f7a.dtb: Warning (simple_bus_reg): Node /soc/wcd9xxx-irq missing or empty reg/ranges property
arch/arm64/boot/dts/qcom/sdm660-mtp_f7a.dtb: Warning (simple_bus_reg): Node /soc/audio_ext_clk missing or empty reg/ranges property
arch/arm64/boot/dts/qcom/sdm660-mtp_f7a.dtb: Warning (simple_bus_reg): Node /soc/audio_ext_clk_lnbb missing or empty reg/ranges property
arch/arm64/boot/dts/qcom/sdm660-mtp_f7a.dtb: Warning (simple_bus_reg): Node /soc/msm_cdc_pinctrl@64 missing or empty reg/ranges property
arch/arm64/boot/dts/qcom/sdm660-mtp_f7a.dtb: Warning (simple_bus_reg): Node /soc/msm_cdc_pinctrl_usbc_audio_en1 missing or empty reg/ranges property
arch/arm64/boot/dts/qcom/sdm660-mtp_f7a.dtb: Warning (simple_bus_reg): Node /soc/msm_cdc_pinctrl_usbc_audio_en2 missing or empty reg/ranges property
arch/arm64/boot/dts/qcom/sdm660-mtp_f7a.dtb: Warning (simple_bus_reg): Node /soc/cdc_pdm_pinctrl missing or empty reg/ranges property
arch/arm64/boot/dts/qcom/sdm660-mtp_f7a.dtb: Warning (simple_bus_reg): Node /soc/cdc_comp_pinctrl missing or empty reg/ranges property
arch/arm64/boot/dts/qcom/sdm660-mtp_f7a.dtb: Warning (simple_bus_reg): Node /soc/cdc_dmic_pinctrl missing or empty reg/ranges property
arch/arm64/boot/dts/qcom/sdm660-mtp_f7a.dtb: Warning (simple_bus_reg): Node /soc/sdw_clk_data_pinctrl missing or empty reg/ranges property
arch/arm64/boot/dts/qcom/sdm660-mtp_f7a.dtb: Warning (simple_bus_reg): Node /soc/wsa_spkr_en1_pinctrl missing or empty reg/ranges property
arch/arm64/boot/dts/qcom/sdm660-mtp_f7a.dtb: Warning (simple_bus_reg): Node /soc/wsa_spkr_en2_pinctrl missing or empty reg/ranges property
arch/arm64/boot/dts/qcom/sdm660-mtp_f7a.dtb: Warning (simple_bus_reg): Node /soc/gpio_keys missing or empty reg/ranges property
arch/arm64/boot/dts/qcom/sdm660-mtp_f7a.dtb: Warning (simple_bus_reg): Node /soc/qcom,mdss_dsi@0 simple-bus unit address format error, expected "c994000"
arch/arm64/boot/dts/qcom/sdm660-mtp_f7a.dtb: Warning (simple_bus_reg): Node /soc/qcom,mdss_wb_panel missing or empty reg/ranges property
arch/arm64/boot/dts/qcom/sdm660-mtp_f7a.dtb: Warning (simple_bus_reg): Node /soc/qcom,msm_ext_disp missing or empty reg/ranges property
arch/arm64/boot/dts/qcom/sdm660-mtp_f7a.dtb: Warning (simple_bus_reg): Node /soc/qcom,mdss_rotator simple-bus unit address format error, expected "c900000"
arch/arm64/boot/dts/qcom/sdm660-mtp_f7a.dtb: Warning (simple_bus_reg): Node /soc/dsi_panel_pwr_supply missing or empty reg/ranges property
arch/arm64/boot/dts/qcom/sdm660-mtp_f7a.dtb: Warning (simple_bus_reg): Node /soc/dsi_panel_pwr_supply_labibb_amoled missing or empty reg/ranges property
arch/arm64/boot/dts/qcom/sdm660-mtp_f7a.dtb: Warning (simple_bus_reg): Node /soc/dsi_panel_pwr_supply_no_labibb missing or empty reg/ranges property
arch/arm64/boot/dts/qcom/sdm660-mtp_f7a.dtb: Warning (simple_bus_reg): Node /soc/qcom,mdss_dp_pll@c011000 simple-bus unit address format error, expected "c011c00"
arch/arm64/boot/dts/qcom/sdm660-mtp_f7a.dtb: Warning (simple_bus_reg): Node /soc/qcom,camera-flash@0 missing or empty reg/ranges property
arch/arm64/boot/dts/qcom/sdm660-mtp_f7a.dtb: Warning (simple_bus_reg): Node /soc/cam_avdd_fixed_regulator missing or empty reg/ranges property
arch/arm64/boot/dts/qcom/sdm660-mtp_f7a.dtb: Warning (simple_bus_reg): Node /soc/cam_rear_avdd_fixed_regulator missing or empty reg/ranges property
arch/arm64/boot/dts/qcom/sdm660-mtp_f7a.dtb: Warning (simple_bus_reg): Node /soc/cam_dvdd_fixed_regulator missing or empty reg/ranges property
arch/arm64/boot/dts/qcom/sdm660-mtp_f7a.dtb: Warning (simple_bus_reg): Node /soc/cam_rear_dvdd_fixed_regulator missing or empty reg/ranges property
arch/arm64/boot/dts/qcom/sdm660-mtp_f7a.dtb: Warning (simple_bus_reg): Node /soc/goodix_fp missing or empty reg/ranges property
arch/arm64/boot/dts/qcom/sdm660-mtp_f7a.dtb: Warning (simple_bus_reg): Node /soc/fpc1020 missing or empty reg/ranges property
arch/arm64/boot/dts/qcom/sdm660-mtp_f7a.dtb: Warning (simple_bus_reg): Node /soc/qcom,msm-ssc-sensors missing or empty reg/ranges property
arch/arm64/boot/dts/qcom/sdm660-mtp_f7a.dtb: Warning (simple_bus_reg): Node /soc/ant_check missing or empty reg/ranges property
  DTC     arch/arm64/boot/dts/qcom/sdm660-mtp-overlay.dtbo
  LD      drivers/net/can/can-dev.o
  CC [M]  drivers/net/can/can-isotp/isotp.o
  LD      drivers/net/ethernet/3com/built-in.o
  LD      drivers/net/ethernet/8390/built-in.o
  LD      drivers/net/ethernet/adaptec/built-in.o
  LD      drivers/net/ethernet/agere/built-in.o
  CC      drivers/net/can/cc770/cc770.o
  LD      drivers/net/ethernet/alteon/built-in.o
  LD      drivers/net/ethernet/amd/built-in.o
  LD      drivers/net/ethernet/arc/built-in.o
  LD      drivers/net/ethernet/atheros/built-in.o
  LD      drivers/net/ethernet/broadcom/built-in.o
  LD      drivers/net/ethernet/brocade/built-in.o
  LD      drivers/net/ethernet/cadence/built-in.o
  LD      drivers/net/ethernet/cavium/liquidio/built-in.o
  LD      drivers/net/ethernet/cavium/thunder/built-in.o
  LD      drivers/net/ethernet/cavium/built-in.o
  LD      drivers/net/ethernet/chelsio/built-in.o
  LD      drivers/net/ethernet/cisco/built-in.o
  LD      drivers/net/ethernet/dec/built-in.o
  LD      drivers/net/ethernet/dlink/built-in.o
  LD      drivers/net/ethernet/emulex/built-in.o
  LD      drivers/net/ethernet/ezchip/built-in.o
  LD      drivers/net/ethernet/hisilicon/built-in.o
  LD      drivers/net/ethernet/hp/built-in.o
  LD      drivers/net/ethernet/i825xx/built-in.o
  LD      drivers/net/ethernet/intel/built-in.o
  CC      drivers/net/ethernet/marvell/sky2.o
/home/cross/kernel/android_kernel_xiaomi_lavender/drivers/net/can/can-isotp/isotp.c:905:21: warning: incompatible pointer types passing 'wait_queue_head_t *' (aka 'struct __wait_queue_head *') to parameter of type 'struct socket_wq *' [-Wincompatible-pointer-types]
            wq_has_sleeper(&so->wait)) {
                           ^~~~~~~~~
/home/cross/kernel/android_kernel_xiaomi_lavender/include/net/sock.h:1971:53: note: passing argument to parameter 'wq' here
static inline bool wq_has_sleeper(struct socket_wq *wq)
                                                    ^
/home/cross/kernel/android_kernel_xiaomi_lavender/drivers/net/can/can-isotp/isotp.c:1599:12: warning: unused function 'isotp_sock_no_ioctlcmd' [-Wunused-function]
static int isotp_sock_no_ioctlcmd(struct socket *sock, unsigned int cmd,
           ^
2 warnings generated.
  LD [M]  drivers/net/can/can-isotp/can-isotp.o
  LD      drivers/net/ethernet/mellanox/built-in.o
  CC      drivers/net/phy/phy.o
  LD      drivers/net/can/cc770/built-in.o
  CC      drivers/net/can/m_can/m_can.o
  LD      drivers/net/can/m_can/built-in.o
  CC      drivers/net/can/sja1000/sja1000.o
  CC      drivers/net/phy/phy_device.o
  CC      drivers/nfc/pn533.o
  LD      drivers/net/ethernet/marvell/built-in.o
  LD      drivers/net/ethernet/micrel/built-in.o
  LD      drivers/net/ethernet/microchip/built-in.o
  CC      drivers/net/ethernet/msm/rndis_ipa.o
  LD      drivers/net/can/sja1000/built-in.o
  CC      drivers/net/can/softing/softing_main.o
  LD      drivers/nfc/built-in.o
  CC      drivers/net/can/softing/softing_fw.o
  CC      drivers/net/phy/mdio_bus.o
  LD      drivers/net/ethernet/msm/built-in.o
  LD      drivers/net/ethernet/myricom/built-in.o
  LD      drivers/net/ethernet/natsemi/built-in.o
  LD      drivers/net/ethernet/neterion/built-in.o
  LD      drivers/net/ethernet/nvidia/built-in.o
  LD      drivers/net/ethernet/oki-semi/built-in.o
  LD      drivers/net/ethernet/packetengines/built-in.o
  LD      drivers/net/ethernet/qlogic/built-in.o
  LD      drivers/net/ethernet/qualcomm/built-in.o
  LD      drivers/net/ethernet/rdc/built-in.o
  LD      drivers/net/ethernet/realtek/built-in.o
  LD      drivers/net/ethernet/renesas/built-in.o
  LD      drivers/net/ethernet/rocker/built-in.o
  LD      drivers/net/ethernet/samsung/built-in.o
  LD      drivers/net/ethernet/seeq/built-in.o
  LD      drivers/net/ethernet/silan/built-in.o
  LD      drivers/net/ethernet/sis/built-in.o
  LD      drivers/net/ethernet/smsc/built-in.o
  LD      drivers/net/ethernet/stmicro/built-in.o
  LD      drivers/net/ethernet/sun/built-in.o
  LD      drivers/net/ethernet/synopsys/built-in.o
  LD      drivers/net/ethernet/tehuti/built-in.o
  LD      drivers/net/ethernet/ti/built-in.o
  LD      drivers/net/ethernet/via/built-in.o
  LD      drivers/net/ethernet/wiznet/built-in.o
  LD      drivers/net/ethernet/built-in.o
  CC      drivers/net/can/spi/mcp251x.o
  LD      drivers/nvme/host/built-in.o
  LD      drivers/nvme/built-in.o
  CC      drivers/of/base.o
  LD      drivers/net/can/softing/softing.o
  LD      drivers/net/can/softing/built-in.o
  CC      drivers/net/can/usb/ems_usb.o
  LD      drivers/net/phy/libphy.o
  LD      drivers/net/phy/built-in.o
  CC      drivers/pci/access.o
  CC      drivers/net/can/usb/esd_usb2.o
  CC      drivers/net/can/spi/rh850.o
  CC      drivers/of/device.o
  CC      drivers/pci/bus.o
  CC      drivers/net/can/usb/gs_usb.o
  CC      drivers/net/can/spi/k61.o
  CC      drivers/of/platform.o
  CC      drivers/pci/probe.o
  CC      drivers/net/can/usb/kvaser_usb.o
  LD      drivers/net/can/spi/built-in.o
  CC      drivers/net/can/usb/peak_usb/pcan_usb_core.o
  CC      drivers/of/fdt.o
  CC      drivers/pci/host-bridge.o
  CC      drivers/net/can/usb/peak_usb/pcan_usb.o
  CC      drivers/net/can/usb/peak_usb/pcan_usb_pro.o
  CC      drivers/of/fdt_address.o
  CC      drivers/of/address.o
/home/cross/kernel/android_kernel_xiaomi_lavender/drivers/net/can/usb/peak_usb/pcan_usb_pro.c:136:15: warning: passing an object that undergoes default argument promotion to 'va_start' has undefined behavior [-Wvarargs]
        va_start(ap, id);
                     ^
/home/cross/kernel/android_kernel_xiaomi_lavender/drivers/net/can/usb/peak_usb/pcan_usb_pro.c:130:61: note: parameter of type 'u8' (aka 'unsigned char') is declared here
static int pcan_msg_add_rec(struct pcan_usb_pro_msg *pm, u8 id, ...)
                                                            ^
  CC      drivers/pci/remove.o
  CC      drivers/net/can/usb/usb_8dev.o
1 warning generated.
  CC      drivers/net/can/usb/peak_usb/pcan_usb_fd.o
  CC      drivers/of/irq.o
  CC      drivers/pci/pci.o
  CC      drivers/net/ppp/ppp_generic.o
  LD      drivers/net/can/usb/peak_usb/peak_usb.o
  LD      drivers/net/can/usb/peak_usb/built-in.o
  LD      drivers/net/can/usb/built-in.o
  LD      drivers/net/can/usb-can-2-module/built-in.o
  CC [M]  drivers/net/can/usb-can-2-module/hlcan.o
  CC      drivers/of/of_net.o
  CC      drivers/net/can/grcan.o
  CC      drivers/of/of_mdio.o
  CC      drivers/pci/pci-driver.o
  CC      drivers/net/ppp/ppp_async.o
  CC      drivers/net/can/xilinx_can.o
  CC      drivers/of/of_pci.o
  CC      drivers/pci/search.o
  CC      drivers/net/ppp/bsd_comp.o
  CC [M]  drivers/net/can/slcan.o
  CC      drivers/net/ppp/ppp_deflate.o
  CC      drivers/of/of_pci_irq.o
  CC      drivers/pci/pci-sysfs.o
  CC      drivers/net/ppp/ppp_mppe.o
  LD      drivers/net/can/built-in.o
  CC      drivers/net/slip/slhc.o
  CC      drivers/pci/rom.o
  CC      drivers/net/ppp/ppp_synctty.o
  CC      drivers/of/of_reserved_mem.o
  CC      drivers/net/ppp/pppox.o
  CC      drivers/pci/setup-res.o
  CC      drivers/of/of_slimbus.o
  LD      drivers/net/slip/built-in.o
  CC      drivers/perf/arm_pmu.o
  CC      drivers/of/of_batterydata.o
  CC      drivers/pci/irq.o
  LD      drivers/of/built-in.o
  CC      drivers/pci/vpd.o
  CC      drivers/net/ppp/pppoe.o
  CC      drivers/perf/perf_event_armv8.o
  CC      drivers/net/usb/pegasus.o
  CC      drivers/pci/setup-bus.o
  LD      drivers/perf/built-in.o
  CC      drivers/net/ppp/pppolac.o
  CC      drivers/net/usb/rtl8150.o
  CC      drivers/net/ppp/pppopns.o
  CC      drivers/net/wireless/ath/ath6kl/debug.o
  CC      drivers/net/usb/r8152.o
  CC      drivers/pci/vc.o
  LD      drivers/net/ppp/built-in.o
  CC      drivers/phy/phy-core.o
  CC      drivers/pci/proc.o
  CC      drivers/net/wireless/ath/ath6kl/hif.o
  CC      drivers/pci/slot.o
  LD      drivers/phy/built-in.o
  CC      drivers/net/wireless/ath/ath6kl/htc_mbox.o
  CC      drivers/pinctrl/core.o
  CC      drivers/pci/quirks.o
  CC      drivers/net/wireless/ath/ath6kl/htc_pipe.o
  CC      drivers/net/usb/asix_devices.o
  CC      drivers/pinctrl/pinctrl-utils.o
  CC      drivers/pci/msi.o
  CC      drivers/net/wireless/ath/ath6kl/bmi.o
  CC      drivers/pinctrl/pinmux.o
  CC      drivers/net/usb/asix_common.o
  CC      drivers/pinctrl/pinconf.o
  CC      drivers/net/wireless/ath/ath6kl/cfg80211.o
  CC      drivers/net/usb/ax88172a.o
  CC      drivers/pinctrl/devicetree.o
  CC      drivers/pci/setup-irq.o
  CC      drivers/pinctrl/pinconf-generic.o
  CC      drivers/net/usb/ax88179_178a.o
  CC      drivers/pci/syscall.o
  LD      drivers/pinctrl/freescale/built-in.o
  LD      drivers/pinctrl/nomadik/built-in.o
  CC      drivers/pinctrl/qcom/pinctrl-msm.o
  CC      drivers/pci/of.o
  CC      drivers/net/usb/cdc_ether.o
  CC      drivers/net/wireless/ath/ath6kl/init.o
  CC      drivers/pci/host/pci-msm.o
  CC      drivers/pinctrl/qcom/pinctrl-sdm660.o
  CC      drivers/pinctrl/qcom/pinctrl-wcd.o
  CC      drivers/net/usb/net1080.o
  CC      drivers/pinctrl/qcom/pinctrl-lpi.o
  CC      drivers/net/wireless/ath/ath6kl/main.o
  CC      drivers/net/usb/rndis_host.o
  LD      drivers/pinctrl/qcom/built-in.o
  LD      drivers/pinctrl/built-in.o
  CC      drivers/net/usb/cdc_subset.o
/home/cross/kernel/android_kernel_xiaomi_lavender/drivers/net/wireless/ath/ath6kl/main.c:639:20: warning: equality comparison with extraneous parentheses [-Wparentheses-equality]
        if ((vif->nw_type == INFRA_NETWORK)) {
             ~~~~~~~~~~~~~^~~~~~~~~~~~~~~~
/home/cross/kernel/android_kernel_xiaomi_lavender/drivers/net/wireless/ath/ath6kl/main.c:639:20: note: remove extraneous parentheses around the comparison to silence this warning
        if ((vif->nw_type == INFRA_NETWORK)) {
            ~             ^               ~
/home/cross/kernel/android_kernel_xiaomi_lavender/drivers/net/wireless/ath/ath6kl/main.c:639:20: note: use '=' to turn this equality comparison into an assignment
        if ((vif->nw_type == INFRA_NETWORK)) {
                          ^~
                          =
1 warning generated.
  CC      drivers/net/wireless/ath/ath6kl/txrx.o
  CC      drivers/platform/msm/qpnp-revid.o
  CC      drivers/net/usb/zaurus.o
  CC      drivers/platform/msm/qpnp-coincell.o
  LD      drivers/pci/host/built-in.o
  LD      drivers/pci/built-in.o
  CC      drivers/net/dummy.o
  CC      drivers/net/usb/usbnet.o
  CC      drivers/net/wireless/ath/ath6kl/wmi.o
  CC      drivers/platform/msm/gsi/gsi.o
  CC      drivers/platform/msm/ipa/ipa_clients/ipa_usb.o
  CC      drivers/net/usb/cdc_ncm.o
  CC      drivers/net/wireless/ath/ath6kl/core.o
  LD      drivers/platform/msm/gsi/built-in.o
  CC      drivers/net/wireless/cnss_genl/cnss_nl.o
  CC      drivers/platform/msm/ipa/ipa_clients/odu_bridge.o
  LD      drivers/net/wireless/cnss_genl/built-in.o
  CC      drivers/net/wireless/ath/ath6kl/recovery.o
  CC      drivers/net/wireless/ath/ath9k/ar9002_hw.o
  LD      drivers/net/usb/asix.o
  LD      drivers/net/usb/built-in.o
  CC      drivers/power/power_supply_core.o
  CC      drivers/net/wireless/ath/ath6kl/testmode.o
  CC      drivers/net/wireless/ath/ath9k/ar9003_hw.o
  CC      drivers/platform/msm/ipa/ipa_clients/ipa_mhi_client.o
  CC      drivers/power/power_supply_sysfs.o
  CC      drivers/net/wireless/ath/ath6kl/usb.o
  CC      drivers/power/power_supply_leds.o
  CC      drivers/net/wireless/ath/ath9k/hw.o
  CC      drivers/platform/msm/ipa/ipa_clients/ipa_uc_offload.o
  CC      drivers/power/qcom/lpm-stats.o
  LD      drivers/net/wireless/ath/ath6kl/ath6kl_core.o
  LD      drivers/net/wireless/ath/ath6kl/ath6kl_usb.o
  LD      drivers/net/wireless/ath/ath6kl/built-in.o
  CC      drivers/net/wireless/ath/ath9k/ar9003_phy.o
  CC      drivers/power/qcom/msm-core.o
  LD      drivers/platform/msm/ipa/ipa_clients/built-in.o
  CC      drivers/platform/msm/ipa/ipa_v2/ipa.o
  CC      drivers/platform/msm/sps/bam.o
  CC      drivers/net/wireless/ath/ath9k/ar9002_phy.o
  CC      drivers/power/qcom/apm.o
  CC      drivers/net/wireless/ath/ath9k/ar5008_phy.o
  LD      drivers/power/qcom/built-in.o
  CC      drivers/power/reset/msm-poweroff.o
  CC      drivers/platform/msm/ipa/ipa_v2/ipa_debugfs.o
  CC      drivers/net/wireless/ath/ath9k/ar9002_calib.o
  CC      drivers/platform/msm/sps/sps_bam.o
  LD      drivers/power/reset/built-in.o
  CC      drivers/power/supply/qcom/qpnp-fg-gen3.o
  CC      drivers/net/wireless/ath/ath9k/ar9003_calib.o
  CC      drivers/platform/msm/ipa/ipa_v2/ipa_hdr.o
  CC      drivers/platform/msm/sps/sps.o
  CC      drivers/net/wireless/ath/ath9k/calib.o
  CC      drivers/power/supply/qcom/fg-memif.o
  CC      drivers/platform/msm/ipa/ipa_v2/ipa_flt.o
  CC      drivers/power/supply/qcom/fg-util.o
  CC      drivers/net/wireless/ath/ath9k/eeprom.o
  CC      drivers/platform/msm/sps/sps_dma.o
  CC      drivers/platform/msm/sps/sps_map.o
  CC      drivers/power/supply/qcom/msm_bcl.o
  CC      drivers/platform/msm/ipa/ipa_v2/ipa_rt.o
  CC      drivers/platform/msm/sps/sps_mem.o
  CC      drivers/power/supply/qcom/bcl_peripheral.o
  CC      drivers/net/wireless/ath/ath9k/eeprom_def.o
  CC      drivers/platform/msm/sps/sps_rm.o
  LD      drivers/platform/msm/sps/built-in.o
  CC      drivers/platform/msm/gpio-usbdetect.o
  CC      drivers/power/supply/qcom/step-chg-jeita.o
  CC      drivers/platform/msm/ipa/ipa_v2/ipa_dp.o
  CC      drivers/net/wireless/ath/ath9k/eeprom_4k.o
  CC      drivers/net/wireless/ath/ath9k/eeprom_9287.o
  CC      drivers/power/supply/qcom/battery.o
  CC      drivers/power/supply/qcom/qpnp-smb2.o
  CC      drivers/net/mii.o
  CC      drivers/net/wireless/ath/ath9k/ani.o
  CC      drivers/platform/msm/ipa/ipa_v2/ipa_client.o
  CC      drivers/power/supply/qcom/smb-lib.o
  CC      drivers/pwm/core.o
  CC      drivers/net/wireless/ath/ath9k/mac.o
  CC      drivers/platform/msm/ipa/ipa_v2/ipa_utils.o
  CC      drivers/pwm/sysfs.o
  CC      drivers/pwm/pwm-qpnp.o
  CC      drivers/power/supply/qcom/pmic-voter.o
  CC      drivers/net/wireless/ath/ath9k/ar9002_mac.o
  CC      drivers/power/supply/qcom/storm-watch.o
  CC      drivers/power/supply/qcom/smb138x-charger.o
  LD      drivers/pwm/built-in.o
  CC      drivers/net/wireless/ath/carl9170/main.o
  LD      drivers/power/supply/qcom/built-in.o
  LD      drivers/power/supply/built-in.o
  CC      drivers/net/wireless/ath/ath9k/ar9003_mac.o
  LD      drivers/power/power_supply.o
  LD      drivers/power/built-in.o
  CC      drivers/platform/msm/ipa/ipa_v3/ipahal/ipahal.o
  CC      drivers/platform/msm/ipa/ipa_v2/ipa_nat.o
  CC      drivers/net/wireless/ath/carl9170/usb.o
  CC      drivers/platform/msm/ipa/ipa_v3/ipahal/ipahal_reg.o
  CC      drivers/net/wireless/ath/ath9k/ar9003_eeprom.o
  CC      drivers/platform/msm/ipa/ipa_v2/ipa_intf.o
  CC      drivers/platform/msm/ipa/ipa_v3/ipahal/ipahal_fltrt.o
/home/cross/kernel/android_kernel_xiaomi_lavender/drivers/net/wireless/ath/ath9k/ar9003_eeprom.c:146:3: warning: implicit conversion from 'int' to 'u8' (aka 'unsigned char') changes value from -477 to 35 [-Wconstant-conversion]
                FREQ2FBIN(2412, 1),
                ^~~~~~~~~~~~~~~~~~
/home/cross/kernel/android_kernel_xiaomi_lavender/drivers/net/wireless/ath/ath9k/eeprom.h:98:62: note: expanded from macro 'FREQ2FBIN'
#define FREQ2FBIN(x, y)         ((y) ? ((x) - 2300) : (((x) - 4800) / 5))
                                                       ~~~~~~~~~~~~~^~~
/home/cross/kernel/android_kernel_xiaomi_lavender/drivers/net/wireless/ath/ath9k/ar9003_eeprom.c:147:3: warning: implicit conversion from 'int' to 'u8' (aka 'unsigned char') changes value from -472 to 40 [-Wconstant-conversion]
                FREQ2FBIN(2437, 1),
                ^~~~~~~~~~~~~~~~~~
/home/cross/kernel/android_kernel_xiaomi_lavender/drivers/net/wireless/ath/ath9k/eeprom.h:98:62: note: expanded from macro 'FREQ2FBIN'
#define FREQ2FBIN(x, y)         ((y) ? ((x) - 2300) : (((x) - 4800) / 5))
                                                       ~~~~~~~~~~~~~^~~
/home/cross/kernel/android_kernel_xiaomi_lavender/drivers/net/wireless/ath/ath9k/ar9003_eeprom.c:148:3: warning: implicit conversion from 'int' to 'u8' (aka 'unsigned char') changes value from -465 to 47 [-Wconstant-conversion]
                FREQ2FBIN(2472, 1),
                ^~~~~~~~~~~~~~~~~~
/home/cross/kernel/android_kernel_xiaomi_lavender/drivers/net/wireless/ath/ath9k/eeprom.h:98:62: note: expanded from macro 'FREQ2FBIN'
#define FREQ2FBIN(x, y)         ((y) ? ((x) - 2300) : (((x) - 4800) / 5))
                                                       ~~~~~~~~~~~~~^~~
/home/cross/kernel/android_kernel_xiaomi_lavender/drivers/net/wireless/ath/ath9k/ar9003_eeprom.c:157:3: warning: implicit conversion from 'int' to 'u8' (aka 'unsigned char') changes value from -477 to 35 [-Wconstant-conversion]
                FREQ2FBIN(2412, 1),
                ^~~~~~~~~~~~~~~~~~
/home/cross/kernel/android_kernel_xiaomi_lavender/drivers/net/wireless/ath/ath9k/eeprom.h:98:62: note: expanded from macro 'FREQ2FBIN'
#define FREQ2FBIN(x, y)         ((y) ? ((x) - 2300) : (((x) - 4800) / 5))
                                                       ~~~~~~~~~~~~~^~~
/home/cross/kernel/android_kernel_xiaomi_lavender/drivers/net/wireless/ath/ath9k/ar9003_eeprom.c:158:3: warning: implicit conversion from 'int' to 'u8' (aka 'unsigned char') changes value from -463 to 49 [-Wconstant-conversion]
                FREQ2FBIN(2484, 1),
                ^~~~~~~~~~~~~~~~~~
/home/cross/kernel/android_kernel_xiaomi_lavender/drivers/net/wireless/ath/ath9k/eeprom.h:98:62: note: expanded from macro 'FREQ2FBIN'
#define FREQ2FBIN(x, y)         ((y) ? ((x) - 2300) : (((x) - 4800) / 5))
                                                       ~~~~~~~~~~~~~^~~
/home/cross/kernel/android_kernel_xiaomi_lavender/drivers/net/wireless/ath/ath9k/ar9003_eeprom.c:161:3: warning: implicit conversion from 'int' to 'u8' (aka 'unsigned char') changes value from -477 to 35 [-Wconstant-conversion]
                FREQ2FBIN(2412, 1),
                ^~~~~~~~~~~~~~~~~~
/home/cross/kernel/android_kernel_xiaomi_lavender/drivers/net/wireless/ath/ath9k/eeprom.h:98:62: note: expanded from macro 'FREQ2FBIN'
#define FREQ2FBIN(x, y)         ((y) ? ((x) - 2300) : (((x) - 4800) / 5))
                                                       ~~~~~~~~~~~~~^~~
/home/cross/kernel/android_kernel_xiaomi_lavender/drivers/net/wireless/ath/ath9k/ar9003_eeprom.c:162:3: warning: implicit conversion from 'int' to 'u8' (aka 'unsigned char') changes value from -472 to 40 [-Wconstant-conversion]
                FREQ2FBIN(2437, 1),
                ^~~~~~~~~~~~~~~~~~
/home/cross/kernel/android_kernel_xiaomi_lavender/drivers/net/wireless/ath/ath9k/eeprom.h:98:62: note: expanded from macro 'FREQ2FBIN'
#define FREQ2FBIN(x, y)         ((y) ? ((x) - 2300) : (((x) - 4800) / 5))
                                                       ~~~~~~~~~~~~~^~~
/home/cross/kernel/android_kernel_xiaomi_lavender/drivers/net/wireless/ath/ath9k/ar9003_eeprom.c:163:3: warning: implicit conversion from 'int' to 'u8' (aka 'unsigned char') changes value from -465 to 47 [-Wconstant-conversion]
                FREQ2FBIN(2472, 1)
                ^~~~~~~~~~~~~~~~~~
/home/cross/kernel/android_kernel_xiaomi_lavender/drivers/net/wireless/ath/ath9k/eeprom.h:98:62: note: expanded from macro 'FREQ2FBIN'
#define FREQ2FBIN(x, y)         ((y) ? ((x) - 2300) : (((x) - 4800) / 5))
                                                       ~~~~~~~~~~~~~^~~
/home/cross/kernel/android_kernel_xiaomi_lavender/drivers/net/wireless/ath/ath9k/ar9003_eeprom.c:166:3: warning: implicit conversion from 'int' to 'u8' (aka 'unsigned char') changes value from -477 to 35 [-Wconstant-conversion]
                FREQ2FBIN(2412, 1),
                ^~~~~~~~~~~~~~~~~~
/home/cross/kernel/android_kernel_xiaomi_lavender/drivers/net/wireless/ath/ath9k/eeprom.h:98:62: note: expanded from macro 'FREQ2FBIN'
#define FREQ2FBIN(x, y)         ((y) ? ((x) - 2300) : (((x) - 4800) / 5))
                                                       ~~~~~~~~~~~~~^~~
/home/cross/kernel/android_kernel_xiaomi_lavender/drivers/net/wireless/ath/ath9k/ar9003_eeprom.c:167:3: warning: implicit conversion from 'int' to 'u8' (aka 'unsigned char') changes value from -472 to 40 [-Wconstant-conversion]
                FREQ2FBIN(2437, 1),
                ^~~~~~~~~~~~~~~~~~
/home/cross/kernel/android_kernel_xiaomi_lavender/drivers/net/wireless/ath/ath9k/eeprom.h:98:62: note: expanded from macro 'FREQ2FBIN'
#define FREQ2FBIN(x, y)         ((y) ? ((x) - 2300) : (((x) - 4800) / 5))
                                                       ~~~~~~~~~~~~~^~~
/home/cross/kernel/android_kernel_xiaomi_lavender/drivers/net/wireless/ath/ath9k/ar9003_eeprom.c:168:3: warning: implicit conversion from 'int' to 'u8' (aka 'unsigned char') changes value from -465 to 47 [-Wconstant-conversion]
                FREQ2FBIN(2472, 1)
                ^~~~~~~~~~~~~~~~~~
/home/cross/kernel/android_kernel_xiaomi_lavender/drivers/net/wireless/ath/ath9k/eeprom.h:98:62: note: expanded from macro 'FREQ2FBIN'
#define FREQ2FBIN(x, y)         ((y) ? ((x) - 2300) : (((x) - 4800) / 5))
                                                       ~~~~~~~~~~~~~^~~
/home/cross/kernel/android_kernel_xiaomi_lavender/drivers/net/wireless/ath/ath9k/ar9003_eeprom.c:171:3: warning: implicit conversion from 'int' to 'u8' (aka 'unsigned char') changes value from -477 to 35 [-Wconstant-conversion]
                FREQ2FBIN(2412, 1),
                ^~~~~~~~~~~~~~~~~~
/home/cross/kernel/android_kernel_xiaomi_lavender/drivers/net/wireless/ath/ath9k/eeprom.h:98:62: note: expanded from macro 'FREQ2FBIN'
#define FREQ2FBIN(x, y)         ((y) ? ((x) - 2300) : (((x) - 4800) / 5))
                                                       ~~~~~~~~~~~~~^~~
/home/cross/kernel/android_kernel_xiaomi_lavender/drivers/net/wireless/ath/ath9k/ar9003_eeprom.c:172:3: warning: implicit conversion from 'int' to 'u8' (aka 'unsigned char') changes value from -472 to 40 [-Wconstant-conversion]
                FREQ2FBIN(2437, 1),
                ^~~~~~~~~~~~~~~~~~
/home/cross/kernel/android_kernel_xiaomi_lavender/drivers/net/wireless/ath/ath9k/eeprom.h:98:62: note: expanded from macro 'FREQ2FBIN'
#define FREQ2FBIN(x, y)         ((y) ? ((x) - 2300) : (((x) - 4800) / 5))
                                                       ~~~~~~~~~~~~~^~~
/home/cross/kernel/android_kernel_xiaomi_lavender/drivers/net/wireless/ath/ath9k/ar9003_eeprom.c:173:3: warning: implicit conversion from 'int' to 'u8' (aka 'unsigned char') changes value from -465 to 47 [-Wconstant-conversion]
                FREQ2FBIN(2472, 1)
                ^~~~~~~~~~~~~~~~~~
/home/cross/kernel/android_kernel_xiaomi_lavender/drivers/net/wireless/ath/ath9k/eeprom.h:98:62: note: expanded from macro 'FREQ2FBIN'
#define FREQ2FBIN(x, y)         ((y) ? ((x) - 2300) : (((x) - 4800) / 5))
                                                       ~~~~~~~~~~~~~^~~
/home/cross/kernel/android_kernel_xiaomi_lavender/drivers/net/wireless/ath/ath9k/ar9003_eeprom.c:202:4: warning: implicit conversion from 'int' to 'u8' (aka 'unsigned char') changes value from -477 to 35 [-Wconstant-conversion]
                        FREQ2FBIN(2412, 1),
                        ^~~~~~~~~~~~~~~~~~
/home/cross/kernel/android_kernel_xiaomi_lavender/drivers/net/wireless/ath/ath9k/eeprom.h:98:62: note: expanded from macro 'FREQ2FBIN'
#define FREQ2FBIN(x, y)         ((y) ? ((x) - 2300) : (((x) - 4800) / 5))
                                                       ~~~~~~~~~~~~~^~~
/home/cross/kernel/android_kernel_xiaomi_lavender/drivers/net/wireless/ath/ath9k/ar9003_eeprom.c:203:4: warning: implicit conversion from 'int' to 'u8' (aka 'unsigned char') changes value from -476 to 36 [-Wconstant-conversion]
                        FREQ2FBIN(2417, 1),
                        ^~~~~~~~~~~~~~~~~~
/home/cross/kernel/android_kernel_xiaomi_lavender/drivers/net/wireless/ath/ath9k/eeprom.h:98:62: note: expanded from macro 'FREQ2FBIN'
#define FREQ2FBIN(x, y)         ((y) ? ((x) - 2300) : (((x) - 4800) / 5))
                                                       ~~~~~~~~~~~~~^~~
/home/cross/kernel/android_kernel_xiaomi_lavender/drivers/net/wireless/ath/ath9k/ar9003_eeprom.c:204:4: warning: implicit conversion from 'int' to 'u8' (aka 'unsigned char') changes value from -468 to 44 [-Wconstant-conversion]
                        FREQ2FBIN(2457, 1),
                        ^~~~~~~~~~~~~~~~~~
/home/cross/kernel/android_kernel_xiaomi_lavender/drivers/net/wireless/ath/ath9k/eeprom.h:98:62: note: expanded from macro 'FREQ2FBIN'
#define FREQ2FBIN(x, y)         ((y) ? ((x) - 2300) : (((x) - 4800) / 5))
                                                       ~~~~~~~~~~~~~^~~
/home/cross/kernel/android_kernel_xiaomi_lavender/drivers/net/wireless/ath/ath9k/ar9003_eeprom.c:205:4: warning: implicit conversion from 'int' to 'u8' (aka 'unsigned char') changes value from -467 to 45 [-Wconstant-conversion]
                        FREQ2FBIN(2462, 1)
                        ^~~~~~~~~~~~~~~~~~
/home/cross/kernel/android_kernel_xiaomi_lavender/drivers/net/wireless/ath/ath9k/eeprom.h:98:62: note: expanded from macro 'FREQ2FBIN'
#define FREQ2FBIN(x, y)         ((y) ? ((x) - 2300) : (((x) - 4800) / 5))
                                                       ~~~~~~~~~~~~~^~~
/home/cross/kernel/android_kernel_xiaomi_lavender/drivers/net/wireless/ath/ath9k/ar9003_eeprom.c:208:4: warning: implicit conversion from 'int' to 'u8' (aka 'unsigned char') changes value from -477 to 35 [-Wconstant-conversion]
                        FREQ2FBIN(2412, 1),
                        ^~~~~~~~~~~~~~~~~~
/home/cross/kernel/android_kernel_xiaomi_lavender/drivers/net/wireless/ath/ath9k/eeprom.h:98:62: note: expanded from macro 'FREQ2FBIN'
#define FREQ2FBIN(x, y)         ((y) ? ((x) - 2300) : (((x) - 4800) / 5))
                                                       ~~~~~~~~~~~~~^~~
/home/cross/kernel/android_kernel_xiaomi_lavender/drivers/net/wireless/ath/ath9k/ar9003_eeprom.c:209:4: warning: implicit conversion from 'int' to 'u8' (aka 'unsigned char') changes value from -476 to 36 [-Wconstant-conversion]
                        FREQ2FBIN(2417, 1),
                        ^~~~~~~~~~~~~~~~~~
/home/cross/kernel/android_kernel_xiaomi_lavender/drivers/net/wireless/ath/ath9k/eeprom.h:98:62: note: expanded from macro 'FREQ2FBIN'
#define FREQ2FBIN(x, y)         ((y) ? ((x) - 2300) : (((x) - 4800) / 5))
                                                       ~~~~~~~~~~~~~^~~
/home/cross/kernel/android_kernel_xiaomi_lavender/drivers/net/wireless/ath/ath9k/ar9003_eeprom.c:210:4: warning: implicit conversion from 'int' to 'u8' (aka 'unsigned char') changes value from -467 to 45 [-Wconstant-conversion]
                        FREQ2FBIN(2462, 1),
                        ^~~~~~~~~~~~~~~~~~
/home/cross/kernel/android_kernel_xiaomi_lavender/drivers/net/wireless/ath/ath9k/eeprom.h:98:62: note: expanded from macro 'FREQ2FBIN'
#define FREQ2FBIN(x, y)         ((y) ? ((x) - 2300) : (((x) - 4800) / 5))
                                                       ~~~~~~~~~~~~~^~~
/home/cross/kernel/android_kernel_xiaomi_lavender/drivers/net/wireless/ath/ath9k/ar9003_eeprom.c:215:4: warning: implicit conversion from 'int' to 'u8' (aka 'unsigned char') changes value from -477 to 35 [-Wconstant-conversion]
                        FREQ2FBIN(2412, 1),
                        ^~~~~~~~~~~~~~~~~~
/home/cross/kernel/android_kernel_xiaomi_lavender/drivers/net/wireless/ath/ath9k/eeprom.h:98:62: note: expanded from macro 'FREQ2FBIN'
#define FREQ2FBIN(x, y)         ((y) ? ((x) - 2300) : (((x) - 4800) / 5))
                                                       ~~~~~~~~~~~~~^~~
/home/cross/kernel/android_kernel_xiaomi_lavender/drivers/net/wireless/ath/ath9k/ar9003_eeprom.c:216:4: warning: implicit conversion from 'int' to 'u8' (aka 'unsigned char') changes value from -476 to 36 [-Wconstant-conversion]
                        FREQ2FBIN(2417, 1),
                        ^~~~~~~~~~~~~~~~~~
/home/cross/kernel/android_kernel_xiaomi_lavender/drivers/net/wireless/ath/ath9k/eeprom.h:98:62: note: expanded from macro 'FREQ2FBIN'
#define FREQ2FBIN(x, y)         ((y) ? ((x) - 2300) : (((x) - 4800) / 5))
                                                       ~~~~~~~~~~~~~^~~
/home/cross/kernel/android_kernel_xiaomi_lavender/drivers/net/wireless/ath/ath9k/ar9003_eeprom.c:217:4: warning: implicit conversion from 'int' to 'u8' (aka 'unsigned char') changes value from -467 to 45 [-Wconstant-conversion]
                        FREQ2FBIN(2462, 1),
                        ^~~~~~~~~~~~~~~~~~
/home/cross/kernel/android_kernel_xiaomi_lavender/drivers/net/wireless/ath/ath9k/eeprom.h:98:62: note: expanded from macro 'FREQ2FBIN'
#define FREQ2FBIN(x, y)         ((y) ? ((x) - 2300) : (((x) - 4800) / 5))
                                                       ~~~~~~~~~~~~~^~~
/home/cross/kernel/android_kernel_xiaomi_lavender/drivers/net/wireless/ath/ath9k/ar9003_eeprom.c:221:4: warning: implicit conversion from 'int' to 'u8' (aka 'unsigned char') changes value from -475 to 37 [-Wconstant-conversion]
                        FREQ2FBIN(2422, 1),
                        ^~~~~~~~~~~~~~~~~~
/home/cross/kernel/android_kernel_xiaomi_lavender/drivers/net/wireless/ath/ath9k/eeprom.h:98:62: note: expanded from macro 'FREQ2FBIN'
#define FREQ2FBIN(x, y)         ((y) ? ((x) - 2300) : (((x) - 4800) / 5))
                                                       ~~~~~~~~~~~~~^~~
/home/cross/kernel/android_kernel_xiaomi_lavender/drivers/net/wireless/ath/ath9k/ar9003_eeprom.c:222:4: warning: implicit conversion from 'int' to 'u8' (aka 'unsigned char') changes value from -474 to 38 [-Wconstant-conversion]
                        FREQ2FBIN(2427, 1),
                        ^~~~~~~~~~~~~~~~~~
/home/cross/kernel/android_kernel_xiaomi_lavender/drivers/net/wireless/ath/ath9k/eeprom.h:98:62: note: expanded from macro 'FREQ2FBIN'
#define FREQ2FBIN(x, y)         ((y) ? ((x) - 2300) : (((x) - 4800) / 5))
                                                       ~~~~~~~~~~~~~^~~
/home/cross/kernel/android_kernel_xiaomi_lavender/drivers/net/wireless/ath/ath9k/ar9003_eeprom.c:223:4: warning: implicit conversion from 'int' to 'u8' (aka 'unsigned char') changes value from -470 to 42 [-Wconstant-conversion]
                        FREQ2FBIN(2447, 1),
                        ^~~~~~~~~~~~~~~~~~
/home/cross/kernel/android_kernel_xiaomi_lavender/drivers/net/wireless/ath/ath9k/eeprom.h:98:62: note: expanded from macro 'FREQ2FBIN'
#define FREQ2FBIN(x, y)         ((y) ? ((x) - 2300) : (((x) - 4800) / 5))
                                                       ~~~~~~~~~~~~~^~~
/home/cross/kernel/android_kernel_xiaomi_lavender/drivers/net/wireless/ath/ath9k/ar9003_eeprom.c:224:4: warning: implicit conversion from 'int' to 'u8' (aka 'unsigned char') changes value from -469 to 43 [-Wconstant-conversion]
                        FREQ2FBIN(2452, 1)
                        ^~~~~~~~~~~~~~~~~~
/home/cross/kernel/android_kernel_xiaomi_lavender/drivers/net/wireless/ath/ath9k/eeprom.h:98:62: note: expanded from macro 'FREQ2FBIN'
#define FREQ2FBIN(x, y)         ((y) ? ((x) - 2300) : (((x) - 4800) / 5))
                                                       ~~~~~~~~~~~~~^~~
/home/cross/kernel/android_kernel_xiaomi_lavender/drivers/net/wireless/ath/ath9k/ar9003_eeprom.c:228:39: warning: implicit conversion from 'int' to 'u8' (aka 'unsigned char') changes value from -477 to 35 [-Wconstant-conversion]
                        /* Data[4].ctlEdges[0].bChannel */ FREQ2FBIN(2412, 1),
                                                           ^~~~~~~~~~~~~~~~~~
/home/cross/kernel/android_kernel_xiaomi_lavender/drivers/net/wireless/ath/ath9k/eeprom.h:98:62: note: expanded from macro 'FREQ2FBIN'
#define FREQ2FBIN(x, y)         ((y) ? ((x) - 2300) : (((x) - 4800) / 5))
                                                       ~~~~~~~~~~~~~^~~
/home/cross/kernel/android_kernel_xiaomi_lavender/drivers/net/wireless/ath/ath9k/ar9003_eeprom.c:229:39: warning: implicit conversion from 'int' to 'u8' (aka 'unsigned char') changes value from -476 to 36 [-Wconstant-conversion]
                        /* Data[4].ctlEdges[1].bChannel */ FREQ2FBIN(2417, 1),
                                                           ^~~~~~~~~~~~~~~~~~
/home/cross/kernel/android_kernel_xiaomi_lavender/drivers/net/wireless/ath/ath9k/eeprom.h:98:62: note: expanded from macro 'FREQ2FBIN'
#define FREQ2FBIN(x, y)         ((y) ? ((x) - 2300) : (((x) - 4800) / 5))
                                                       ~~~~~~~~~~~~~^~~
/home/cross/kernel/android_kernel_xiaomi_lavender/drivers/net/wireless/ath/ath9k/ar9003_eeprom.c:230:39: warning: implicit conversion from 'int' to 'u8' (aka 'unsigned char') changes value from -465 to 47 [-Wconstant-conversion]
                        /* Data[4].ctlEdges[2].bChannel */ FREQ2FBIN(2472, 1),
                                                           ^~~~~~~~~~~~~~~~~~
/home/cross/kernel/android_kernel_xiaomi_lavender/drivers/net/wireless/ath/ath9k/eeprom.h:98:62: note: expanded from macro 'FREQ2FBIN'
#define FREQ2FBIN(x, y)         ((y) ? ((x) - 2300) : (((x) - 4800) / 5))
                                                       ~~~~~~~~~~~~~^~~
/home/cross/kernel/android_kernel_xiaomi_lavender/drivers/net/wireless/ath/ath9k/ar9003_eeprom.c:231:39: warning: implicit conversion from 'int' to 'u8' (aka 'unsigned char') changes value from -463 to 49 [-Wconstant-conversion]
                        /* Data[4].ctlEdges[3].bChannel */ FREQ2FBIN(2484, 1),
                                                           ^~~~~~~~~~~~~~~~~~
/home/cross/kernel/android_kernel_xiaomi_lavender/drivers/net/wireless/ath/ath9k/eeprom.h:98:62: note: expanded from macro 'FREQ2FBIN'
#define FREQ2FBIN(x, y)         ((y) ? ((x) - 2300) : (((x) - 4800) / 5))
                                                       ~~~~~~~~~~~~~^~~
/home/cross/kernel/android_kernel_xiaomi_lavender/drivers/net/wireless/ath/ath9k/ar9003_eeprom.c:235:39: warning: implicit conversion from 'int' to 'u8' (aka 'unsigned char') changes value from -477 to 35 [-Wconstant-conversion]
                        /* Data[5].ctlEdges[0].bChannel */ FREQ2FBIN(2412, 1),
                                                           ^~~~~~~~~~~~~~~~~~
/home/cross/kernel/android_kernel_xiaomi_lavender/drivers/net/wireless/ath/ath9k/eeprom.h:98:62: note: expanded from macro 'FREQ2FBIN'
#define FREQ2FBIN(x, y)         ((y) ? ((x) - 2300) : (((x) - 4800) / 5))
                                                       ~~~~~~~~~~~~~^~~
/home/cross/kernel/android_kernel_xiaomi_lavender/drivers/net/wireless/ath/ath9k/ar9003_eeprom.c:236:39: warning: implicit conversion from 'int' to 'u8' (aka 'unsigned char') changes value from -476 to 36 [-Wconstant-conversion]
                        /* Data[5].ctlEdges[1].bChannel */ FREQ2FBIN(2417, 1),
                                                           ^~~~~~~~~~~~~~~~~~
/home/cross/kernel/android_kernel_xiaomi_lavender/drivers/net/wireless/ath/ath9k/eeprom.h:98:62: note: expanded from macro 'FREQ2FBIN'
#define FREQ2FBIN(x, y)         ((y) ? ((x) - 2300) : (((x) - 4800) / 5))
                                                       ~~~~~~~~~~~~~^~~
/home/cross/kernel/android_kernel_xiaomi_lavender/drivers/net/wireless/ath/ath9k/ar9003_eeprom.c:237:39: warning: implicit conversion from 'int' to 'u8' (aka 'unsigned char') changes value from -465 to 47 [-Wconstant-conversion]
                        /* Data[5].ctlEdges[2].bChannel */ FREQ2FBIN(2472, 1),
                                                           ^~~~~~~~~~~~~~~~~~
/home/cross/kernel/android_kernel_xiaomi_lavender/drivers/net/wireless/ath/ath9k/eeprom.h:98:62: note: expanded from macro 'FREQ2FBIN'
#define FREQ2FBIN(x, y)         ((y) ? ((x) - 2300) : (((x) - 4800) / 5))
                                                       ~~~~~~~~~~~~~^~~
/home/cross/kernel/android_kernel_xiaomi_lavender/drivers/net/wireless/ath/ath9k/ar9003_eeprom.c:242:39: warning: implicit conversion from 'int' to 'u8' (aka 'unsigned char') changes value from -477 to 35 [-Wconstant-conversion]
                        /* Data[6].ctlEdges[0].bChannel */ FREQ2FBIN(2412, 1),
                                                           ^~~~~~~~~~~~~~~~~~
/home/cross/kernel/android_kernel_xiaomi_lavender/drivers/net/wireless/ath/ath9k/eeprom.h:98:62: note: expanded from macro 'FREQ2FBIN'
#define FREQ2FBIN(x, y)         ((y) ? ((x) - 2300) : (((x) - 4800) / 5))
                                                       ~~~~~~~~~~~~~^~~
/home/cross/kernel/android_kernel_xiaomi_lavender/drivers/net/wireless/ath/ath9k/ar9003_eeprom.c:243:39: warning: implicit conversion from 'int' to 'u8' (aka 'unsigned char') changes value from -476 to 36 [-Wconstant-conversion]
                        /* Data[6].ctlEdges[1].bChannel */ FREQ2FBIN(2417, 1),
                                                           ^~~~~~~~~~~~~~~~~~
/home/cross/kernel/android_kernel_xiaomi_lavender/drivers/net/wireless/ath/ath9k/eeprom.h:98:62: note: expanded from macro 'FREQ2FBIN'
#define FREQ2FBIN(x, y)         ((y) ? ((x) - 2300) : (((x) - 4800) / 5))
                                                       ~~~~~~~~~~~~~^~~
/home/cross/kernel/android_kernel_xiaomi_lavender/drivers/net/wireless/ath/ath9k/ar9003_eeprom.c:244:4: warning: implicit conversion from 'int' to 'u8' (aka 'unsigned char') changes value from -465 to 47 [-Wconstant-conversion]
                        FREQ2FBIN(2472, 1),
                        ^~~~~~~~~~~~~~~~~~
/home/cross/kernel/android_kernel_xiaomi_lavender/drivers/net/wireless/ath/ath9k/eeprom.h:98:62: note: expanded from macro 'FREQ2FBIN'
#define FREQ2FBIN(x, y)         ((y) ? ((x) - 2300) : (((x) - 4800) / 5))
                                                       ~~~~~~~~~~~~~^~~
/home/cross/kernel/android_kernel_xiaomi_lavender/drivers/net/wireless/ath/ath9k/ar9003_eeprom.c:249:39: warning: implicit conversion from 'int' to 'u8' (aka 'unsigned char') changes value from -475 to 37 [-Wconstant-conversion]
                        /* Data[7].ctlEdges[0].bChannel */ FREQ2FBIN(2422, 1),
                                                           ^~~~~~~~~~~~~~~~~~
/home/cross/kernel/android_kernel_xiaomi_lavender/drivers/net/wireless/ath/ath9k/eeprom.h:98:62: note: expanded from macro 'FREQ2FBIN'
#define FREQ2FBIN(x, y)         ((y) ? ((x) - 2300) : (((x) - 4800) / 5))
                                                       ~~~~~~~~~~~~~^~~
/home/cross/kernel/android_kernel_xiaomi_lavender/drivers/net/wireless/ath/ath9k/ar9003_eeprom.c:250:39: warning: implicit conversion from 'int' to 'u8' (aka 'unsigned char') changes value from -474 to 38 [-Wconstant-conversion]
                        /* Data[7].ctlEdges[1].bChannel */ FREQ2FBIN(2427, 1),
                                                           ^~~~~~~~~~~~~~~~~~
/home/cross/kernel/android_kernel_xiaomi_lavender/drivers/net/wireless/ath/ath9k/eeprom.h:98:62: note: expanded from macro 'FREQ2FBIN'
#define FREQ2FBIN(x, y)         ((y) ? ((x) - 2300) : (((x) - 4800) / 5))
                                                       ~~~~~~~~~~~~~^~~
/home/cross/kernel/android_kernel_xiaomi_lavender/drivers/net/wireless/ath/ath9k/ar9003_eeprom.c:251:39: warning: implicit conversion from 'int' to 'u8' (aka 'unsigned char') changes value from -470 to 42 [-Wconstant-conversion]
                        /* Data[7].ctlEdges[2].bChannel */ FREQ2FBIN(2447, 1),
                                                           ^~~~~~~~~~~~~~~~~~
/home/cross/kernel/android_kernel_xiaomi_lavender/drivers/net/wireless/ath/ath9k/eeprom.h:98:62: note: expanded from macro 'FREQ2FBIN'
#define FREQ2FBIN(x, y)         ((y) ? ((x) - 2300) : (((x) - 4800) / 5))
                                                       ~~~~~~~~~~~~~^~~
/home/cross/kernel/android_kernel_xiaomi_lavender/drivers/net/wireless/ath/ath9k/ar9003_eeprom.c:252:39: warning: implicit conversion from 'int' to 'u8' (aka 'unsigned char') changes value from -467 to 45 [-Wconstant-conversion]
                        /* Data[7].ctlEdges[3].bChannel */ FREQ2FBIN(2462, 1),
                                                           ^~~~~~~~~~~~~~~~~~
/home/cross/kernel/android_kernel_xiaomi_lavender/drivers/net/wireless/ath/ath9k/eeprom.h:98:62: note: expanded from macro 'FREQ2FBIN'
#define FREQ2FBIN(x, y)         ((y) ? ((x) - 2300) : (((x) - 4800) / 5))
                                                       ~~~~~~~~~~~~~^~~
/home/cross/kernel/android_kernel_xiaomi_lavender/drivers/net/wireless/ath/ath9k/ar9003_eeprom.c:256:39: warning: implicit conversion from 'int' to 'u8' (aka 'unsigned char') changes value from -477 to 35 [-Wconstant-conversion]
                        /* Data[8].ctlEdges[0].bChannel */ FREQ2FBIN(2412, 1),
                                                           ^~~~~~~~~~~~~~~~~~
/home/cross/kernel/android_kernel_xiaomi_lavender/drivers/net/wireless/ath/ath9k/eeprom.h:98:62: note: expanded from macro 'FREQ2FBIN'
#define FREQ2FBIN(x, y)         ((y) ? ((x) - 2300) : (((x) - 4800) / 5))
                                                       ~~~~~~~~~~~~~^~~
/home/cross/kernel/android_kernel_xiaomi_lavender/drivers/net/wireless/ath/ath9k/ar9003_eeprom.c:257:39: warning: implicit conversion from 'int' to 'u8' (aka 'unsigned char') changes value from -476 to 36 [-Wconstant-conversion]
                        /* Data[8].ctlEdges[1].bChannel */ FREQ2FBIN(2417, 1),
                                                           ^~~~~~~~~~~~~~~~~~
/home/cross/kernel/android_kernel_xiaomi_lavender/drivers/net/wireless/ath/ath9k/eeprom.h:98:62: note: expanded from macro 'FREQ2FBIN'
#define FREQ2FBIN(x, y)         ((y) ? ((x) - 2300) : (((x) - 4800) / 5))
                                                       ~~~~~~~~~~~~~^~~
/home/cross/kernel/android_kernel_xiaomi_lavender/drivers/net/wireless/ath/ath9k/ar9003_eeprom.c:258:39: warning: implicit conversion from 'int' to 'u8' (aka 'unsigned char') changes value from -465 to 47 [-Wconstant-conversion]
                        /* Data[8].ctlEdges[2].bChannel */ FREQ2FBIN(2472, 1),
                                                           ^~~~~~~~~~~~~~~~~~
/home/cross/kernel/android_kernel_xiaomi_lavender/drivers/net/wireless/ath/ath9k/eeprom.h:98:62: note: expanded from macro 'FREQ2FBIN'
#define FREQ2FBIN(x, y)         ((y) ? ((x) - 2300) : (((x) - 4800) / 5))
                                                       ~~~~~~~~~~~~~^~~
/home/cross/kernel/android_kernel_xiaomi_lavender/drivers/net/wireless/ath/ath9k/ar9003_eeprom.c:262:39: warning: implicit conversion from 'int' to 'u8' (aka 'unsigned char') changes value from -477 to 35 [-Wconstant-conversion]
                        /* Data[9].ctlEdges[0].bChannel */ FREQ2FBIN(2412, 1),
                                                           ^~~~~~~~~~~~~~~~~~
/home/cross/kernel/android_kernel_xiaomi_lavender/drivers/net/wireless/ath/ath9k/eeprom.h:98:62: note: expanded from macro 'FREQ2FBIN'
#define FREQ2FBIN(x, y)         ((y) ? ((x) - 2300) : (((x) - 4800) / 5))
                                                       ~~~~~~~~~~~~~^~~
/home/cross/kernel/android_kernel_xiaomi_lavender/drivers/net/wireless/ath/ath9k/ar9003_eeprom.c:263:39: warning: implicit conversion from 'int' to 'u8' (aka 'unsigned char') changes value from -476 to 36 [-Wconstant-conversion]
                        /* Data[9].ctlEdges[1].bChannel */ FREQ2FBIN(2417, 1),
                                                           ^~~~~~~~~~~~~~~~~~
/home/cross/kernel/android_kernel_xiaomi_lavender/drivers/net/wireless/ath/ath9k/eeprom.h:98:62: note: expanded from macro 'FREQ2FBIN'
#define FREQ2FBIN(x, y)         ((y) ? ((x) - 2300) : (((x) - 4800) / 5))
                                                       ~~~~~~~~~~~~~^~~
/home/cross/kernel/android_kernel_xiaomi_lavender/drivers/net/wireless/ath/ath9k/ar9003_eeprom.c:264:39: warning: implicit conversion from 'int' to 'u8' (aka 'unsigned char') changes value from -465 to 47 [-Wconstant-conversion]
                        /* Data[9].ctlEdges[2].bChannel */ FREQ2FBIN(2472, 1),
                                                           ^~~~~~~~~~~~~~~~~~
/home/cross/kernel/android_kernel_xiaomi_lavender/drivers/net/wireless/ath/ath9k/eeprom.h:98:62: note: expanded from macro 'FREQ2FBIN'
#define FREQ2FBIN(x, y)         ((y) ? ((x) - 2300) : (((x) - 4800) / 5))
                                                       ~~~~~~~~~~~~~^~~
/home/cross/kernel/android_kernel_xiaomi_lavender/drivers/net/wireless/ath/ath9k/ar9003_eeprom.c:269:40: warning: implicit conversion from 'int' to 'u8' (aka 'unsigned char') changes value from -477 to 35 [-Wconstant-conversion]
                        /* Data[10].ctlEdges[0].bChannel */ FREQ2FBIN(2412, 1),
                                                            ^~~~~~~~~~~~~~~~~~
/home/cross/kernel/android_kernel_xiaomi_lavender/drivers/net/wireless/ath/ath9k/eeprom.h:98:62: note: expanded from macro 'FREQ2FBIN'
#define FREQ2FBIN(x, y)         ((y) ? ((x) - 2300) : (((x) - 4800) / 5))
                                                       ~~~~~~~~~~~~~^~~
/home/cross/kernel/android_kernel_xiaomi_lavender/drivers/net/wireless/ath/ath9k/ar9003_eeprom.c:270:40: warning: implicit conversion from 'int' to 'u8' (aka 'unsigned char') changes value from -476 to 36 [-Wconstant-conversion]
                        /* Data[10].ctlEdges[1].bChannel */ FREQ2FBIN(2417, 1),
                                                            ^~~~~~~~~~~~~~~~~~
/home/cross/kernel/android_kernel_xiaomi_lavender/drivers/net/wireless/ath/ath9k/eeprom.h:98:62: note: expanded from macro 'FREQ2FBIN'
#define FREQ2FBIN(x, y)         ((y) ? ((x) - 2300) : (((x) - 4800) / 5))
                                                       ~~~~~~~~~~~~~^~~
/home/cross/kernel/android_kernel_xiaomi_lavender/drivers/net/wireless/ath/ath9k/ar9003_eeprom.c:271:40: warning: implicit conversion from 'int' to 'u8' (aka 'unsigned char') changes value from -465 to 47 [-Wconstant-conversion]
                        /* Data[10].ctlEdges[2].bChannel */ FREQ2FBIN(2472, 1),
                                                            ^~~~~~~~~~~~~~~~~~
/home/cross/kernel/android_kernel_xiaomi_lavender/drivers/net/wireless/ath/ath9k/eeprom.h:98:62: note: expanded from macro 'FREQ2FBIN'
#define FREQ2FBIN(x, y)         ((y) ? ((x) - 2300) : (((x) - 4800) / 5))
                                                       ~~~~~~~~~~~~~^~~
/home/cross/kernel/android_kernel_xiaomi_lavender/drivers/net/wireless/ath/ath9k/ar9003_eeprom.c:276:40: warning: implicit conversion from 'int' to 'u8' (aka 'unsigned char') changes value from -475 to 37 [-Wconstant-conversion]
                        /* Data[11].ctlEdges[0].bChannel */ FREQ2FBIN(2422, 1),
                                                            ^~~~~~~~~~~~~~~~~~
/home/cross/kernel/android_kernel_xiaomi_lavender/drivers/net/wireless/ath/ath9k/eeprom.h:98:62: note: expanded from macro 'FREQ2FBIN'
#define FREQ2FBIN(x, y)         ((y) ? ((x) - 2300) : (((x) - 4800) / 5))
                                                       ~~~~~~~~~~~~~^~~
/home/cross/kernel/android_kernel_xiaomi_lavender/drivers/net/wireless/ath/ath9k/ar9003_eeprom.c:277:40: warning: implicit conversion from 'int' to 'u8' (aka 'unsigned char') changes value from -474 to 38 [-Wconstant-conversion]
                        /* Data[11].ctlEdges[1].bChannel */ FREQ2FBIN(2427, 1),
                                                            ^~~~~~~~~~~~~~~~~~
/home/cross/kernel/android_kernel_xiaomi_lavender/drivers/net/wireless/ath/ath9k/eeprom.h:98:62: note: expanded from macro 'FREQ2FBIN'
#define FREQ2FBIN(x, y)         ((y) ? ((x) - 2300) : (((x) - 4800) / 5))
                                                       ~~~~~~~~~~~~~^~~
/home/cross/kernel/android_kernel_xiaomi_lavender/drivers/net/wireless/ath/ath9k/ar9003_eeprom.c:278:40: warning: implicit conversion from 'int' to 'u8' (aka 'unsigned char') changes value from -470 to 42 [-Wconstant-conversion]
                        /* Data[11].ctlEdges[2].bChannel */ FREQ2FBIN(2447, 1),
                                                            ^~~~~~~~~~~~~~~~~~
/home/cross/kernel/android_kernel_xiaomi_lavender/drivers/net/wireless/ath/ath9k/eeprom.h:98:62: note: expanded from macro 'FREQ2FBIN'
#define FREQ2FBIN(x, y)         ((y) ? ((x) - 2300) : (((x) - 4800) / 5))
                                                       ~~~~~~~~~~~~~^~~
/home/cross/kernel/android_kernel_xiaomi_lavender/drivers/net/wireless/ath/ath9k/ar9003_eeprom.c:279:40: warning: implicit conversion from 'int' to 'u8' (aka 'unsigned char') changes value from -467 to 45 [-Wconstant-conversion]
                        /* Data[11].ctlEdges[3].bChannel */ FREQ2FBIN(2462, 1),
                                                            ^~~~~~~~~~~~~~~~~~
/home/cross/kernel/android_kernel_xiaomi_lavender/drivers/net/wireless/ath/ath9k/eeprom.h:98:62: note: expanded from macro 'FREQ2FBIN'
#define FREQ2FBIN(x, y)         ((y) ? ((x) - 2300) : (((x) - 4800) / 5))
                                                       ~~~~~~~~~~~~~^~~
/home/cross/kernel/android_kernel_xiaomi_lavender/drivers/net/wireless/ath/ath9k/ar9003_eeprom.c:352:3: warning: implicit conversion from 'int' to 'u8' (aka 'unsigned char') changes value from 2880 to 64 [-Wconstant-conversion]
                FREQ2FBIN(5180, 0),
                ^~~~~~~~~~~~~~~~~~
/home/cross/kernel/android_kernel_xiaomi_lavender/drivers/net/wireless/ath/ath9k/eeprom.h:98:38: note: expanded from macro 'FREQ2FBIN'
#define FREQ2FBIN(x, y)         ((y) ? ((x) - 2300) : (((x) - 4800) / 5))
                                        ~~~~^~~~~~
/home/cross/kernel/android_kernel_xiaomi_lavender/drivers/net/wireless/ath/ath9k/ar9003_eeprom.c:353:3: warning: implicit conversion from 'int' to 'u8' (aka 'unsigned char') changes value from 2920 to 104 [-Wconstant-conversion]
                FREQ2FBIN(5220, 0),
                ^~~~~~~~~~~~~~~~~~
/home/cross/kernel/android_kernel_xiaomi_lavender/drivers/net/wireless/ath/ath9k/eeprom.h:98:38: note: expanded from macro 'FREQ2FBIN'
#define FREQ2FBIN(x, y)         ((y) ? ((x) - 2300) : (((x) - 4800) / 5))
                                        ~~~~^~~~~~
/home/cross/kernel/android_kernel_xiaomi_lavender/drivers/net/wireless/ath/ath9k/ar9003_eeprom.c:354:3: warning: implicit conversion from 'int' to 'u8' (aka 'unsigned char') changes value from 3020 to 204 [-Wconstant-conversion]
                FREQ2FBIN(5320, 0),
                ^~~~~~~~~~~~~~~~~~
/home/cross/kernel/android_kernel_xiaomi_lavender/drivers/net/wireless/ath/ath9k/eeprom.h:98:38: note: expanded from macro 'FREQ2FBIN'
#define FREQ2FBIN(x, y)         ((y) ? ((x) - 2300) : (((x) - 4800) / 5))
                                        ~~~~^~~~~~
/home/cross/kernel/android_kernel_xiaomi_lavender/drivers/net/wireless/ath/ath9k/ar9003_eeprom.c:355:3: warning: implicit conversion from 'int' to 'u8' (aka 'unsigned char') changes value from 3100 to 28 [-Wconstant-conversion]
                FREQ2FBIN(5400, 0),
                ^~~~~~~~~~~~~~~~~~
/home/cross/kernel/android_kernel_xiaomi_lavender/drivers/net/wireless/ath/ath9k/eeprom.h:98:38: note: expanded from macro 'FREQ2FBIN'
#define FREQ2FBIN(x, y)         ((y) ? ((x) - 2300) : (((x) - 4800) / 5))
                                        ~~~~^~~~~~
/home/cross/kernel/android_kernel_xiaomi_lavender/drivers/net/wireless/ath/ath9k/ar9003_eeprom.c:356:3: warning: implicit conversion from 'int' to 'u8' (aka 'unsigned char') changes value from 3200 to 128 [-Wconstant-conversion]
                FREQ2FBIN(5500, 0),
                ^~~~~~~~~~~~~~~~~~
/home/cross/kernel/android_kernel_xiaomi_lavender/drivers/net/wireless/ath/ath9k/eeprom.h:98:38: note: expanded from macro 'FREQ2FBIN'
#define FREQ2FBIN(x, y)         ((y) ? ((x) - 2300) : (((x) - 4800) / 5))
                                        ~~~~^~~~~~
/home/cross/kernel/android_kernel_xiaomi_lavender/drivers/net/wireless/ath/ath9k/ar9003_eeprom.c:357:3: warning: implicit conversion from 'int' to 'u8' (aka 'unsigned char') changes value from 3300 to 228 [-Wconstant-conversion]
                FREQ2FBIN(5600, 0),
                ^~~~~~~~~~~~~~~~~~
/home/cross/kernel/android_kernel_xiaomi_lavender/drivers/net/wireless/ath/ath9k/eeprom.h:98:38: note: expanded from macro 'FREQ2FBIN'
#define FREQ2FBIN(x, y)         ((y) ? ((x) - 2300) : (((x) - 4800) / 5))
                                        ~~~~^~~~~~
/home/cross/kernel/android_kernel_xiaomi_lavender/drivers/net/wireless/ath/ath9k/ar9003_eeprom.c:358:3: warning: implicit conversion from 'int' to 'u8' (aka 'unsigned char') changes value from 3425 to 97 [-Wconstant-conversion]
                FREQ2FBIN(5725, 0),
                ^~~~~~~~~~~~~~~~~~
/home/cross/kernel/android_kernel_xiaomi_lavender/drivers/net/wireless/ath/ath9k/eeprom.h:98:38: note: expanded from macro 'FREQ2FBIN'
#define FREQ2FBIN(x, y)         ((y) ? ((x) - 2300) : (((x) - 4800) / 5))
                                        ~~~~^~~~~~
/home/cross/kernel/android_kernel_xiaomi_lavender/drivers/net/wireless/ath/ath9k/ar9003_eeprom.c:359:3: warning: implicit conversion from 'int' to 'u8' (aka 'unsigned char') changes value from 3525 to 197 [-Wconstant-conversion]
                FREQ2FBIN(5825, 0)
                ^~~~~~~~~~~~~~~~~~
/home/cross/kernel/android_kernel_xiaomi_lavender/drivers/net/wireless/ath/ath9k/eeprom.h:98:38: note: expanded from macro 'FREQ2FBIN'
#define FREQ2FBIN(x, y)         ((y) ? ((x) - 2300) : (((x) - 4800) / 5))
                                        ~~~~^~~~~~
/home/cross/kernel/android_kernel_xiaomi_lavender/drivers/net/wireless/ath/ath9k/ar9003_eeprom.c:395:3: warning: implicit conversion from 'int' to 'u8' (aka 'unsigned char') changes value from 2880 to 64 [-Wconstant-conversion]
                FREQ2FBIN(5180, 0),
                ^~~~~~~~~~~~~~~~~~
/home/cross/kernel/android_kernel_xiaomi_lavender/drivers/net/wireless/ath/ath9k/eeprom.h:98:38: note: expanded from macro 'FREQ2FBIN'
#define FREQ2FBIN(x, y)         ((y) ? ((x) - 2300) : (((x) - 4800) / 5))
                                        ~~~~^~~~~~
/home/cross/kernel/android_kernel_xiaomi_lavender/drivers/net/wireless/ath/ath9k/ar9003_eeprom.c:396:3: warning: implicit conversion from 'int' to 'u8' (aka 'unsigned char') changes value from 2920 to 104 [-Wconstant-conversion]
                FREQ2FBIN(5220, 0),
                ^~~~~~~~~~~~~~~~~~
/home/cross/kernel/android_kernel_xiaomi_lavender/drivers/net/wireless/ath/ath9k/eeprom.h:98:38: note: expanded from macro 'FREQ2FBIN'
#define FREQ2FBIN(x, y)         ((y) ? ((x) - 2300) : (((x) - 4800) / 5))
                                        ~~~~^~~~~~
/home/cross/kernel/android_kernel_xiaomi_lavender/drivers/net/wireless/ath/ath9k/ar9003_eeprom.c:397:3: warning: implicit conversion from 'int' to 'u8' (aka 'unsigned char') changes value from 3020 to 204 [-Wconstant-conversion]
                FREQ2FBIN(5320, 0),
                ^~~~~~~~~~~~~~~~~~
/home/cross/kernel/android_kernel_xiaomi_lavender/drivers/net/wireless/ath/ath9k/eeprom.h:98:38: note: expanded from macro 'FREQ2FBIN'
#define FREQ2FBIN(x, y)         ((y) ? ((x) - 2300) : (((x) - 4800) / 5))
                                        ~~~~^~~~~~
/home/cross/kernel/android_kernel_xiaomi_lavender/drivers/net/wireless/ath/ath9k/ar9003_eeprom.c:398:3: warning: implicit conversion from 'int' to 'u8' (aka 'unsigned char') changes value from 3100 to 28 [-Wconstant-conversion]
                FREQ2FBIN(5400, 0),
                ^~~~~~~~~~~~~~~~~~
/home/cross/kernel/android_kernel_xiaomi_lavender/drivers/net/wireless/ath/ath9k/eeprom.h:98:38: note: expanded from macro 'FREQ2FBIN'
#define FREQ2FBIN(x, y)         ((y) ? ((x) - 2300) : (((x) - 4800) / 5))
                                        ~~~~^~~~~~
/home/cross/kernel/android_kernel_xiaomi_lavender/drivers/net/wireless/ath/ath9k/ar9003_eeprom.c:399:3: warning: implicit conversion from 'int' to 'u8' (aka 'unsigned char') changes value from 3200 to 128 [-Wconstant-conversion]
                FREQ2FBIN(5500, 0),
                ^~~~~~~~~~~~~~~~~~
/home/cross/kernel/android_kernel_xiaomi_lavender/drivers/net/wireless/ath/ath9k/eeprom.h:98:38: note: expanded from macro 'FREQ2FBIN'
#define FREQ2FBIN(x, y)         ((y) ? ((x) - 2300) : (((x) - 4800) / 5))
                                        ~~~~^~~~~~
/home/cross/kernel/android_kernel_xiaomi_lavender/drivers/net/wireless/ath/ath9k/ar9003_eeprom.c:400:3: warning: implicit conversion from 'int' to 'u8' (aka 'unsigned char') changes value from 3300 to 228 [-Wconstant-conversion]
                FREQ2FBIN(5600, 0),
                ^~~~~~~~~~~~~~~~~~
/home/cross/kernel/android_kernel_xiaomi_lavender/drivers/net/wireless/ath/ath9k/eeprom.h:98:38: note: expanded from macro 'FREQ2FBIN'
#define FREQ2FBIN(x, y)         ((y) ? ((x) - 2300) : (((x) - 4800) / 5))
                                        ~~~~^~~~~~
/home/cross/kernel/android_kernel_xiaomi_lavender/drivers/net/wireless/ath/ath9k/ar9003_eeprom.c:401:3: warning: implicit conversion from 'int' to 'u8' (aka 'unsigned char') changes value from 3425 to 97 [-Wconstant-conversion]
                FREQ2FBIN(5725, 0),
                ^~~~~~~~~~~~~~~~~~
/home/cross/kernel/android_kernel_xiaomi_lavender/drivers/net/wireless/ath/ath9k/eeprom.h:98:38: note: expanded from macro 'FREQ2FBIN'
#define FREQ2FBIN(x, y)         ((y) ? ((x) - 2300) : (((x) - 4800) / 5))
                                        ~~~~^~~~~~
/home/cross/kernel/android_kernel_xiaomi_lavender/drivers/net/wireless/ath/ath9k/ar9003_eeprom.c:402:3: warning: implicit conversion from 'int' to 'u8' (aka 'unsigned char') changes value from 3525 to 197 [-Wconstant-conversion]
                FREQ2FBIN(5825, 0)
                ^~~~~~~~~~~~~~~~~~
/home/cross/kernel/android_kernel_xiaomi_lavender/drivers/net/wireless/ath/ath9k/eeprom.h:98:38: note: expanded from macro 'FREQ2FBIN'
#define FREQ2FBIN(x, y)         ((y) ? ((x) - 2300) : (((x) - 4800) / 5))
                                        ~~~~^~~~~~
/home/cross/kernel/android_kernel_xiaomi_lavender/drivers/net/wireless/ath/ath9k/ar9003_eeprom.c:405:3: warning: implicit conversion from 'int' to 'u8' (aka 'unsigned char') changes value from 2880 to 64 [-Wconstant-conversion]
                FREQ2FBIN(5180, 0),
                ^~~~~~~~~~~~~~~~~~
/home/cross/kernel/android_kernel_xiaomi_lavender/drivers/net/wireless/ath/ath9k/eeprom.h:98:38: note: expanded from macro 'FREQ2FBIN'
#define FREQ2FBIN(x, y)         ((y) ? ((x) - 2300) : (((x) - 4800) / 5))
                                        ~~~~^~~~~~
/home/cross/kernel/android_kernel_xiaomi_lavender/drivers/net/wireless/ath/ath9k/ar9003_eeprom.c:406:3: warning: implicit conversion from 'int' to 'u8' (aka 'unsigned char') changes value from 2940 to 124 [-Wconstant-conversion]
                FREQ2FBIN(5240, 0),
                ^~~~~~~~~~~~~~~~~~
/home/cross/kernel/android_kernel_xiaomi_lavender/drivers/net/wireless/ath/ath9k/eeprom.h:98:38: note: expanded from macro 'FREQ2FBIN'
#define FREQ2FBIN(x, y)         ((y) ? ((x) - 2300) : (((x) - 4800) / 5))
                                        ~~~~^~~~~~
/home/cross/kernel/android_kernel_xiaomi_lavender/drivers/net/wireless/ath/ath9k/ar9003_eeprom.c:407:3: warning: implicit conversion from 'int' to 'u8' (aka 'unsigned char') changes value from 3020 to 204 [-Wconstant-conversion]
                FREQ2FBIN(5320, 0),
                ^~~~~~~~~~~~~~~~~~
/home/cross/kernel/android_kernel_xiaomi_lavender/drivers/net/wireless/ath/ath9k/eeprom.h:98:38: note: expanded from macro 'FREQ2FBIN'
#define FREQ2FBIN(x, y)         ((y) ? ((x) - 2300) : (((x) - 4800) / 5))
                                        ~~~~^~~~~~
/home/cross/kernel/android_kernel_xiaomi_lavender/drivers/net/wireless/ath/ath9k/ar9003_eeprom.c:408:3: warning: implicit conversion from 'int' to 'u8' (aka 'unsigned char') changes value from 3200 to 128 [-Wconstant-conversion]
                FREQ2FBIN(5500, 0),
                ^~~~~~~~~~~~~~~~~~
/home/cross/kernel/android_kernel_xiaomi_lavender/drivers/net/wireless/ath/ath9k/eeprom.h:98:38: note: expanded from macro 'FREQ2FBIN'
#define FREQ2FBIN(x, y)         ((y) ? ((x) - 2300) : (((x) - 4800) / 5))
                                        ~~~~^~~~~~
/home/cross/kernel/android_kernel_xiaomi_lavender/drivers/net/wireless/ath/ath9k/ar9003_eeprom.c:409:3: warning: implicit conversion from 'int' to 'u8' (aka 'unsigned char') changes value from 3400 to 72 [-Wconstant-conversion]
                FREQ2FBIN(5700, 0),
                ^~~~~~~~~~~~~~~~~~
/home/cross/kernel/android_kernel_xiaomi_lavender/drivers/net/wireless/ath/ath9k/eeprom.h:98:38: note: expanded from macro 'FREQ2FBIN'
#define FREQ2FBIN(x, y)         ((y) ? ((x) - 2300) : (((x) - 4800) / 5))
                                        ~~~~^~~~~~
/home/cross/kernel/android_kernel_xiaomi_lavender/drivers/net/wireless/ath/ath9k/ar9003_eeprom.c:410:3: warning: implicit conversion from 'int' to 'u8' (aka 'unsigned char') changes value from 3445 to 117 [-Wconstant-conversion]
                FREQ2FBIN(5745, 0),
                ^~~~~~~~~~~~~~~~~~
/home/cross/kernel/android_kernel_xiaomi_lavender/drivers/net/wireless/ath/ath9k/eeprom.h:98:38: note: expanded from macro 'FREQ2FBIN'
#define FREQ2FBIN(x, y)         ((y) ? ((x) - 2300) : (((x) - 4800) / 5))
                                        ~~~~^~~~~~
/home/cross/kernel/android_kernel_xiaomi_lavender/drivers/net/wireless/ath/ath9k/ar9003_eeprom.c:411:3: warning: implicit conversion from 'int' to 'u8' (aka 'unsigned char') changes value from 3425 to 97 [-Wconstant-conversion]
                FREQ2FBIN(5725, 0),
                ^~~~~~~~~~~~~~~~~~
/home/cross/kernel/android_kernel_xiaomi_lavender/drivers/net/wireless/ath/ath9k/eeprom.h:98:38: note: expanded from macro 'FREQ2FBIN'
#define FREQ2FBIN(x, y)         ((y) ? ((x) - 2300) : (((x) - 4800) / 5))
                                        ~~~~^~~~~~
/home/cross/kernel/android_kernel_xiaomi_lavender/drivers/net/wireless/ath/ath9k/ar9003_eeprom.c:412:3: warning: implicit conversion from 'int' to 'u8' (aka 'unsigned char') changes value from 3525 to 197 [-Wconstant-conversion]
                FREQ2FBIN(5825, 0)
                ^~~~~~~~~~~~~~~~~~
/home/cross/kernel/android_kernel_xiaomi_lavender/drivers/net/wireless/ath/ath9k/eeprom.h:98:38: note: expanded from macro 'FREQ2FBIN'
#define FREQ2FBIN(x, y)         ((y) ? ((x) - 2300) : (((x) - 4800) / 5))
                                        ~~~~^~~~~~
/home/cross/kernel/android_kernel_xiaomi_lavender/drivers/net/wireless/ath/ath9k/ar9003_eeprom.c:415:3: warning: implicit conversion from 'int' to 'u8' (aka 'unsigned char') changes value from 2880 to 64 [-Wconstant-conversion]
                FREQ2FBIN(5180, 0),
                ^~~~~~~~~~~~~~~~~~
/home/cross/kernel/android_kernel_xiaomi_lavender/drivers/net/wireless/ath/ath9k/eeprom.h:98:38: note: expanded from macro 'FREQ2FBIN'
#define FREQ2FBIN(x, y)         ((y) ? ((x) - 2300) : (((x) - 4800) / 5))
                                        ~~~~^~~~~~
/home/cross/kernel/android_kernel_xiaomi_lavender/drivers/net/wireless/ath/ath9k/ar9003_eeprom.c:416:3: warning: implicit conversion from 'int' to 'u8' (aka 'unsigned char') changes value from 2940 to 124 [-Wconstant-conversion]
                FREQ2FBIN(5240, 0),
                ^~~~~~~~~~~~~~~~~~
/home/cross/kernel/android_kernel_xiaomi_lavender/drivers/net/wireless/ath/ath9k/eeprom.h:98:38: note: expanded from macro 'FREQ2FBIN'
#define FREQ2FBIN(x, y)         ((y) ? ((x) - 2300) : (((x) - 4800) / 5))
                                        ~~~~^~~~~~
/home/cross/kernel/android_kernel_xiaomi_lavender/drivers/net/wireless/ath/ath9k/ar9003_eeprom.c:417:3: warning: implicit conversion from 'int' to 'u8' (aka 'unsigned char') changes value from 3020 to 204 [-Wconstant-conversion]
                FREQ2FBIN(5320, 0),
                ^~~~~~~~~~~~~~~~~~
/home/cross/kernel/android_kernel_xiaomi_lavender/drivers/net/wireless/ath/ath9k/eeprom.h:98:38: note: expanded from macro 'FREQ2FBIN'
#define FREQ2FBIN(x, y)         ((y) ? ((x) - 2300) : (((x) - 4800) / 5))
                                        ~~~~^~~~~~
/home/cross/kernel/android_kernel_xiaomi_lavender/drivers/net/wireless/ath/ath9k/ar9003_eeprom.c:418:3: warning: implicit conversion from 'int' to 'u8' (aka 'unsigned char') changes value from 3200 to 128 [-Wconstant-conversion]
                FREQ2FBIN(5500, 0),
                ^~~~~~~~~~~~~~~~~~
/home/cross/kernel/android_kernel_xiaomi_lavender/drivers/net/wireless/ath/ath9k/eeprom.h:98:38: note: expanded from macro 'FREQ2FBIN'
#define FREQ2FBIN(x, y)         ((y) ? ((x) - 2300) : (((x) - 4800) / 5))
                                        ~~~~^~~~~~
/home/cross/kernel/android_kernel_xiaomi_lavender/drivers/net/wireless/ath/ath9k/ar9003_eeprom.c:419:3: warning: implicit conversion from 'int' to 'u8' (aka 'unsigned char') changes value from 3400 to 72 [-Wconstant-conversion]
                FREQ2FBIN(5700, 0),
                ^~~~~~~~~~~~~~~~~~
/home/cross/kernel/android_kernel_xiaomi_lavender/drivers/net/wireless/ath/ath9k/eeprom.h:98:38: note: expanded from macro 'FREQ2FBIN'
#define FREQ2FBIN(x, y)         ((y) ? ((x) - 2300) : (((x) - 4800) / 5))
                                        ~~~~^~~~~~
/home/cross/kernel/android_kernel_xiaomi_lavender/drivers/net/wireless/ath/ath9k/ar9003_eeprom.c:420:3: warning: implicit conversion from 'int' to 'u8' (aka 'unsigned char') changes value from 3445 to 117 [-Wconstant-conversion]
                FREQ2FBIN(5745, 0),
                ^~~~~~~~~~~~~~~~~~
/home/cross/kernel/android_kernel_xiaomi_lavender/drivers/net/wireless/ath/ath9k/eeprom.h:98:38: note: expanded from macro 'FREQ2FBIN'
#define FREQ2FBIN(x, y)         ((y) ? ((x) - 2300) : (((x) - 4800) / 5))
                                        ~~~~^~~~~~
/home/cross/kernel/android_kernel_xiaomi_lavender/drivers/net/wireless/ath/ath9k/ar9003_eeprom.c:421:3: warning: implicit conversion from 'int' to 'u8' (aka 'unsigned char') changes value from 3425 to 97 [-Wconstant-conversion]
                FREQ2FBIN(5725, 0),
                ^~~~~~~~~~~~~~~~~~
/home/cross/kernel/android_kernel_xiaomi_lavender/drivers/net/wireless/ath/ath9k/eeprom.h:98:38: note: expanded from macro 'FREQ2FBIN'
#define FREQ2FBIN(x, y)         ((y) ? ((x) - 2300) : (((x) - 4800) / 5))
                                        ~~~~^~~~~~
/home/cross/kernel/android_kernel_xiaomi_lavender/drivers/net/wireless/ath/ath9k/ar9003_eeprom.c:422:3: warning: implicit conversion from 'int' to 'u8' (aka 'unsigned char') changes value from 3525 to 197 [-Wconstant-conversion]
                FREQ2FBIN(5825, 0)
                ^~~~~~~~~~~~~~~~~~
/home/cross/kernel/android_kernel_xiaomi_lavender/drivers/net/wireless/ath/ath9k/eeprom.h:98:38: note: expanded from macro 'FREQ2FBIN'
#define FREQ2FBIN(x, y)         ((y) ? ((x) - 2300) : (((x) - 4800) / 5))
                                        ~~~~^~~~~~
/home/cross/kernel/android_kernel_xiaomi_lavender/drivers/net/wireless/ath/ath9k/ar9003_eeprom.c:469:39: warning: implicit conversion from 'int' to 'u8' (aka 'unsigned char') changes value from 2880 to 64 [-Wconstant-conversion]
                        /* Data[0].ctlEdges[0].bChannel */ FREQ2FBIN(5180, 0),
                                                           ^~~~~~~~~~~~~~~~~~
/home/cross/kernel/android_kernel_xiaomi_lavender/drivers/net/wireless/ath/ath9k/eeprom.h:98:38: note: expanded from macro 'FREQ2FBIN'
#define FREQ2FBIN(x, y)         ((y) ? ((x) - 2300) : (((x) - 4800) / 5))
                                        ~~~~^~~~~~
/home/cross/kernel/android_kernel_xiaomi_lavender/drivers/net/wireless/ath/ath9k/ar9003_eeprom.c:470:39: warning: implicit conversion from 'int' to 'u8' (aka 'unsigned char') changes value from 2960 to 144 [-Wconstant-conversion]
                        /* Data[0].ctlEdges[1].bChannel */ FREQ2FBIN(5260, 0),
                                                           ^~~~~~~~~~~~~~~~~~
/home/cross/kernel/android_kernel_xiaomi_lavender/drivers/net/wireless/ath/ath9k/eeprom.h:98:38: note: expanded from macro 'FREQ2FBIN'
#define FREQ2FBIN(x, y)         ((y) ? ((x) - 2300) : (((x) - 4800) / 5))
                                        ~~~~^~~~~~
/home/cross/kernel/android_kernel_xiaomi_lavender/drivers/net/wireless/ath/ath9k/ar9003_eeprom.c:471:39: warning: implicit conversion from 'int' to 'u8' (aka 'unsigned char') changes value from 2980 to 164 [-Wconstant-conversion]
                        /* Data[0].ctlEdges[2].bChannel */ FREQ2FBIN(5280, 0),
                                                           ^~~~~~~~~~~~~~~~~~
/home/cross/kernel/android_kernel_xiaomi_lavender/drivers/net/wireless/ath/ath9k/eeprom.h:98:38: note: expanded from macro 'FREQ2FBIN'
#define FREQ2FBIN(x, y)         ((y) ? ((x) - 2300) : (((x) - 4800) / 5))
                                        ~~~~^~~~~~
/home/cross/kernel/android_kernel_xiaomi_lavender/drivers/net/wireless/ath/ath9k/ar9003_eeprom.c:472:39: warning: implicit conversion from 'int' to 'u8' (aka 'unsigned char') changes value from 3200 to 128 [-Wconstant-conversion]
                        /* Data[0].ctlEdges[3].bChannel */ FREQ2FBIN(5500, 0),
                                                           ^~~~~~~~~~~~~~~~~~
/home/cross/kernel/android_kernel_xiaomi_lavender/drivers/net/wireless/ath/ath9k/eeprom.h:98:38: note: expanded from macro 'FREQ2FBIN'
#define FREQ2FBIN(x, y)         ((y) ? ((x) - 2300) : (((x) - 4800) / 5))
                                        ~~~~^~~~~~
/home/cross/kernel/android_kernel_xiaomi_lavender/drivers/net/wireless/ath/ath9k/ar9003_eeprom.c:473:39: warning: implicit conversion from 'int' to 'u8' (aka 'unsigned char') changes value from 3300 to 228 [-Wconstant-conversion]
                        /* Data[0].ctlEdges[4].bChannel */ FREQ2FBIN(5600, 0),
                                                           ^~~~~~~~~~~~~~~~~~
/home/cross/kernel/android_kernel_xiaomi_lavender/drivers/net/wireless/ath/ath9k/eeprom.h:98:38: note: expanded from macro 'FREQ2FBIN'
#define FREQ2FBIN(x, y)         ((y) ? ((x) - 2300) : (((x) - 4800) / 5))
                                        ~~~~^~~~~~
/home/cross/kernel/android_kernel_xiaomi_lavender/drivers/net/wireless/ath/ath9k/ar9003_eeprom.c:474:39: warning: implicit conversion from 'int' to 'u8' (aka 'unsigned char') changes value from 3400 to 72 [-Wconstant-conversion]
                        /* Data[0].ctlEdges[5].bChannel */ FREQ2FBIN(5700, 0),
                                                           ^~~~~~~~~~~~~~~~~~
/home/cross/kernel/android_kernel_xiaomi_lavender/drivers/net/wireless/ath/ath9k/eeprom.h:98:38: note: expanded from macro 'FREQ2FBIN'
#define FREQ2FBIN(x, y)         ((y) ? ((x) - 2300) : (((x) - 4800) / 5))
                                        ~~~~^~~~~~
/home/cross/kernel/android_kernel_xiaomi_lavender/drivers/net/wireless/ath/ath9k/ar9003_eeprom.c:475:39: warning: implicit conversion from 'int' to 'u8' (aka 'unsigned char') changes value from 3445 to 117 [-Wconstant-conversion]
                        /* Data[0].ctlEdges[6].bChannel */ FREQ2FBIN(5745, 0),
                                                           ^~~~~~~~~~~~~~~~~~
/home/cross/kernel/android_kernel_xiaomi_lavender/drivers/net/wireless/ath/ath9k/eeprom.h:98:38: note: expanded from macro 'FREQ2FBIN'
  CC      drivers/net/wireless/ath/carl9170/cmd.o
#define FREQ2FBIN(x, y)         ((y) ? ((x) - 2300) : (((x) - 4800) / 5))
                                        ~~~~^~~~~~
/home/cross/kernel/android_kernel_xiaomi_lavender/drivers/net/wireless/ath/ath9k/ar9003_eeprom.c:476:39: warning: implicit conversion from 'int' to 'u8' (aka 'unsigned char') changes value from 3525 to 197 [-Wconstant-conversion]
                        /* Data[0].ctlEdges[7].bChannel */ FREQ2FBIN(5825, 0)
                                                           ^~~~~~~~~~~~~~~~~~
/home/cross/kernel/android_kernel_xiaomi_lavender/drivers/net/wireless/ath/ath9k/eeprom.h:98:38: note: expanded from macro 'FREQ2FBIN'
#define FREQ2FBIN(x, y)         ((y) ? ((x) - 2300) : (((x) - 4800) / 5))
                                        ~~~~^~~~~~
/home/cross/kernel/android_kernel_xiaomi_lavender/drivers/net/wireless/ath/ath9k/ar9003_eeprom.c:479:39: warning: implicit conversion from 'int' to 'u8' (aka 'unsigned char') changes value from 2880 to 64 [-Wconstant-conversion]
                        /* Data[1].ctlEdges[0].bChannel */ FREQ2FBIN(5180, 0),
                                                           ^~~~~~~~~~~~~~~~~~
/home/cross/kernel/android_kernel_xiaomi_lavender/drivers/net/wireless/ath/ath9k/eeprom.h:98:38: note: expanded from macro 'FREQ2FBIN'
#define FREQ2FBIN(x, y)         ((y) ? ((x) - 2300) : (((x) - 4800) / 5))
                                        ~~~~^~~~~~
/home/cross/kernel/android_kernel_xiaomi_lavender/drivers/net/wireless/ath/ath9k/ar9003_eeprom.c:480:39: warning: implicit conversion from 'int' to 'u8' (aka 'unsigned char') changes value from 2960 to 144 [-Wconstant-conversion]
                        /* Data[1].ctlEdges[1].bChannel */ FREQ2FBIN(5260, 0),
                                                           ^~~~~~~~~~~~~~~~~~
/home/cross/kernel/android_kernel_xiaomi_lavender/drivers/net/wireless/ath/ath9k/eeprom.h:98:38: note: expanded from macro 'FREQ2FBIN'
#define FREQ2FBIN(x, y)         ((y) ? ((x) - 2300) : (((x) - 4800) / 5))
                                        ~~~~^~~~~~
/home/cross/kernel/android_kernel_xiaomi_lavender/drivers/net/wireless/ath/ath9k/ar9003_eeprom.c:481:39: warning: implicit conversion from 'int' to 'u8' (aka 'unsigned char') changes value from 2980 to 164 [-Wconstant-conversion]
                        /* Data[1].ctlEdges[2].bChannel */ FREQ2FBIN(5280, 0),
                                                           ^~~~~~~~~~~~~~~~~~
/home/cross/kernel/android_kernel_xiaomi_lavender/drivers/net/wireless/ath/ath9k/eeprom.h:98:38: note: expanded from macro 'FREQ2FBIN'
#define FREQ2FBIN(x, y)         ((y) ? ((x) - 2300) : (((x) - 4800) / 5))
                                        ~~~~^~~~~~
/home/cross/kernel/android_kernel_xiaomi_lavender/drivers/net/wireless/ath/ath9k/ar9003_eeprom.c:482:39: warning: implicit conversion from 'int' to 'u8' (aka 'unsigned char') changes value from 3200 to 128 [-Wconstant-conversion]
                        /* Data[1].ctlEdges[3].bChannel */ FREQ2FBIN(5500, 0),
                                                           ^~~~~~~~~~~~~~~~~~
/home/cross/kernel/android_kernel_xiaomi_lavender/drivers/net/wireless/ath/ath9k/eeprom.h:98:38: note: expanded from macro 'FREQ2FBIN'
#define FREQ2FBIN(x, y)         ((y) ? ((x) - 2300) : (((x) - 4800) / 5))
                                        ~~~~^~~~~~
/home/cross/kernel/android_kernel_xiaomi_lavender/drivers/net/wireless/ath/ath9k/ar9003_eeprom.c:483:39: warning: implicit conversion from 'int' to 'u8' (aka 'unsigned char') changes value from 3220 to 148 [-Wconstant-conversion]
                        /* Data[1].ctlEdges[4].bChannel */ FREQ2FBIN(5520, 0),
                                                           ^~~~~~~~~~~~~~~~~~
/home/cross/kernel/android_kernel_xiaomi_lavender/drivers/net/wireless/ath/ath9k/eeprom.h:98:38: note: expanded from macro 'FREQ2FBIN'
#define FREQ2FBIN(x, y)         ((y) ? ((x) - 2300) : (((x) - 4800) / 5))
                                        ~~~~^~~~~~
/home/cross/kernel/android_kernel_xiaomi_lavender/drivers/net/wireless/ath/ath9k/ar9003_eeprom.c:484:39: warning: implicit conversion from 'int' to 'u8' (aka 'unsigned char') changes value from 3400 to 72 [-Wconstant-conversion]
                        /* Data[1].ctlEdges[5].bChannel */ FREQ2FBIN(5700, 0),
                                                           ^~~~~~~~~~~~~~~~~~
/home/cross/kernel/android_kernel_xiaomi_lavender/drivers/net/wireless/ath/ath9k/eeprom.h:98:38: note: expanded from macro 'FREQ2FBIN'
#define FREQ2FBIN(x, y)         ((y) ? ((x) - 2300) : (((x) - 4800) / 5))
                                        ~~~~^~~~~~
/home/cross/kernel/android_kernel_xiaomi_lavender/drivers/net/wireless/ath/ath9k/ar9003_eeprom.c:485:39: warning: implicit conversion from 'int' to 'u8' (aka 'unsigned char') changes value from 3445 to 117 [-Wconstant-conversion]
                        /* Data[1].ctlEdges[6].bChannel */ FREQ2FBIN(5745, 0),
                                                           ^~~~~~~~~~~~~~~~~~
/home/cross/kernel/android_kernel_xiaomi_lavender/drivers/net/wireless/ath/ath9k/eeprom.h:98:38: note: expanded from macro 'FREQ2FBIN'
#define FREQ2FBIN(x, y)         ((y) ? ((x) - 2300) : (((x) - 4800) / 5))
                                        ~~~~^~~~~~
/home/cross/kernel/android_kernel_xiaomi_lavender/drivers/net/wireless/ath/ath9k/ar9003_eeprom.c:486:39: warning: implicit conversion from 'int' to 'u8' (aka 'unsigned char') changes value from 3525 to 197 [-Wconstant-conversion]
                        /* Data[1].ctlEdges[7].bChannel */ FREQ2FBIN(5825, 0)
                                                           ^~~~~~~~~~~~~~~~~~
/home/cross/kernel/android_kernel_xiaomi_lavender/drivers/net/wireless/ath/ath9k/eeprom.h:98:38: note: expanded from macro 'FREQ2FBIN'
#define FREQ2FBIN(x, y)         ((y) ? ((x) - 2300) : (((x) - 4800) / 5))
                                        ~~~~^~~~~~
/home/cross/kernel/android_kernel_xiaomi_lavender/drivers/net/wireless/ath/ath9k/ar9003_eeprom.c:490:39: warning: implicit conversion from 'int' to 'u8' (aka 'unsigned char') changes value from 2890 to 74 [-Wconstant-conversion]
                        /* Data[2].ctlEdges[0].bChannel */ FREQ2FBIN(5190, 0),
                                                           ^~~~~~~~~~~~~~~~~~
/home/cross/kernel/android_kernel_xiaomi_lavender/drivers/net/wireless/ath/ath9k/eeprom.h:98:38: note: expanded from macro 'FREQ2FBIN'
#define FREQ2FBIN(x, y)         ((y) ? ((x) - 2300) : (((x) - 4800) / 5))
                                        ~~~~^~~~~~
/home/cross/kernel/android_kernel_xiaomi_lavender/drivers/net/wireless/ath/ath9k/ar9003_eeprom.c:491:39: warning: implicit conversion from 'int' to 'u8' (aka 'unsigned char') changes value from 2930 to 114 [-Wconstant-conversion]
                        /* Data[2].ctlEdges[1].bChannel */ FREQ2FBIN(5230, 0),
                                                           ^~~~~~~~~~~~~~~~~~
/home/cross/kernel/android_kernel_xiaomi_lavender/drivers/net/wireless/ath/ath9k/eeprom.h:98:38: note: expanded from macro 'FREQ2FBIN'
#define FREQ2FBIN(x, y)         ((y) ? ((x) - 2300) : (((x) - 4800) / 5))
                                        ~~~~^~~~~~
/home/cross/kernel/android_kernel_xiaomi_lavender/drivers/net/wireless/ath/ath9k/ar9003_eeprom.c:492:39: warning: implicit conversion from 'int' to 'u8' (aka 'unsigned char') changes value from 2970 to 154 [-Wconstant-conversion]
                        /* Data[2].ctlEdges[2].bChannel */ FREQ2FBIN(5270, 0),
                                                           ^~~~~~~~~~~~~~~~~~
/home/cross/kernel/android_kernel_xiaomi_lavender/drivers/net/wireless/ath/ath9k/eeprom.h:98:38: note: expanded from macro 'FREQ2FBIN'
#define FREQ2FBIN(x, y)         ((y) ? ((x) - 2300) : (((x) - 4800) / 5))
                                        ~~~~^~~~~~
/home/cross/kernel/android_kernel_xiaomi_lavender/drivers/net/wireless/ath/ath9k/ar9003_eeprom.c:493:39: warning: implicit conversion from 'int' to 'u8' (aka 'unsigned char') changes value from 3010 to 194 [-Wconstant-conversion]
                        /* Data[2].ctlEdges[3].bChannel */ FREQ2FBIN(5310, 0),
                                                           ^~~~~~~~~~~~~~~~~~
/home/cross/kernel/android_kernel_xiaomi_lavender/drivers/net/wireless/ath/ath9k/eeprom.h:98:38: note: expanded from macro 'FREQ2FBIN'
#define FREQ2FBIN(x, y)         ((y) ? ((x) - 2300) : (((x) - 4800) / 5))
                                        ~~~~^~~~~~
/home/cross/kernel/android_kernel_xiaomi_lavender/drivers/net/wireless/ath/ath9k/ar9003_eeprom.c:494:39: warning: implicit conversion from 'int' to 'u8' (aka 'unsigned char') changes value from 3210 to 138 [-Wconstant-conversion]
                        /* Data[2].ctlEdges[4].bChannel */ FREQ2FBIN(5510, 0),
                                                           ^~~~~~~~~~~~~~~~~~
/home/cross/kernel/android_kernel_xiaomi_lavender/drivers/net/wireless/ath/ath9k/eeprom.h:98:38: note: expanded from macro 'FREQ2FBIN'
#define FREQ2FBIN(x, y)         ((y) ? ((x) - 2300) : (((x) - 4800) / 5))
                                        ~~~~^~~~~~
/home/cross/kernel/android_kernel_xiaomi_lavender/drivers/net/wireless/ath/ath9k/ar9003_eeprom.c:495:39: warning: implicit conversion from 'int' to 'u8' (aka 'unsigned char') changes value from 3250 to 178 [-Wconstant-conversion]
                        /* Data[2].ctlEdges[5].bChannel */ FREQ2FBIN(5550, 0),
                                                           ^~~~~~~~~~~~~~~~~~
/home/cross/kernel/android_kernel_xiaomi_lavender/drivers/net/wireless/ath/ath9k/eeprom.h:98:38: note: expanded from macro 'FREQ2FBIN'
#define FREQ2FBIN(x, y)         ((y) ? ((x) - 2300) : (((x) - 4800) / 5))
                                        ~~~~^~~~~~
/home/cross/kernel/android_kernel_xiaomi_lavender/drivers/net/wireless/ath/ath9k/ar9003_eeprom.c:496:39: warning: implicit conversion from 'int' to 'u8' (aka 'unsigned char') changes value from 3370 to 42 [-Wconstant-conversion]
                        /* Data[2].ctlEdges[6].bChannel */ FREQ2FBIN(5670, 0),
                                                           ^~~~~~~~~~~~~~~~~~
/home/cross/kernel/android_kernel_xiaomi_lavender/drivers/net/wireless/ath/ath9k/eeprom.h:98:38: note: expanded from macro 'FREQ2FBIN'
#define FREQ2FBIN(x, y)         ((y) ? ((x) - 2300) : (((x) - 4800) / 5))
                                        ~~~~^~~~~~
/home/cross/kernel/android_kernel_xiaomi_lavender/drivers/net/wireless/ath/ath9k/ar9003_eeprom.c:497:39: warning: implicit conversion from 'int' to 'u8' (aka 'unsigned char') changes value from 3455 to 127 [-Wconstant-conversion]
                        /* Data[2].ctlEdges[7].bChannel */ FREQ2FBIN(5755, 0)
                                                           ^~~~~~~~~~~~~~~~~~
/home/cross/kernel/android_kernel_xiaomi_lavender/drivers/net/wireless/ath/ath9k/eeprom.h:98:38: note: expanded from macro 'FREQ2FBIN'
#define FREQ2FBIN(x, y)         ((y) ? ((x) - 2300) : (((x) - 4800) / 5))
                                        ~~~~^~~~~~
/home/cross/kernel/android_kernel_xiaomi_lavender/drivers/net/wireless/ath/ath9k/ar9003_eeprom.c:501:39: warning: implicit conversion from 'int' to 'u8' (aka 'unsigned char') changes value from 2880 to 64 [-Wconstant-conversion]
                        /* Data[3].ctlEdges[0].bChannel */ FREQ2FBIN(5180, 0),
                                                           ^~~~~~~~~~~~~~~~~~
/home/cross/kernel/android_kernel_xiaomi_lavender/drivers/net/wireless/ath/ath9k/eeprom.h:98:38: note: expanded from macro 'FREQ2FBIN'
#define FREQ2FBIN(x, y)         ((y) ? ((x) - 2300) : (((x) - 4800) / 5))
                                        ~~~~^~~~~~
/home/cross/kernel/android_kernel_xiaomi_lavender/drivers/net/wireless/ath/ath9k/ar9003_eeprom.c:502:39: warning: implicit conversion from 'int' to 'u8' (aka 'unsigned char') changes value from 2900 to 84 [-Wconstant-conversion]
                        /* Data[3].ctlEdges[1].bChannel */ FREQ2FBIN(5200, 0),
                                                           ^~~~~~~~~~~~~~~~~~
/home/cross/kernel/android_kernel_xiaomi_lavender/drivers/net/wireless/ath/ath9k/eeprom.h:98:38: note: expanded from macro 'FREQ2FBIN'
#define FREQ2FBIN(x, y)         ((y) ? ((x) - 2300) : (((x) - 4800) / 5))
                                        ~~~~^~~~~~
/home/cross/kernel/android_kernel_xiaomi_lavender/drivers/net/wireless/ath/ath9k/ar9003_eeprom.c:503:39: warning: implicit conversion from 'int' to 'u8' (aka 'unsigned char') changes value from 2960 to 144 [-Wconstant-conversion]
                        /* Data[3].ctlEdges[2].bChannel */ FREQ2FBIN(5260, 0),
                                                           ^~~~~~~~~~~~~~~~~~
/home/cross/kernel/android_kernel_xiaomi_lavender/drivers/net/wireless/ath/ath9k/eeprom.h:98:38: note: expanded from macro 'FREQ2FBIN'
#define FREQ2FBIN(x, y)         ((y) ? ((x) - 2300) : (((x) - 4800) / 5))
                                        ~~~~^~~~~~
/home/cross/kernel/android_kernel_xiaomi_lavender/drivers/net/wireless/ath/ath9k/ar9003_eeprom.c:504:39: warning: implicit conversion from 'int' to 'u8' (aka 'unsigned char') changes value from 3020 to 204 [-Wconstant-conversion]
                        /* Data[3].ctlEdges[3].bChannel */ FREQ2FBIN(5320, 0),
                                                           ^~~~~~~~~~~~~~~~~~
/home/cross/kernel/android_kernel_xiaomi_lavender/drivers/net/wireless/ath/ath9k/eeprom.h:98:38: note: expanded from macro 'FREQ2FBIN'
#define FREQ2FBIN(x, y)         ((y) ? ((x) - 2300) : (((x) - 4800) / 5))
                                        ~~~~^~~~~~
/home/cross/kernel/android_kernel_xiaomi_lavender/drivers/net/wireless/ath/ath9k/ar9003_eeprom.c:505:39: warning: implicit conversion from 'int' to 'u8' (aka 'unsigned char') changes value from 3200 to 128 [-Wconstant-conversion]
                        /* Data[3].ctlEdges[4].bChannel */ FREQ2FBIN(5500, 0),
                                                           ^~~~~~~~~~~~~~~~~~
/home/cross/kernel/android_kernel_xiaomi_lavender/drivers/net/wireless/ath/ath9k/eeprom.h:98:38: note: expanded from macro 'FREQ2FBIN'
#define FREQ2FBIN(x, y)         ((y) ? ((x) - 2300) : (((x) - 4800) / 5))
                                        ~~~~^~~~~~
/home/cross/kernel/android_kernel_xiaomi_lavender/drivers/net/wireless/ath/ath9k/ar9003_eeprom.c:506:39: warning: implicit conversion from 'int' to 'u8' (aka 'unsigned char') changes value from 3400 to 72 [-Wconstant-conversion]
                        /* Data[3].ctlEdges[5].bChannel */ FREQ2FBIN(5700, 0),
                                                           ^~~~~~~~~~~~~~~~~~
/home/cross/kernel/android_kernel_xiaomi_lavender/drivers/net/wireless/ath/ath9k/eeprom.h:98:38: note: expanded from macro 'FREQ2FBIN'
#define FREQ2FBIN(x, y)         ((y) ? ((x) - 2300) : (((x) - 4800) / 5))
                                        ~~~~^~~~~~
/home/cross/kernel/android_kernel_xiaomi_lavender/drivers/net/wireless/ath/ath9k/ar9003_eeprom.c:512:39: warning: implicit conversion from 'int' to 'u8' (aka 'unsigned char') changes value from 2880 to 64 [-Wconstant-conversion]
                        /* Data[4].ctlEdges[0].bChannel */ FREQ2FBIN(5180, 0),
                                                           ^~~~~~~~~~~~~~~~~~
/home/cross/kernel/android_kernel_xiaomi_lavender/drivers/net/wireless/ath/ath9k/eeprom.h:98:38: note: expanded from macro 'FREQ2FBIN'
#define FREQ2FBIN(x, y)         ((y) ? ((x) - 2300) : (((x) - 4800) / 5))
                                        ~~~~^~~~~~
/home/cross/kernel/android_kernel_xiaomi_lavender/drivers/net/wireless/ath/ath9k/ar9003_eeprom.c:513:39: warning: implicit conversion from 'int' to 'u8' (aka 'unsigned char') changes value from 2960 to 144 [-Wconstant-conversion]
                        /* Data[4].ctlEdges[1].bChannel */ FREQ2FBIN(5260, 0),
                                                           ^~~~~~~~~~~~~~~~~~
/home/cross/kernel/android_kernel_xiaomi_lavender/drivers/net/wireless/ath/ath9k/eeprom.h:98:38: note: expanded from macro 'FREQ2FBIN'
#define FREQ2FBIN(x, y)         ((y) ? ((x) - 2300) : (((x) - 4800) / 5))
                                        ~~~~^~~~~~
/home/cross/kernel/android_kernel_xiaomi_lavender/drivers/net/wireless/ath/ath9k/ar9003_eeprom.c:514:39: warning: implicit conversion from 'int' to 'u8' (aka 'unsigned char') changes value from 3200 to 128 [-Wconstant-conversion]
                        /* Data[4].ctlEdges[2].bChannel */ FREQ2FBIN(5500, 0),
                                                           ^~~~~~~~~~~~~~~~~~
/home/cross/kernel/android_kernel_xiaomi_lavender/drivers/net/wireless/ath/ath9k/eeprom.h:98:38: note: expanded from macro 'FREQ2FBIN'
#define FREQ2FBIN(x, y)         ((y) ? ((x) - 2300) : (((x) - 4800) / 5))
                                        ~~~~^~~~~~
/home/cross/kernel/android_kernel_xiaomi_lavender/drivers/net/wireless/ath/ath9k/ar9003_eeprom.c:515:39: warning: implicit conversion from 'int' to 'u8' (aka 'unsigned char') changes value from 3400 to 72 [-Wconstant-conversion]
                        /* Data[4].ctlEdges[3].bChannel */ FREQ2FBIN(5700, 0),
                                                           ^~~~~~~~~~~~~~~~~~
/home/cross/kernel/android_kernel_xiaomi_lavender/drivers/net/wireless/ath/ath9k/eeprom.h:98:38: note: expanded from macro 'FREQ2FBIN'
#define FREQ2FBIN(x, y)         ((y) ? ((x) - 2300) : (((x) - 4800) / 5))
                                        ~~~~^~~~~~
/home/cross/kernel/android_kernel_xiaomi_lavender/drivers/net/wireless/ath/ath9k/ar9003_eeprom.c:523:39: warning: implicit conversion from 'int' to 'u8' (aka 'unsigned char') changes value from 2890 to 74 [-Wconstant-conversion]
                        /* Data[5].ctlEdges[0].bChannel */ FREQ2FBIN(5190, 0),
                                                           ^~~~~~~~~~~~~~~~~~
/home/cross/kernel/android_kernel_xiaomi_lavender/drivers/net/wireless/ath/ath9k/eeprom.h:98:38: note: expanded from macro 'FREQ2FBIN'
#define FREQ2FBIN(x, y)         ((y) ? ((x) - 2300) : (((x) - 4800) / 5))
                                        ~~~~^~~~~~
/home/cross/kernel/android_kernel_xiaomi_lavender/drivers/net/wireless/ath/ath9k/ar9003_eeprom.c:524:39: warning: implicit conversion from 'int' to 'u8' (aka 'unsigned char') changes value from 2970 to 154 [-Wconstant-conversion]
                        /* Data[5].ctlEdges[1].bChannel */ FREQ2FBIN(5270, 0),
                                                           ^~~~~~~~~~~~~~~~~~
/home/cross/kernel/android_kernel_xiaomi_lavender/drivers/net/wireless/ath/ath9k/eeprom.h:98:38: note: expanded from macro 'FREQ2FBIN'
#define FREQ2FBIN(x, y)         ((y) ? ((x) - 2300) : (((x) - 4800) / 5))
                                        ~~~~^~~~~~
/home/cross/kernel/android_kernel_xiaomi_lavender/drivers/net/wireless/ath/ath9k/ar9003_eeprom.c:525:39: warning: implicit conversion from 'int' to 'u8' (aka 'unsigned char') changes value from 3010 to 194 [-Wconstant-conversion]
                        /* Data[5].ctlEdges[2].bChannel */ FREQ2FBIN(5310, 0),
                                                           ^~~~~~~~~~~~~~~~~~
/home/cross/kernel/android_kernel_xiaomi_lavender/drivers/net/wireless/ath/ath9k/eeprom.h:98:38: note: expanded from macro 'FREQ2FBIN'
#define FREQ2FBIN(x, y)         ((y) ? ((x) - 2300) : (((x) - 4800) / 5))
                                        ~~~~^~~~~~
/home/cross/kernel/android_kernel_xiaomi_lavender/drivers/net/wireless/ath/ath9k/ar9003_eeprom.c:526:39: warning: implicit conversion from 'int' to 'u8' (aka 'unsigned char') changes value from 3210 to 138 [-Wconstant-conversion]
                        /* Data[5].ctlEdges[3].bChannel */ FREQ2FBIN(5510, 0),
                                                           ^~~~~~~~~~~~~~~~~~
/home/cross/kernel/android_kernel_xiaomi_lavender/drivers/net/wireless/ath/ath9k/eeprom.h:98:38: note: expanded from macro 'FREQ2FBIN'
#define FREQ2FBIN(x, y)         ((y) ? ((x) - 2300) : (((x) - 4800) / 5))
                                        ~~~~^~~~~~
/home/cross/kernel/android_kernel_xiaomi_lavender/drivers/net/wireless/ath/ath9k/ar9003_eeprom.c:527:39: warning: implicit conversion from 'int' to 'u8' (aka 'unsigned char') changes value from 3290 to 218 [-Wconstant-conversion]
                        /* Data[5].ctlEdges[4].bChannel */ FREQ2FBIN(5590, 0),
                                                           ^~~~~~~~~~~~~~~~~~
/home/cross/kernel/android_kernel_xiaomi_lavender/drivers/net/wireless/ath/ath9k/eeprom.h:98:38: note: expanded from macro 'FREQ2FBIN'
#define FREQ2FBIN(x, y)         ((y) ? ((x) - 2300) : (((x) - 4800) / 5))
                                        ~~~~^~~~~~
/home/cross/kernel/android_kernel_xiaomi_lavender/drivers/net/wireless/ath/ath9k/ar9003_eeprom.c:528:39: warning: implicit conversion from 'int' to 'u8' (aka 'unsigned char') changes value from 3370 to 42 [-Wconstant-conversion]
                        /* Data[5].ctlEdges[5].bChannel */ FREQ2FBIN(5670, 0),
                                                           ^~~~~~~~~~~~~~~~~~
/home/cross/kernel/android_kernel_xiaomi_lavender/drivers/net/wireless/ath/ath9k/eeprom.h:98:38: note: expanded from macro 'FREQ2FBIN'
#define FREQ2FBIN(x, y)         ((y) ? ((x) - 2300) : (((x) - 4800) / 5))
                                        ~~~~^~~~~~
/home/cross/kernel/android_kernel_xiaomi_lavender/drivers/net/wireless/ath/ath9k/ar9003_eeprom.c:534:39: warning: implicit conversion from 'int' to 'u8' (aka 'unsigned char') changes value from 2880 to 64 [-Wconstant-conversion]
                        /* Data[6].ctlEdges[0].bChannel */ FREQ2FBIN(5180, 0),
                                                           ^~~~~~~~~~~~~~~~~~
/home/cross/kernel/android_kernel_xiaomi_lavender/drivers/net/wireless/ath/ath9k/eeprom.h:98:38: note: expanded from macro 'FREQ2FBIN'
#define FREQ2FBIN(x, y)         ((y) ? ((x) - 2300) : (((x) - 4800) / 5))
                                        ~~~~^~~~~~
/home/cross/kernel/android_kernel_xiaomi_lavender/drivers/net/wireless/ath/ath9k/ar9003_eeprom.c:535:39: warning: implicit conversion from 'int' to 'u8' (aka 'unsigned char') changes value from 2900 to 84 [-Wconstant-conversion]
                        /* Data[6].ctlEdges[1].bChannel */ FREQ2FBIN(5200, 0),
                                                           ^~~~~~~~~~~~~~~~~~
/home/cross/kernel/android_kernel_xiaomi_lavender/drivers/net/wireless/ath/ath9k/eeprom.h:98:38: note: expanded from macro 'FREQ2FBIN'
#define FREQ2FBIN(x, y)         ((y) ? ((x) - 2300) : (((x) - 4800) / 5))
                                        ~~~~^~~~~~
/home/cross/kernel/android_kernel_xiaomi_lavender/drivers/net/wireless/ath/ath9k/ar9003_eeprom.c:536:39: warning: implicit conversion from 'int' to 'u8' (aka 'unsigned char') changes value from 2920 to 104 [-Wconstant-conversion]
                        /* Data[6].ctlEdges[2].bChannel */ FREQ2FBIN(5220, 0),
                                                           ^~~~~~~~~~~~~~~~~~
/home/cross/kernel/android_kernel_xiaomi_lavender/drivers/net/wireless/ath/ath9k/eeprom.h:98:38: note: expanded from macro 'FREQ2FBIN'
#define FREQ2FBIN(x, y)         ((y) ? ((x) - 2300) : (((x) - 4800) / 5))
                                        ~~~~^~~~~~
/home/cross/kernel/android_kernel_xiaomi_lavender/drivers/net/wireless/ath/ath9k/ar9003_eeprom.c:537:39: warning: implicit conversion from 'int' to 'u8' (aka 'unsigned char') changes value from 2960 to 144 [-Wconstant-conversion]
                        /* Data[6].ctlEdges[3].bChannel */ FREQ2FBIN(5260, 0),
                                                           ^~~~~~~~~~~~~~~~~~
/home/cross/kernel/android_kernel_xiaomi_lavender/drivers/net/wireless/ath/ath9k/eeprom.h:98:38: note: expanded from macro 'FREQ2FBIN'
#define FREQ2FBIN(x, y)         ((y) ? ((x) - 2300) : (((x) - 4800) / 5))
                                        ~~~~^~~~~~
/home/cross/kernel/android_kernel_xiaomi_lavender/drivers/net/wireless/ath/ath9k/ar9003_eeprom.c:538:39: warning: implicit conversion from 'int' to 'u8' (aka 'unsigned char') changes value from 3200 to 128 [-Wconstant-conversion]
                        /* Data[6].ctlEdges[4].bChannel */ FREQ2FBIN(5500, 0),
                                                           ^~~~~~~~~~~~~~~~~~
/home/cross/kernel/android_kernel_xiaomi_lavender/drivers/net/wireless/ath/ath9k/eeprom.h:98:38: note: expanded from macro 'FREQ2FBIN'
#define FREQ2FBIN(x, y)         ((y) ? ((x) - 2300) : (((x) - 4800) / 5))
                                        ~~~~^~~~~~
/home/cross/kernel/android_kernel_xiaomi_lavender/drivers/net/wireless/ath/ath9k/ar9003_eeprom.c:539:39: warning: implicit conversion from 'int' to 'u8' (aka 'unsigned char') changes value from 3300 to 228 [-Wconstant-conversion]
                        /* Data[6].ctlEdges[5].bChannel */ FREQ2FBIN(5600, 0),
                                                           ^~~~~~~~~~~~~~~~~~
/home/cross/kernel/android_kernel_xiaomi_lavender/drivers/net/wireless/ath/ath9k/eeprom.h:98:38: note: expanded from macro 'FREQ2FBIN'
#define FREQ2FBIN(x, y)         ((y) ? ((x) - 2300) : (((x) - 4800) / 5))
                                        ~~~~^~~~~~
/home/cross/kernel/android_kernel_xiaomi_lavender/drivers/net/wireless/ath/ath9k/ar9003_eeprom.c:540:39: warning: implicit conversion from 'int' to 'u8' (aka 'unsigned char') changes value from 3400 to 72 [-Wconstant-conversion]
                        /* Data[6].ctlEdges[6].bChannel */ FREQ2FBIN(5700, 0),
                                                           ^~~~~~~~~~~~~~~~~~
/home/cross/kernel/android_kernel_xiaomi_lavender/drivers/net/wireless/ath/ath9k/eeprom.h:98:38: note: expanded from macro 'FREQ2FBIN'
#define FREQ2FBIN(x, y)         ((y) ? ((x) - 2300) : (((x) - 4800) / 5))
                                        ~~~~^~~~~~
/home/cross/kernel/android_kernel_xiaomi_lavender/drivers/net/wireless/ath/ath9k/ar9003_eeprom.c:541:39: warning: implicit conversion from 'int' to 'u8' (aka 'unsigned char') changes value from 3445 to 117 [-Wconstant-conversion]
                        /* Data[6].ctlEdges[7].bChannel */ FREQ2FBIN(5745, 0)
                                                           ^~~~~~~~~~~~~~~~~~
/home/cross/kernel/android_kernel_xiaomi_lavender/drivers/net/wireless/ath/ath9k/eeprom.h:98:38: note: expanded from macro 'FREQ2FBIN'
#define FREQ2FBIN(x, y)         ((y) ? ((x) - 2300) : (((x) - 4800) / 5))
                                        ~~~~^~~~~~
/home/cross/kernel/android_kernel_xiaomi_lavender/drivers/net/wireless/ath/ath9k/ar9003_eeprom.c:545:39: warning: implicit conversion from 'int' to 'u8' (aka 'unsigned char') changes value from 2880 to 64 [-Wconstant-conversion]
                        /* Data[7].ctlEdges[0].bChannel */ FREQ2FBIN(5180, 0),
                                                           ^~~~~~~~~~~~~~~~~~
/home/cross/kernel/android_kernel_xiaomi_lavender/drivers/net/wireless/ath/ath9k/eeprom.h:98:38: note: expanded from macro 'FREQ2FBIN'
#define FREQ2FBIN(x, y)         ((y) ? ((x) - 2300) : (((x) - 4800) / 5))
                                        ~~~~^~~~~~
/home/cross/kernel/android_kernel_xiaomi_lavender/drivers/net/wireless/ath/ath9k/ar9003_eeprom.c:546:39: warning: implicit conversion from 'int' to 'u8' (aka 'unsigned char') changes value from 2960 to 144 [-Wconstant-conversion]
                        /* Data[7].ctlEdges[1].bChannel */ FREQ2FBIN(5260, 0),
                                                           ^~~~~~~~~~~~~~~~~~
/home/cross/kernel/android_kernel_xiaomi_lavender/drivers/net/wireless/ath/ath9k/eeprom.h:98:38: note: expanded from macro 'FREQ2FBIN'
#define FREQ2FBIN(x, y)         ((y) ? ((x) - 2300) : (((x) - 4800) / 5))
                                        ~~~~^~~~~~
/home/cross/kernel/android_kernel_xiaomi_lavender/drivers/net/wireless/ath/ath9k/ar9003_eeprom.c:547:39: warning: implicit conversion from 'int' to 'u8' (aka 'unsigned char') changes value from 3020 to 204 [-Wconstant-conversion]
                        /* Data[7].ctlEdges[2].bChannel */ FREQ2FBIN(5320, 0),
                                                           ^~~~~~~~~~~~~~~~~~
/home/cross/kernel/android_kernel_xiaomi_lavender/drivers/net/wireless/ath/ath9k/eeprom.h:98:38: note: expanded from macro 'FREQ2FBIN'
#define FREQ2FBIN(x, y)         ((y) ? ((x) - 2300) : (((x) - 4800) / 5))
                                        ~~~~^~~~~~
/home/cross/kernel/android_kernel_xiaomi_lavender/drivers/net/wireless/ath/ath9k/ar9003_eeprom.c:548:39: warning: implicit conversion from 'int' to 'u8' (aka 'unsigned char') changes value from 3200 to 128 [-Wconstant-conversion]
                        /* Data[7].ctlEdges[3].bChannel */ FREQ2FBIN(5500, 0),
                                                           ^~~~~~~~~~~~~~~~~~
/home/cross/kernel/android_kernel_xiaomi_lavender/drivers/net/wireless/ath/ath9k/eeprom.h:98:38: note: expanded from macro 'FREQ2FBIN'
#define FREQ2FBIN(x, y)         ((y) ? ((x) - 2300) : (((x) - 4800) / 5))
                                        ~~~~^~~~~~
/home/cross/kernel/android_kernel_xiaomi_lavender/drivers/net/wireless/ath/ath9k/ar9003_eeprom.c:549:39: warning: implicit conversion from 'int' to 'u8' (aka 'unsigned char') changes value from 3260 to 188 [-Wconstant-conversion]
                        /* Data[7].ctlEdges[4].bChannel */ FREQ2FBIN(5560, 0),
                                                           ^~~~~~~~~~~~~~~~~~
/home/cross/kernel/android_kernel_xiaomi_lavender/drivers/net/wireless/ath/ath9k/eeprom.h:98:38: note: expanded from macro 'FREQ2FBIN'
#define FREQ2FBIN(x, y)         ((y) ? ((x) - 2300) : (((x) - 4800) / 5))
                                        ~~~~^~~~~~
/home/cross/kernel/android_kernel_xiaomi_lavender/drivers/net/wireless/ath/ath9k/ar9003_eeprom.c:550:39: warning: implicit conversion from 'int' to 'u8' (aka 'unsigned char') changes value from 3400 to 72 [-Wconstant-conversion]
                        /* Data[7].ctlEdges[5].bChannel */ FREQ2FBIN(5700, 0),
                                                           ^~~~~~~~~~~~~~~~~~
/home/cross/kernel/android_kernel_xiaomi_lavender/drivers/net/wireless/ath/ath9k/eeprom.h:98:38: note: expanded from macro 'FREQ2FBIN'
#define FREQ2FBIN(x, y)         ((y) ? ((x) - 2300) : (((x) - 4800) / 5))
                                        ~~~~^~~~~~
/home/cross/kernel/android_kernel_xiaomi_lavender/drivers/net/wireless/ath/ath9k/ar9003_eeprom.c:551:39: warning: implicit conversion from 'int' to 'u8' (aka 'unsigned char') changes value from 3445 to 117 [-Wconstant-conversion]
                        /* Data[7].ctlEdges[6].bChannel */ FREQ2FBIN(5745, 0),
                                                           ^~~~~~~~~~~~~~~~~~
/home/cross/kernel/android_kernel_xiaomi_lavender/drivers/net/wireless/ath/ath9k/eeprom.h:98:38: note: expanded from macro 'FREQ2FBIN'
#define FREQ2FBIN(x, y)         ((y) ? ((x) - 2300) : (((x) - 4800) / 5))
                                        ~~~~^~~~~~
/home/cross/kernel/android_kernel_xiaomi_lavender/drivers/net/wireless/ath/ath9k/ar9003_eeprom.c:552:39: warning: implicit conversion from 'int' to 'u8' (aka 'unsigned char') changes value from 3525 to 197 [-Wconstant-conversion]
                        /* Data[7].ctlEdges[7].bChannel */ FREQ2FBIN(5825, 0)
                                                           ^~~~~~~~~~~~~~~~~~
/home/cross/kernel/android_kernel_xiaomi_lavender/drivers/net/wireless/ath/ath9k/eeprom.h:98:38: note: expanded from macro 'FREQ2FBIN'
#define FREQ2FBIN(x, y)         ((y) ? ((x) - 2300) : (((x) - 4800) / 5))
                                        ~~~~^~~~~~
/home/cross/kernel/android_kernel_xiaomi_lavender/drivers/net/wireless/ath/ath9k/ar9003_eeprom.c:556:39: warning: implicit conversion from 'int' to 'u8' (aka 'unsigned char') changes value from 2890 to 74 [-Wconstant-conversion]
                        /* Data[8].ctlEdges[0].bChannel */ FREQ2FBIN(5190, 0),
                                                           ^~~~~~~~~~~~~~~~~~
/home/cross/kernel/android_kernel_xiaomi_lavender/drivers/net/wireless/ath/ath9k/eeprom.h:98:38: note: expanded from macro 'FREQ2FBIN'
#define FREQ2FBIN(x, y)         ((y) ? ((x) - 2300) : (((x) - 4800) / 5))
                                        ~~~~^~~~~~
/home/cross/kernel/android_kernel_xiaomi_lavender/drivers/net/wireless/ath/ath9k/ar9003_eeprom.c:557:39: warning: implicit conversion from 'int' to 'u8' (aka 'unsigned char') changes value from 2930 to 114 [-Wconstant-conversion]
                        /* Data[8].ctlEdges[1].bChannel */ FREQ2FBIN(5230, 0),
                                                           ^~~~~~~~~~~~~~~~~~
/home/cross/kernel/android_kernel_xiaomi_lavender/drivers/net/wireless/ath/ath9k/eeprom.h:98:38: note: expanded from macro 'FREQ2FBIN'
#define FREQ2FBIN(x, y)         ((y) ? ((x) - 2300) : (((x) - 4800) / 5))
                                        ~~~~^~~~~~
/home/cross/kernel/android_kernel_xiaomi_lavender/drivers/net/wireless/ath/ath9k/ar9003_eeprom.c:558:39: warning: implicit conversion from 'int' to 'u8' (aka 'unsigned char') changes value from 2970 to 154 [-Wconstant-conversion]
                        /* Data[8].ctlEdges[2].bChannel */ FREQ2FBIN(5270, 0),
                                                           ^~~~~~~~~~~~~~~~~~
/home/cross/kernel/android_kernel_xiaomi_lavender/drivers/net/wireless/ath/ath9k/eeprom.h:98:38: note: expanded from macro 'FREQ2FBIN'
#define FREQ2FBIN(x, y)         ((y) ? ((x) - 2300) : (((x) - 4800) / 5))
                                        ~~~~^~~~~~
/home/cross/kernel/android_kernel_xiaomi_lavender/drivers/net/wireless/ath/ath9k/ar9003_eeprom.c:559:39: warning: implicit conversion from 'int' to 'u8' (aka 'unsigned char') changes value from 3210 to 138 [-Wconstant-conversion]
                        /* Data[8].ctlEdges[3].bChannel */ FREQ2FBIN(5510, 0),
                                                           ^~~~~~~~~~~~~~~~~~
/home/cross/kernel/android_kernel_xiaomi_lavender/drivers/net/wireless/ath/ath9k/eeprom.h:98:38: note: expanded from macro 'FREQ2FBIN'
#define FREQ2FBIN(x, y)         ((y) ? ((x) - 2300) : (((x) - 4800) / 5))
                                        ~~~~^~~~~~
/home/cross/kernel/android_kernel_xiaomi_lavender/drivers/net/wireless/ath/ath9k/ar9003_eeprom.c:560:39: warning: implicit conversion from 'int' to 'u8' (aka 'unsigned char') changes value from 3250 to 178 [-Wconstant-conversion]
                        /* Data[8].ctlEdges[4].bChannel */ FREQ2FBIN(5550, 0),
                                                           ^~~~~~~~~~~~~~~~~~
/home/cross/kernel/android_kernel_xiaomi_lavender/drivers/net/wireless/ath/ath9k/eeprom.h:98:38: note: expanded from macro 'FREQ2FBIN'
#define FREQ2FBIN(x, y)         ((y) ? ((x) - 2300) : (((x) - 4800) / 5))
                                        ~~~~^~~~~~
/home/cross/kernel/android_kernel_xiaomi_lavender/drivers/net/wireless/ath/ath9k/ar9003_eeprom.c:561:39: warning: implicit conversion from 'int' to 'u8' (aka 'unsigned char') changes value from 3370 to 42 [-Wconstant-conversion]
                        /* Data[8].ctlEdges[5].bChannel */ FREQ2FBIN(5670, 0),
                                                           ^~~~~~~~~~~~~~~~~~
/home/cross/kernel/android_kernel_xiaomi_lavender/drivers/net/wireless/ath/ath9k/eeprom.h:98:38: note: expanded from macro 'FREQ2FBIN'
#define FREQ2FBIN(x, y)         ((y) ? ((x) - 2300) : (((x) - 4800) / 5))
                                        ~~~~^~~~~~
/home/cross/kernel/android_kernel_xiaomi_lavender/drivers/net/wireless/ath/ath9k/ar9003_eeprom.c:562:39: warning: implicit conversion from 'int' to 'u8' (aka 'unsigned char') changes value from 3455 to 127 [-Wconstant-conversion]
                        /* Data[8].ctlEdges[6].bChannel */ FREQ2FBIN(5755, 0),
                                                           ^~~~~~~~~~~~~~~~~~
/home/cross/kernel/android_kernel_xiaomi_lavender/drivers/net/wireless/ath/ath9k/eeprom.h:98:38: note: expanded from macro 'FREQ2FBIN'
#define FREQ2FBIN(x, y)         ((y) ? ((x) - 2300) : (((x) - 4800) / 5))
                                        ~~~~^~~~~~
/home/cross/kernel/android_kernel_xiaomi_lavender/drivers/net/wireless/ath/ath9k/ar9003_eeprom.c:563:39: warning: implicit conversion from 'int' to 'u8' (aka 'unsigned char') changes value from 3495 to 167 [-Wconstant-conversion]
                        /* Data[8].ctlEdges[7].bChannel */ FREQ2FBIN(5795, 0)
                                                           ^~~~~~~~~~~~~~~~~~
/home/cross/kernel/android_kernel_xiaomi_lavender/drivers/net/wireless/ath/ath9k/eeprom.h:98:38: note: expanded from macro 'FREQ2FBIN'
#define FREQ2FBIN(x, y)         ((y) ? ((x) - 2300) : (((x) - 4800) / 5))
                                        ~~~~^~~~~~
/home/cross/kernel/android_kernel_xiaomi_lavender/drivers/net/wireless/ath/ath9k/ar9003_eeprom.c:690:17: warning: implicit conversion from 'int' to 'u8' (aka 'unsigned char') changes value from -467 to 45 [-Wconstant-conversion]
                .spurChans = {FREQ2FBIN(2464, 1), 0, 0, 0, 0},
                             ~^~~~~~~~~~~~~~~~~~
/home/cross/kernel/android_kernel_xiaomi_lavender/drivers/net/wireless/ath/ath9k/eeprom.h:98:62: note: expanded from macro 'FREQ2FBIN'
#define FREQ2FBIN(x, y)         ((y) ? ((x) - 2300) : (((x) - 4800) / 5))
                                                       ~~~~~~~~~~~~~^~~
/home/cross/kernel/android_kernel_xiaomi_lavender/drivers/net/wireless/ath/ath9k/ar9003_eeprom.c:724:3: warning: implicit conversion from 'int' to 'u8' (aka 'unsigned char') changes value from -477 to 35 [-Wconstant-conversion]
                FREQ2FBIN(2412, 1),
                ^~~~~~~~~~~~~~~~~~
/home/cross/kernel/android_kernel_xiaomi_lavender/drivers/net/wireless/ath/ath9k/eeprom.h:98:62: note: expanded from macro 'FREQ2FBIN'
#define FREQ2FBIN(x, y)         ((y) ? ((x) - 2300) : (((x) - 4800) / 5))
                                                       ~~~~~~~~~~~~~^~~
/home/cross/kernel/android_kernel_xiaomi_lavender/drivers/net/wireless/ath/ath9k/ar9003_eeprom.c:725:3: warning: implicit conversion from 'int' to 'u8' (aka 'unsigned char') changes value from -472 to 40 [-Wconstant-conversion]
                FREQ2FBIN(2437, 1),
                ^~~~~~~~~~~~~~~~~~
/home/cross/kernel/android_kernel_xiaomi_lavender/drivers/net/wireless/ath/ath9k/eeprom.h:98:62: note: expanded from macro 'FREQ2FBIN'
#define FREQ2FBIN(x, y)         ((y) ? ((x) - 2300) : (((x) - 4800) / 5))
                                                       ~~~~~~~~~~~~~^~~
/home/cross/kernel/android_kernel_xiaomi_lavender/drivers/net/wireless/ath/ath9k/ar9003_eeprom.c:726:3: warning: implicit conversion from 'int' to 'u8' (aka 'unsigned char') changes value from -465 to 47 [-Wconstant-conversion]
                FREQ2FBIN(2472, 1),
                ^~~~~~~~~~~~~~~~~~
/home/cross/kernel/android_kernel_xiaomi_lavender/drivers/net/wireless/ath/ath9k/eeprom.h:98:62: note: expanded from macro 'FREQ2FBIN'
#define FREQ2FBIN(x, y)         ((y) ? ((x) - 2300) : (((x) - 4800) / 5))
                                                       ~~~~~~~~~~~~~^~~
/home/cross/kernel/android_kernel_xiaomi_lavender/drivers/net/wireless/ath/ath9k/ar9003_eeprom.c:735:3: warning: implicit conversion from 'int' to 'u8' (aka 'unsigned char') changes value from -477 to 35 [-Wconstant-conversion]
                FREQ2FBIN(2412, 1),
                ^~~~~~~~~~~~~~~~~~
/home/cross/kernel/android_kernel_xiaomi_lavender/drivers/net/wireless/ath/ath9k/eeprom.h:98:62: note: expanded from macro 'FREQ2FBIN'
#define FREQ2FBIN(x, y)         ((y) ? ((x) - 2300) : (((x) - 4800) / 5))
                                                       ~~~~~~~~~~~~~^~~
/home/cross/kernel/android_kernel_xiaomi_lavender/drivers/net/wireless/ath/ath9k/ar9003_eeprom.c:736:3: warning: implicit conversion from 'int' to 'u8' (aka 'unsigned char') changes value from -465 to 47 [-Wconstant-conversion]
                FREQ2FBIN(2472, 1),
                ^~~~~~~~~~~~~~~~~~
/home/cross/kernel/android_kernel_xiaomi_lavender/drivers/net/wireless/ath/ath9k/eeprom.h:98:62: note: expanded from macro 'FREQ2FBIN'
#define FREQ2FBIN(x, y)         ((y) ? ((x) - 2300) : (((x) - 4800) / 5))
                                                       ~~~~~~~~~~~~~^~~
/home/cross/kernel/android_kernel_xiaomi_lavender/drivers/net/wireless/ath/ath9k/ar9003_eeprom.c:739:3: warning: implicit conversion from 'int' to 'u8' (aka 'unsigned char') changes value from -477 to 35 [-Wconstant-conversion]
                FREQ2FBIN(2412, 1),
                ^~~~~~~~~~~~~~~~~~
/home/cross/kernel/android_kernel_xiaomi_lavender/drivers/net/wireless/ath/ath9k/eeprom.h:98:62: note: expanded from macro 'FREQ2FBIN'
#define FREQ2FBIN(x, y)         ((y) ? ((x) - 2300) : (((x) - 4800) / 5))
                                                       ~~~~~~~~~~~~~^~~
/home/cross/kernel/android_kernel_xiaomi_lavender/drivers/net/wireless/ath/ath9k/ar9003_eeprom.c:740:3: warning: implicit conversion from 'int' to 'u8' (aka 'unsigned char') changes value from -472 to 40 [-Wconstant-conversion]
                FREQ2FBIN(2437, 1),
                ^~~~~~~~~~~~~~~~~~
/home/cross/kernel/android_kernel_xiaomi_lavender/drivers/net/wireless/ath/ath9k/eeprom.h:98:62: note: expanded from macro 'FREQ2FBIN'
#define FREQ2FBIN(x, y)         ((y) ? ((x) - 2300) : (((x) - 4800) / 5))
                                                       ~~~~~~~~~~~~~^~~
/home/cross/kernel/android_kernel_xiaomi_lavender/drivers/net/wireless/ath/ath9k/ar9003_eeprom.c:741:3: warning: implicit conversion from 'int' to 'u8' (aka 'unsigned char') changes value from -465 to 47 [-Wconstant-conversion]
                FREQ2FBIN(2472, 1)
                ^~~~~~~~~~~~~~~~~~
/home/cross/kernel/android_kernel_xiaomi_lavender/drivers/net/wireless/ath/ath9k/eeprom.h:98:62: note: expanded from macro 'FREQ2FBIN'
#define FREQ2FBIN(x, y)         ((y) ? ((x) - 2300) : (((x) - 4800) / 5))
                                                       ~~~~~~~~~~~~~^~~
/home/cross/kernel/android_kernel_xiaomi_lavender/drivers/net/wireless/ath/ath9k/ar9003_eeprom.c:744:3: warning: implicit conversion from 'int' to 'u8' (aka 'unsigned char') changes value from -477 to 35 [-Wconstant-conversion]
                FREQ2FBIN(2412, 1),
                ^~~~~~~~~~~~~~~~~~
/home/cross/kernel/android_kernel_xiaomi_lavender/drivers/net/wireless/ath/ath9k/eeprom.h:98:62: note: expanded from macro 'FREQ2FBIN'
#define FREQ2FBIN(x, y)         ((y) ? ((x) - 2300) : (((x) - 4800) / 5))
                                                       ~~~~~~~~~~~~~^~~
/home/cross/kernel/android_kernel_xiaomi_lavender/drivers/net/wireless/ath/ath9k/ar9003_eeprom.c:745:3: warning: implicit conversion from 'int' to 'u8' (aka 'unsigned char') changes value from -472 to 40 [-Wconstant-conversion]
                FREQ2FBIN(2437, 1),
                ^~~~~~~~~~~~~~~~~~
/home/cross/kernel/android_kernel_xiaomi_lavender/drivers/net/wireless/ath/ath9k/eeprom.h:98:62: note: expanded from macro 'FREQ2FBIN'
#define FREQ2FBIN(x, y)         ((y) ? ((x) - 2300) : (((x) - 4800) / 5))
                                                       ~~~~~~~~~~~~~^~~
/home/cross/kernel/android_kernel_xiaomi_lavender/drivers/net/wireless/ath/ath9k/ar9003_eeprom.c:746:3: warning: implicit conversion from 'int' to 'u8' (aka 'unsigned char') changes value from -465 to 47 [-Wconstant-conversion]
                FREQ2FBIN(2472, 1)
                ^~~~~~~~~~~~~~~~~~
/home/cross/kernel/android_kernel_xiaomi_lavender/drivers/net/wireless/ath/ath9k/eeprom.h:98:62: note: expanded from macro 'FREQ2FBIN'
#define FREQ2FBIN(x, y)         ((y) ? ((x) - 2300) : (((x) - 4800) / 5))
                                                       ~~~~~~~~~~~~~^~~
/home/cross/kernel/android_kernel_xiaomi_lavender/drivers/net/wireless/ath/ath9k/ar9003_eeprom.c:749:3: warning: implicit conversion from 'int' to 'u8' (aka 'unsigned char') changes value from -477 to 35 [-Wconstant-conversion]
                FREQ2FBIN(2412, 1),
                ^~~~~~~~~~~~~~~~~~
/home/cross/kernel/android_kernel_xiaomi_lavender/drivers/net/wireless/ath/ath9k/eeprom.h:98:62: note: expanded from macro 'FREQ2FBIN'
#define FREQ2FBIN(x, y)         ((y) ? ((x) - 2300) : (((x) - 4800) / 5))
                                                       ~~~~~~~~~~~~~^~~
/home/cross/kernel/android_kernel_xiaomi_lavender/drivers/net/wireless/ath/ath9k/ar9003_eeprom.c:750:3: warning: implicit conversion from 'int' to 'u8' (aka 'unsigned char') changes value from -472 to 40 [-Wconstant-conversion]
                FREQ2FBIN(2437, 1),
                ^~~~~~~~~~~~~~~~~~
/home/cross/kernel/android_kernel_xiaomi_lavender/drivers/net/wireless/ath/ath9k/eeprom.h:98:62: note: expanded from macro 'FREQ2FBIN'
#define FREQ2FBIN(x, y)         ((y) ? ((x) - 2300) : (((x) - 4800) / 5))
                                                       ~~~~~~~~~~~~~^~~
/home/cross/kernel/android_kernel_xiaomi_lavender/drivers/net/wireless/ath/ath9k/ar9003_eeprom.c:751:3: warning: implicit conversion from 'int' to 'u8' (aka 'unsigned char') changes value from -465 to 47 [-Wconstant-conversion]
                FREQ2FBIN(2472, 1)
                ^~~~~~~~~~~~~~~~~~
/home/cross/kernel/android_kernel_xiaomi_lavender/drivers/net/wireless/ath/ath9k/eeprom.h:98:62: note: expanded from macro 'FREQ2FBIN'
#define FREQ2FBIN(x, y)         ((y) ? ((x) - 2300) : (((x) - 4800) / 5))
                                                       ~~~~~~~~~~~~~^~~
/home/cross/kernel/android_kernel_xiaomi_lavender/drivers/net/wireless/ath/ath9k/ar9003_eeprom.c:780:4: warning: implicit conversion from 'int' to 'u8' (aka 'unsigned char') changes value from -477 to 35 [-Wconstant-conversion]
                        FREQ2FBIN(2412, 1),
                        ^~~~~~~~~~~~~~~~~~
/home/cross/kernel/android_kernel_xiaomi_lavender/drivers/net/wireless/ath/ath9k/eeprom.h:98:62: note: expanded from macro 'FREQ2FBIN'
#define FREQ2FBIN(x, y)         ((y) ? ((x) - 2300) : (((x) - 4800) / 5))
                                                       ~~~~~~~~~~~~~^~~
/home/cross/kernel/android_kernel_xiaomi_lavender/drivers/net/wireless/ath/ath9k/ar9003_eeprom.c:781:4: warning: implicit conversion from 'int' to 'u8' (aka 'unsigned char') changes value from -476 to 36 [-Wconstant-conversion]
                        FREQ2FBIN(2417, 1),
                        ^~~~~~~~~~~~~~~~~~
/home/cross/kernel/android_kernel_xiaomi_lavender/drivers/net/wireless/ath/ath9k/eeprom.h:98:62: note: expanded from macro 'FREQ2FBIN'
#define FREQ2FBIN(x, y)         ((y) ? ((x) - 2300) : (((x) - 4800) / 5))
                                                       ~~~~~~~~~~~~~^~~
/home/cross/kernel/android_kernel_xiaomi_lavender/drivers/net/wireless/ath/ath9k/ar9003_eeprom.c:782:4: warning: implicit conversion from 'int' to 'u8' (aka 'unsigned char') changes value from -468 to 44 [-Wconstant-conversion]
                        FREQ2FBIN(2457, 1),
                        ^~~~~~~~~~~~~~~~~~
/home/cross/kernel/android_kernel_xiaomi_lavender/drivers/net/wireless/ath/ath9k/eeprom.h:98:62: note: expanded from macro 'FREQ2FBIN'
#define FREQ2FBIN(x, y)         ((y) ? ((x) - 2300) : (((x) - 4800) / 5))
                                                       ~~~~~~~~~~~~~^~~
/home/cross/kernel/android_kernel_xiaomi_lavender/drivers/net/wireless/ath/ath9k/ar9003_eeprom.c:783:4: warning: implicit conversion from 'int' to 'u8' (aka 'unsigned char') changes value from -467 to 45 [-Wconstant-conversion]
                        FREQ2FBIN(2462, 1)
                        ^~~~~~~~~~~~~~~~~~
/home/cross/kernel/android_kernel_xiaomi_lavender/drivers/net/wireless/ath/ath9k/eeprom.h:98:62: note: expanded from macro 'FREQ2FBIN'
#define FREQ2FBIN(x, y)         ((y) ? ((x) - 2300) : (((x) - 4800) / 5))
                                                       ~~~~~~~~~~~~~^~~
/home/cross/kernel/android_kernel_xiaomi_lavender/drivers/net/wireless/ath/ath9k/ar9003_eeprom.c:786:4: warning: implicit conversion from 'int' to 'u8' (aka 'unsigned char') changes value from -477 to 35 [-Wconstant-conversion]
                        FREQ2FBIN(2412, 1),
                        ^~~~~~~~~~~~~~~~~~
/home/cross/kernel/android_kernel_xiaomi_lavender/drivers/net/wireless/ath/ath9k/eeprom.h:98:62: note: expanded from macro 'FREQ2FBIN'
#define FREQ2FBIN(x, y)         ((y) ? ((x) - 2300) : (((x) - 4800) / 5))
                                                       ~~~~~~~~~~~~~^~~
/home/cross/kernel/android_kernel_xiaomi_lavender/drivers/net/wireless/ath/ath9k/ar9003_eeprom.c:787:4: warning: implicit conversion from 'int' to 'u8' (aka 'unsigned char') changes value from -476 to 36 [-Wconstant-conversion]
                        FREQ2FBIN(2417, 1),
                        ^~~~~~~~~~~~~~~~~~
/home/cross/kernel/android_kernel_xiaomi_lavender/drivers/net/wireless/ath/ath9k/eeprom.h:98:62: note: expanded from macro 'FREQ2FBIN'
#define FREQ2FBIN(x, y)         ((y) ? ((x) - 2300) : (((x) - 4800) / 5))
                                                       ~~~~~~~~~~~~~^~~
/home/cross/kernel/android_kernel_xiaomi_lavender/drivers/net/wireless/ath/ath9k/ar9003_eeprom.c:788:4: warning: implicit conversion from 'int' to 'u8' (aka 'unsigned char') changes value from -467 to 45 [-Wconstant-conversion]
                        FREQ2FBIN(2462, 1),
                        ^~~~~~~~~~~~~~~~~~
/home/cross/kernel/android_kernel_xiaomi_lavender/drivers/net/wireless/ath/ath9k/eeprom.h:98:62: note: expanded from macro 'FREQ2FBIN'
#define FREQ2FBIN(x, y)         ((y) ? ((x) - 2300) : (((x) - 4800) / 5))
                                                       ~~~~~~~~~~~~~^~~
/home/cross/kernel/android_kernel_xiaomi_lavender/drivers/net/wireless/ath/ath9k/ar9003_eeprom.c:793:4: warning: implicit conversion from 'int' to 'u8' (aka 'unsigned char') changes value from -477 to 35 [-Wconstant-conversion]
                        FREQ2FBIN(2412, 1),
                        ^~~~~~~~~~~~~~~~~~
/home/cross/kernel/android_kernel_xiaomi_lavender/drivers/net/wireless/ath/ath9k/eeprom.h:98:62: note: expanded from macro 'FREQ2FBIN'
#define FREQ2FBIN(x, y)         ((y) ? ((x) - 2300) : (((x) - 4800) / 5))
                                                       ~~~~~~~~~~~~~^~~
/home/cross/kernel/android_kernel_xiaomi_lavender/drivers/net/wireless/ath/ath9k/ar9003_eeprom.c:794:4: warning: implicit conversion from 'int' to 'u8' (aka 'unsigned char') changes value from -476 to 36 [-Wconstant-conversion]
                        FREQ2FBIN(2417, 1),
                        ^~~~~~~~~~~~~~~~~~
/home/cross/kernel/android_kernel_xiaomi_lavender/drivers/net/wireless/ath/ath9k/eeprom.h:98:62: note: expanded from macro 'FREQ2FBIN'
#define FREQ2FBIN(x, y)         ((y) ? ((x) - 2300) : (((x) - 4800) / 5))
                                                       ~~~~~~~~~~~~~^~~
/home/cross/kernel/android_kernel_xiaomi_lavender/drivers/net/wireless/ath/ath9k/ar9003_eeprom.c:795:4: warning: implicit conversion from 'int' to 'u8' (aka 'unsigned char') changes value from -467 to 45 [-Wconstant-conversion]
                        FREQ2FBIN(2462, 1),
                        ^~~~~~~~~~~~~~~~~~
/home/cross/kernel/android_kernel_xiaomi_lavender/drivers/net/wireless/ath/ath9k/eeprom.h:98:62: note: expanded from macro 'FREQ2FBIN'
#define FREQ2FBIN(x, y)         ((y) ? ((x) - 2300) : (((x) - 4800) / 5))
                                                       ~~~~~~~~~~~~~^~~
/home/cross/kernel/android_kernel_xiaomi_lavender/drivers/net/wireless/ath/ath9k/ar9003_eeprom.c:799:4: warning: implicit conversion from 'int' to 'u8' (aka 'unsigned char') changes value from -475 to 37 [-Wconstant-conversion]
                        FREQ2FBIN(2422, 1),
                        ^~~~~~~~~~~~~~~~~~
/home/cross/kernel/android_kernel_xiaomi_lavender/drivers/net/wireless/ath/ath9k/eeprom.h:98:62: note: expanded from macro 'FREQ2FBIN'
#define FREQ2FBIN(x, y)         ((y) ? ((x) - 2300) : (((x) - 4800) / 5))
                                                       ~~~~~~~~~~~~~^~~
/home/cross/kernel/android_kernel_xiaomi_lavender/drivers/net/wireless/ath/ath9k/ar9003_eeprom.c:800:4: warning: implicit conversion from 'int' to 'u8' (aka 'unsigned char') changes value from -474 to 38 [-Wconstant-conversion]
                        FREQ2FBIN(2427, 1),
                        ^~~~~~~~~~~~~~~~~~
/home/cross/kernel/android_kernel_xiaomi_lavender/drivers/net/wireless/ath/ath9k/eeprom.h:98:62: note: expanded from macro 'FREQ2FBIN'
#define FREQ2FBIN(x, y)         ((y) ? ((x) - 2300) : (((x) - 4800) / 5))
                                                       ~~~~~~~~~~~~~^~~
/home/cross/kernel/android_kernel_xiaomi_lavender/drivers/net/wireless/ath/ath9k/ar9003_eeprom.c:801:4: warning: implicit conversion from 'int' to 'u8' (aka 'unsigned char') changes value from -470 to 42 [-Wconstant-conversion]
                        FREQ2FBIN(2447, 1),
                        ^~~~~~~~~~~~~~~~~~
/home/cross/kernel/android_kernel_xiaomi_lavender/drivers/net/wireless/ath/ath9k/eeprom.h:98:62: note: expanded from macro 'FREQ2FBIN'
#define FREQ2FBIN(x, y)         ((y) ? ((x) - 2300) : (((x) - 4800) / 5))
                                                       ~~~~~~~~~~~~~^~~
/home/cross/kernel/android_kernel_xiaomi_lavender/drivers/net/wireless/ath/ath9k/ar9003_eeprom.c:802:4: warning: implicit conversion from 'int' to 'u8' (aka 'unsigned char') changes value from -469 to 43 [-Wconstant-conversion]
                        FREQ2FBIN(2452, 1)
                        ^~~~~~~~~~~~~~~~~~
/home/cross/kernel/android_kernel_xiaomi_lavender/drivers/net/wireless/ath/ath9k/eeprom.h:98:62: note: expanded from macro 'FREQ2FBIN'
#define FREQ2FBIN(x, y)         ((y) ? ((x) - 2300) : (((x) - 4800) / 5))
                                                       ~~~~~~~~~~~~~^~~
/home/cross/kernel/android_kernel_xiaomi_lavender/drivers/net/wireless/ath/ath9k/ar9003_eeprom.c:806:39: warning: implicit conversion from 'int' to 'u8' (aka 'unsigned char') changes value from -477 to 35 [-Wconstant-conversion]
                        /* Data[4].ctlEdges[0].bChannel */ FREQ2FBIN(2412, 1),
                                                           ^~~~~~~~~~~~~~~~~~
/home/cross/kernel/android_kernel_xiaomi_lavender/drivers/net/wireless/ath/ath9k/eeprom.h:98:62: note: expanded from macro 'FREQ2FBIN'
#define FREQ2FBIN(x, y)         ((y) ? ((x) - 2300) : (((x) - 4800) / 5))
                                                       ~~~~~~~~~~~~~^~~
/home/cross/kernel/android_kernel_xiaomi_lavender/drivers/net/wireless/ath/ath9k/ar9003_eeprom.c:807:39: warning: implicit conversion from 'int' to 'u8' (aka 'unsigned char') changes value from -476 to 36 [-Wconstant-conversion]
                        /* Data[4].ctlEdges[1].bChannel */ FREQ2FBIN(2417, 1),
                                                           ^~~~~~~~~~~~~~~~~~
/home/cross/kernel/android_kernel_xiaomi_lavender/drivers/net/wireless/ath/ath9k/eeprom.h:98:62: note: expanded from macro 'FREQ2FBIN'
#define FREQ2FBIN(x, y)         ((y) ? ((x) - 2300) : (((x) - 4800) / 5))
                                                       ~~~~~~~~~~~~~^~~
/home/cross/kernel/android_kernel_xiaomi_lavender/drivers/net/wireless/ath/ath9k/ar9003_eeprom.c:808:39: warning: implicit conversion from 'int' to 'u8' (aka 'unsigned char') changes value from -465 to 47 [-Wconstant-conversion]
                        /* Data[4].ctlEdges[2].bChannel */ FREQ2FBIN(2472, 1),
                                                           ^~~~~~~~~~~~~~~~~~
/home/cross/kernel/android_kernel_xiaomi_lavender/drivers/net/wireless/ath/ath9k/eeprom.h:98:62: note: expanded from macro 'FREQ2FBIN'
#define FREQ2FBIN(x, y)         ((y) ? ((x) - 2300) : (((x) - 4800) / 5))
                                                       ~~~~~~~~~~~~~^~~
/home/cross/kernel/android_kernel_xiaomi_lavender/drivers/net/wireless/ath/ath9k/ar9003_eeprom.c:809:39: warning: implicit conversion from 'int' to 'u8' (aka 'unsigned char') changes value from -463 to 49 [-Wconstant-conversion]
                        /* Data[4].ctlEdges[3].bChannel */ FREQ2FBIN(2484, 1),
                                                           ^~~~~~~~~~~~~~~~~~
/home/cross/kernel/android_kernel_xiaomi_lavender/drivers/net/wireless/ath/ath9k/eeprom.h:98:62: note: expanded from macro 'FREQ2FBIN'
#define FREQ2FBIN(x, y)         ((y) ? ((x) - 2300) : (((x) - 4800) / 5))
                                                       ~~~~~~~~~~~~~^~~
/home/cross/kernel/android_kernel_xiaomi_lavender/drivers/net/wireless/ath/ath9k/ar9003_eeprom.c:813:39: warning: implicit conversion from 'int' to 'u8' (aka 'unsigned char') changes value from -477 to 35 [-Wconstant-conversion]
                        /* Data[5].ctlEdges[0].bChannel */ FREQ2FBIN(2412, 1),
                                                           ^~~~~~~~~~~~~~~~~~
/home/cross/kernel/android_kernel_xiaomi_lavender/drivers/net/wireless/ath/ath9k/eeprom.h:98:62: note: expanded from macro 'FREQ2FBIN'
#define FREQ2FBIN(x, y)         ((y) ? ((x) - 2300) : (((x) - 4800) / 5))
                                                       ~~~~~~~~~~~~~^~~
/home/cross/kernel/android_kernel_xiaomi_lavender/drivers/net/wireless/ath/ath9k/ar9003_eeprom.c:814:39: warning: implicit conversion from 'int' to 'u8' (aka 'unsigned char') changes value from -476 to 36 [-Wconstant-conversion]
                        /* Data[5].ctlEdges[1].bChannel */ FREQ2FBIN(2417, 1),
                                                           ^~~~~~~~~~~~~~~~~~
/home/cross/kernel/android_kernel_xiaomi_lavender/drivers/net/wireless/ath/ath9k/eeprom.h:98:62: note: expanded from macro 'FREQ2FBIN'
#define FREQ2FBIN(x, y)         ((y) ? ((x) - 2300) : (((x) - 4800) / 5))
                                                       ~~~~~~~~~~~~~^~~
/home/cross/kernel/android_kernel_xiaomi_lavender/drivers/net/wireless/ath/ath9k/ar9003_eeprom.c:815:39: warning: implicit conversion from 'int' to 'u8' (aka 'unsigned char') changes value from -465 to 47 [-Wconstant-conversion]
                        /* Data[5].ctlEdges[2].bChannel */ FREQ2FBIN(2472, 1),
                                                           ^~~~~~~~~~~~~~~~~~
/home/cross/kernel/android_kernel_xiaomi_lavender/drivers/net/wireless/ath/ath9k/eeprom.h:98:62: note: expanded from macro 'FREQ2FBIN'
#define FREQ2FBIN(x, y)         ((y) ? ((x) - 2300) : (((x) - 4800) / 5))
                                                       ~~~~~~~~~~~~~^~~
/home/cross/kernel/android_kernel_xiaomi_lavender/drivers/net/wireless/ath/ath9k/ar9003_eeprom.c:820:39: warning: implicit conversion from 'int' to 'u8' (aka 'unsigned char') changes value from -477 to 35 [-Wconstant-conversion]
                        /* Data[6].ctlEdges[0].bChannel */ FREQ2FBIN(2412, 1),
                                                           ^~~~~~~~~~~~~~~~~~
/home/cross/kernel/android_kernel_xiaomi_lavender/drivers/net/wireless/ath/ath9k/eeprom.h:98:62: note: expanded from macro 'FREQ2FBIN'
#define FREQ2FBIN(x, y)         ((y) ? ((x) - 2300) : (((x) - 4800) / 5))
                                                       ~~~~~~~~~~~~~^~~
/home/cross/kernel/android_kernel_xiaomi_lavender/drivers/net/wireless/ath/ath9k/ar9003_eeprom.c:821:39: warning: implicit conversion from 'int' to 'u8' (aka 'unsigned char') changes value from -476 to 36 [-Wconstant-conversion]
                        /* Data[6].ctlEdges[1].bChannel */ FREQ2FBIN(2417, 1),
                                                           ^~~~~~~~~~~~~~~~~~
/home/cross/kernel/android_kernel_xiaomi_lavender/drivers/net/wireless/ath/ath9k/eeprom.h:98:62: note: expanded from macro 'FREQ2FBIN'
#define FREQ2FBIN(x, y)         ((y) ? ((x) - 2300) : (((x) - 4800) / 5))
                                                       ~~~~~~~~~~~~~^~~
/home/cross/kernel/android_kernel_xiaomi_lavender/drivers/net/wireless/ath/ath9k/ar9003_eeprom.c:822:4: warning: implicit conversion from 'int' to 'u8' (aka 'unsigned char') changes value from -465 to 47 [-Wconstant-conversion]
                        FREQ2FBIN(2472, 1),
                        ^~~~~~~~~~~~~~~~~~
/home/cross/kernel/android_kernel_xiaomi_lavender/drivers/net/wireless/ath/ath9k/eeprom.h:98:62: note: expanded from macro 'FREQ2FBIN'
#define FREQ2FBIN(x, y)         ((y) ? ((x) - 2300) : (((x) - 4800) / 5))
                                                       ~~~~~~~~~~~~~^~~
/home/cross/kernel/android_kernel_xiaomi_lavender/drivers/net/wireless/ath/ath9k/ar9003_eeprom.c:827:39: warning: implicit conversion from 'int' to 'u8' (aka 'unsigned char') changes value from -475 to 37 [-Wconstant-conversion]
                        /* Data[7].ctlEdges[0].bChannel */ FREQ2FBIN(2422, 1),
                                                           ^~~~~~~~~~~~~~~~~~
/home/cross/kernel/android_kernel_xiaomi_lavender/drivers/net/wireless/ath/ath9k/eeprom.h:98:62: note: expanded from macro 'FREQ2FBIN'
#define FREQ2FBIN(x, y)         ((y) ? ((x) - 2300) : (((x) - 4800) / 5))
                                                       ~~~~~~~~~~~~~^~~
/home/cross/kernel/android_kernel_xiaomi_lavender/drivers/net/wireless/ath/ath9k/ar9003_eeprom.c:828:39: warning: implicit conversion from 'int' to 'u8' (aka 'unsigned char') changes value from -474 to 38 [-Wconstant-conversion]
                        /* Data[7].ctlEdges[1].bChannel */ FREQ2FBIN(2427, 1),
                                                           ^~~~~~~~~~~~~~~~~~
/home/cross/kernel/android_kernel_xiaomi_lavender/drivers/net/wireless/ath/ath9k/eeprom.h:98:62: note: expanded from macro 'FREQ2FBIN'
#define FREQ2FBIN(x, y)         ((y) ? ((x) - 2300) : (((x) - 4800) / 5))
                                                       ~~~~~~~~~~~~~^~~
/home/cross/kernel/android_kernel_xiaomi_lavender/drivers/net/wireless/ath/ath9k/ar9003_eeprom.c:829:39: warning: implicit conversion from 'int' to 'u8' (aka 'unsigned char') changes value from -470 to 42 [-Wconstant-conversion]
                        /* Data[7].ctlEdges[2].bChannel */ FREQ2FBIN(2447, 1),
                                                           ^~~~~~~~~~~~~~~~~~
/home/cross/kernel/android_kernel_xiaomi_lavender/drivers/net/wireless/ath/ath9k/eeprom.h:98:62: note: expanded from macro 'FREQ2FBIN'
#define FREQ2FBIN(x, y)         ((y) ? ((x) - 2300) : (((x) - 4800) / 5))
                                                       ~~~~~~~~~~~~~^~~
/home/cross/kernel/android_kernel_xiaomi_lavender/drivers/net/wireless/ath/ath9k/ar9003_eeprom.c:830:39: warning: implicit conversion from 'int' to 'u8' (aka 'unsigned char') changes value from -467 to 45 [-Wconstant-conversion]
                        /* Data[7].ctlEdges[3].bChannel */ FREQ2FBIN(2462, 1),
                                                           ^~~~~~~~~~~~~~~~~~
/home/cross/kernel/android_kernel_xiaomi_lavender/drivers/net/wireless/ath/ath9k/eeprom.h:98:62: note: expanded from macro 'FREQ2FBIN'
#define FREQ2FBIN(x, y)         ((y) ? ((x) - 2300) : (((x) - 4800) / 5))
                                                       ~~~~~~~~~~~~~^~~
/home/cross/kernel/android_kernel_xiaomi_lavender/drivers/net/wireless/ath/ath9k/ar9003_eeprom.c:834:39: warning: implicit conversion from 'int' to 'u8' (aka 'unsigned char') changes value from -477 to 35 [-Wconstant-conversion]
                        /* Data[8].ctlEdges[0].bChannel */ FREQ2FBIN(2412, 1),
                                                           ^~~~~~~~~~~~~~~~~~
/home/cross/kernel/android_kernel_xiaomi_lavender/drivers/net/wireless/ath/ath9k/eeprom.h:98:62: note: expanded from macro 'FREQ2FBIN'
#define FREQ2FBIN(x, y)         ((y) ? ((x) - 2300) : (((x) - 4800) / 5))
                                                       ~~~~~~~~~~~~~^~~
/home/cross/kernel/android_kernel_xiaomi_lavender/drivers/net/wireless/ath/ath9k/ar9003_eeprom.c:835:39: warning: implicit conversion from 'int' to 'u8' (aka 'unsigned char') changes value from -476 to 36 [-Wconstant-conversion]
                        /* Data[8].ctlEdges[1].bChannel */ FREQ2FBIN(2417, 1),
                                                           ^~~~~~~~~~~~~~~~~~
/home/cross/kernel/android_kernel_xiaomi_lavender/drivers/net/wireless/ath/ath9k/eeprom.h:98:62: note: expanded from macro 'FREQ2FBIN'
#define FREQ2FBIN(x, y)         ((y) ? ((x) - 2300) : (((x) - 4800) / 5))
                                                       ~~~~~~~~~~~~~^~~
/home/cross/kernel/android_kernel_xiaomi_lavender/drivers/net/wireless/ath/ath9k/ar9003_eeprom.c:836:39: warning: implicit conversion from 'int' to 'u8' (aka 'unsigned char') changes value from -465 to 47 [-Wconstant-conversion]
                        /* Data[8].ctlEdges[2].bChannel */ FREQ2FBIN(2472, 1),
                                                           ^~~~~~~~~~~~~~~~~~
/home/cross/kernel/android_kernel_xiaomi_lavender/drivers/net/wireless/ath/ath9k/eeprom.h:98:62: note: expanded from macro 'FREQ2FBIN'
#define FREQ2FBIN(x, y)         ((y) ? ((x) - 2300) : (((x) - 4800) / 5))
                                                       ~~~~~~~~~~~~~^~~
/home/cross/kernel/android_kernel_xiaomi_lavender/drivers/net/wireless/ath/ath9k/ar9003_eeprom.c:840:39: warning: implicit conversion from 'int' to 'u8' (aka 'unsigned char') changes value from -477 to 35 [-Wconstant-conversion]
                        /* Data[9].ctlEdges[0].bChannel */ FREQ2FBIN(2412, 1),
                                                           ^~~~~~~~~~~~~~~~~~
/home/cross/kernel/android_kernel_xiaomi_lavender/drivers/net/wireless/ath/ath9k/eeprom.h:98:62: note: expanded from macro 'FREQ2FBIN'
#define FREQ2FBIN(x, y)         ((y) ? ((x) - 2300) : (((x) - 4800) / 5))
                                                       ~~~~~~~~~~~~~^~~
/home/cross/kernel/android_kernel_xiaomi_lavender/drivers/net/wireless/ath/ath9k/ar9003_eeprom.c:841:39: warning: implicit conversion from 'int' to 'u8' (aka 'unsigned char') changes value from -476 to 36 [-Wconstant-conversion]
                        /* Data[9].ctlEdges[1].bChannel */ FREQ2FBIN(2417, 1),
                                                           ^~~~~~~~~~~~~~~~~~
/home/cross/kernel/android_kernel_xiaomi_lavender/drivers/net/wireless/ath/ath9k/eeprom.h:98:62: note: expanded from macro 'FREQ2FBIN'
#define FREQ2FBIN(x, y)         ((y) ? ((x) - 2300) : (((x) - 4800) / 5))
                                                       ~~~~~~~~~~~~~^~~
/home/cross/kernel/android_kernel_xiaomi_lavender/drivers/net/wireless/ath/ath9k/ar9003_eeprom.c:842:39: warning: implicit conversion from 'int' to 'u8' (aka 'unsigned char') changes value from -465 to 47 [-Wconstant-conversion]
                        /* Data[9].ctlEdges[2].bChannel */ FREQ2FBIN(2472, 1),
                                                           ^~~~~~~~~~~~~~~~~~
/home/cross/kernel/android_kernel_xiaomi_lavender/drivers/net/wireless/ath/ath9k/eeprom.h:98:62: note: expanded from macro 'FREQ2FBIN'
#define FREQ2FBIN(x, y)         ((y) ? ((x) - 2300) : (((x) - 4800) / 5))
                                                       ~~~~~~~~~~~~~^~~
/home/cross/kernel/android_kernel_xiaomi_lavender/drivers/net/wireless/ath/ath9k/ar9003_eeprom.c:847:40: warning: implicit conversion from 'int' to 'u8' (aka 'unsigned char') changes value from -477 to 35 [-Wconstant-conversion]
                        /* Data[10].ctlEdges[0].bChannel */ FREQ2FBIN(2412, 1),
                                                            ^~~~~~~~~~~~~~~~~~
/home/cross/kernel/android_kernel_xiaomi_lavender/drivers/net/wireless/ath/ath9k/eeprom.h:98:62: note: expanded from macro 'FREQ2FBIN'
#define FREQ2FBIN(x, y)         ((y) ? ((x) - 2300) : (((x) - 4800) / 5))
                                                       ~~~~~~~~~~~~~^~~
/home/cross/kernel/android_kernel_xiaomi_lavender/drivers/net/wireless/ath/ath9k/ar9003_eeprom.c:848:40: warning: implicit conversion from 'int' to 'u8' (aka 'unsigned char') changes value from -476 to 36 [-Wconstant-conversion]
                        /* Data[10].ctlEdges[1].bChannel */ FREQ2FBIN(2417, 1),
                                                            ^~~~~~~~~~~~~~~~~~
/home/cross/kernel/android_kernel_xiaomi_lavender/drivers/net/wireless/ath/ath9k/eeprom.h:98:62: note: expanded from macro 'FREQ2FBIN'
#define FREQ2FBIN(x, y)         ((y) ? ((x) - 2300) : (((x) - 4800) / 5))
                                                       ~~~~~~~~~~~~~^~~
/home/cross/kernel/android_kernel_xiaomi_lavender/drivers/net/wireless/ath/ath9k/ar9003_eeprom.c:849:40: warning: implicit conversion from 'int' to 'u8' (aka 'unsigned char') changes value from -465 to 47 [-Wconstant-conversion]
                        /* Data[10].ctlEdges[2].bChannel */ FREQ2FBIN(2472, 1),
                                                            ^~~~~~~~~~~~~~~~~~
/home/cross/kernel/android_kernel_xiaomi_lavender/drivers/net/wireless/ath/ath9k/eeprom.h:98:62: note: expanded from macro 'FREQ2FBIN'
#define FREQ2FBIN(x, y)         ((y) ? ((x) - 2300) : (((x) - 4800) / 5))
                                                       ~~~~~~~~~~~~~^~~
/home/cross/kernel/android_kernel_xiaomi_lavender/drivers/net/wireless/ath/ath9k/ar9003_eeprom.c:854:40: warning: implicit conversion from 'int' to 'u8' (aka 'unsigned char') changes value from -475 to 37 [-Wconstant-conversion]
                        /* Data[11].ctlEdges[0].bChannel */ FREQ2FBIN(2422, 1),
                                                            ^~~~~~~~~~~~~~~~~~
/home/cross/kernel/android_kernel_xiaomi_lavender/drivers/net/wireless/ath/ath9k/eeprom.h:98:62: note: expanded from macro 'FREQ2FBIN'
#define FREQ2FBIN(x, y)         ((y) ? ((x) - 2300) : (((x) - 4800) / 5))
                                                       ~~~~~~~~~~~~~^~~
/home/cross/kernel/android_kernel_xiaomi_lavender/drivers/net/wireless/ath/ath9k/ar9003_eeprom.c:855:40: warning: implicit conversion from 'int' to 'u8' (aka 'unsigned char') changes value from -474 to 38 [-Wconstant-conversion]
                        /* Data[11].ctlEdges[1].bChannel */ FREQ2FBIN(2427, 1),
                                                            ^~~~~~~~~~~~~~~~~~
/home/cross/kernel/android_kernel_xiaomi_lavender/drivers/net/wireless/ath/ath9k/eeprom.h:98:62: note: expanded from macro 'FREQ2FBIN'
#define FREQ2FBIN(x, y)         ((y) ? ((x) - 2300) : (((x) - 4800) / 5))
                                                       ~~~~~~~~~~~~~^~~
/home/cross/kernel/android_kernel_xiaomi_lavender/drivers/net/wireless/ath/ath9k/ar9003_eeprom.c:856:40: warning: implicit conversion from 'int' to 'u8' (aka 'unsigned char') changes value from -470 to 42 [-Wconstant-conversion]
                        /* Data[11].ctlEdges[2].bChannel */ FREQ2FBIN(2447, 1),
                                                            ^~~~~~~~~~~~~~~~~~
/home/cross/kernel/android_kernel_xiaomi_lavender/drivers/net/wireless/ath/ath9k/eeprom.h:98:62: note: expanded from macro 'FREQ2FBIN'
#define FREQ2FBIN(x, y)         ((y) ? ((x) - 2300) : (((x) - 4800) / 5))
                                                       ~~~~~~~~~~~~~^~~
/home/cross/kernel/android_kernel_xiaomi_lavender/drivers/net/wireless/ath/ath9k/ar9003_eeprom.c:857:40: warning: implicit conversion from 'int' to 'u8' (aka 'unsigned char') changes value from -467 to 45 [-Wconstant-conversion]
                        /* Data[11].ctlEdges[3].bChannel */ FREQ2FBIN(2462, 1),
                                                            ^~~~~~~~~~~~~~~~~~
/home/cross/kernel/android_kernel_xiaomi_lavender/drivers/net/wireless/ath/ath9k/eeprom.h:98:62: note: expanded from macro 'FREQ2FBIN'
#define FREQ2FBIN(x, y)         ((y) ? ((x) - 2300) : (((x) - 4800) / 5))
                                                       ~~~~~~~~~~~~~^~~
/home/cross/kernel/android_kernel_xiaomi_lavender/drivers/net/wireless/ath/ath9k/ar9003_eeprom.c:897:17: warning: implicit conversion from 'int' to 'u8' (aka 'unsigned char') changes value from 3200 to 128 [-Wconstant-conversion]
                .spurChans = {FREQ2FBIN(5500, 0), 0, 0, 0, 0},
                             ~^~~~~~~~~~~~~~~~~~
/home/cross/kernel/android_kernel_xiaomi_lavender/drivers/net/wireless/ath/ath9k/eeprom.h:98:38: note: expanded from macro 'FREQ2FBIN'
#define FREQ2FBIN(x, y)         ((y) ? ((x) - 2300) : (((x) - 4800) / 5))
                                        ~~~~^~~~~~
/home/cross/kernel/android_kernel_xiaomi_lavender/drivers/net/wireless/ath/ath9k/ar9003_eeprom.c:930:3: warning: implicit conversion from 'int' to 'u8' (aka 'unsigned char') changes value from 2880 to 64 [-Wconstant-conversion]
                FREQ2FBIN(5180, 0),
                ^~~~~~~~~~~~~~~~~~
/home/cross/kernel/android_kernel_xiaomi_lavender/drivers/net/wireless/ath/ath9k/eeprom.h:98:38: note: expanded from macro 'FREQ2FBIN'
#define FREQ2FBIN(x, y)         ((y) ? ((x) - 2300) : (((x) - 4800) / 5))
                                        ~~~~^~~~~~
/home/cross/kernel/android_kernel_xiaomi_lavender/drivers/net/wireless/ath/ath9k/ar9003_eeprom.c:931:3: warning: implicit conversion from 'int' to 'u8' (aka 'unsigned char') changes value from 2940 to 124 [-Wconstant-conversion]
                FREQ2FBIN(5240, 0),
                ^~~~~~~~~~~~~~~~~~
/home/cross/kernel/android_kernel_xiaomi_lavender/drivers/net/wireless/ath/ath9k/eeprom.h:98:38: note: expanded from macro 'FREQ2FBIN'
#define FREQ2FBIN(x, y)         ((y) ? ((x) - 2300) : (((x) - 4800) / 5))
                                        ~~~~^~~~~~
/home/cross/kernel/android_kernel_xiaomi_lavender/drivers/net/wireless/ath/ath9k/ar9003_eeprom.c:932:3: warning: implicit conversion from 'int' to 'u8' (aka 'unsigned char') changes value from 3020 to 204 [-Wconstant-conversion]
                FREQ2FBIN(5320, 0),
                ^~~~~~~~~~~~~~~~~~
/home/cross/kernel/android_kernel_xiaomi_lavender/drivers/net/wireless/ath/ath9k/eeprom.h:98:38: note: expanded from macro 'FREQ2FBIN'
#define FREQ2FBIN(x, y)         ((y) ? ((x) - 2300) : (((x) - 4800) / 5))
                                        ~~~~^~~~~~
/home/cross/kernel/android_kernel_xiaomi_lavender/drivers/net/wireless/ath/ath9k/ar9003_eeprom.c:933:3: warning: implicit conversion from 'int' to 'u8' (aka 'unsigned char') changes value from 3100 to 28 [-Wconstant-conversion]
                FREQ2FBIN(5400, 0),
                ^~~~~~~~~~~~~~~~~~
/home/cross/kernel/android_kernel_xiaomi_lavender/drivers/net/wireless/ath/ath9k/eeprom.h:98:38: note: expanded from macro 'FREQ2FBIN'
#define FREQ2FBIN(x, y)         ((y) ? ((x) - 2300) : (((x) - 4800) / 5))
                                        ~~~~^~~~~~
/home/cross/kernel/android_kernel_xiaomi_lavender/drivers/net/wireless/ath/ath9k/ar9003_eeprom.c:934:3: warning: implicit conversion from 'int' to 'u8' (aka 'unsigned char') changes value from 3200 to 128 [-Wconstant-conversion]
                FREQ2FBIN(5500, 0),
                ^~~~~~~~~~~~~~~~~~
/home/cross/kernel/android_kernel_xiaomi_lavender/drivers/net/wireless/ath/ath9k/eeprom.h:98:38: note: expanded from macro 'FREQ2FBIN'
#define FREQ2FBIN(x, y)         ((y) ? ((x) - 2300) : (((x) - 4800) / 5))
                                        ~~~~^~~~~~
/home/cross/kernel/android_kernel_xiaomi_lavender/drivers/net/wireless/ath/ath9k/ar9003_eeprom.c:935:3: warning: implicit conversion from 'int' to 'u8' (aka 'unsigned char') changes value from 3300 to 228 [-Wconstant-conversion]
                FREQ2FBIN(5600, 0),
                ^~~~~~~~~~~~~~~~~~
/home/cross/kernel/android_kernel_xiaomi_lavender/drivers/net/wireless/ath/ath9k/eeprom.h:98:38: note: expanded from macro 'FREQ2FBIN'
#define FREQ2FBIN(x, y)         ((y) ? ((x) - 2300) : (((x) - 4800) / 5))
                                        ~~~~^~~~~~
/home/cross/kernel/android_kernel_xiaomi_lavender/drivers/net/wireless/ath/ath9k/ar9003_eeprom.c:936:3: warning: implicit conversion from 'int' to 'u8' (aka 'unsigned char') changes value from 3445 to 117 [-Wconstant-conversion]
                FREQ2FBIN(5745, 0),
                ^~~~~~~~~~~~~~~~~~
/home/cross/kernel/android_kernel_xiaomi_lavender/drivers/net/wireless/ath/ath9k/eeprom.h:98:38: note: expanded from macro 'FREQ2FBIN'
#define FREQ2FBIN(x, y)         ((y) ? ((x) - 2300) : (((x) - 4800) / 5))
                                        ~~~~^~~~~~
/home/cross/kernel/android_kernel_xiaomi_lavender/drivers/net/wireless/ath/ath9k/ar9003_eeprom.c:937:3: warning: implicit conversion from 'int' to 'u8' (aka 'unsigned char') changes value from 3485 to 157 [-Wconstant-conversion]
                FREQ2FBIN(5785, 0)
                ^~~~~~~~~~~~~~~~~~
/home/cross/kernel/android_kernel_xiaomi_lavender/drivers/net/wireless/ath/ath9k/eeprom.h:98:38: note: expanded from macro 'FREQ2FBIN'
#define FREQ2FBIN(x, y)         ((y) ? ((x) - 2300) : (((x) - 4800) / 5))
                                        ~~~~^~~~~~
/home/cross/kernel/android_kernel_xiaomi_lavender/drivers/net/wireless/ath/ath9k/ar9003_eeprom.c:973:3: warning: implicit conversion from 'int' to 'u8' (aka 'unsigned char') changes value from 2880 to 64 [-Wconstant-conversion]
                FREQ2FBIN(5180, 0),
                ^~~~~~~~~~~~~~~~~~
/home/cross/kernel/android_kernel_xiaomi_lavender/drivers/net/wireless/ath/ath9k/eeprom.h:98:38: note: expanded from macro 'FREQ2FBIN'
#define FREQ2FBIN(x, y)         ((y) ? ((x) - 2300) : (((x) - 4800) / 5))
                                        ~~~~^~~~~~
/home/cross/kernel/android_kernel_xiaomi_lavender/drivers/net/wireless/ath/ath9k/ar9003_eeprom.c:974:3: warning: implicit conversion from 'int' to 'u8' (aka 'unsigned char') changes value from 2920 to 104 [-Wconstant-conversion]
                FREQ2FBIN(5220, 0),
                ^~~~~~~~~~~~~~~~~~
/home/cross/kernel/android_kernel_xiaomi_lavender/drivers/net/wireless/ath/ath9k/eeprom.h:98:38: note: expanded from macro 'FREQ2FBIN'
#define FREQ2FBIN(x, y)         ((y) ? ((x) - 2300) : (((x) - 4800) / 5))
                                        ~~~~^~~~~~
/home/cross/kernel/android_kernel_xiaomi_lavender/drivers/net/wireless/ath/ath9k/ar9003_eeprom.c:975:3: warning: implicit conversion from 'int' to 'u8' (aka 'unsigned char') changes value from 3020 to 204 [-Wconstant-conversion]
                FREQ2FBIN(5320, 0),
                ^~~~~~~~~~~~~~~~~~
/home/cross/kernel/android_kernel_xiaomi_lavender/drivers/net/wireless/ath/ath9k/eeprom.h:98:38: note: expanded from macro 'FREQ2FBIN'
#define FREQ2FBIN(x, y)         ((y) ? ((x) - 2300) : (((x) - 4800) / 5))
                                        ~~~~^~~~~~
/home/cross/kernel/android_kernel_xiaomi_lavender/drivers/net/wireless/ath/ath9k/ar9003_eeprom.c:976:3: warning: implicit conversion from 'int' to 'u8' (aka 'unsigned char') changes value from 3100 to 28 [-Wconstant-conversion]
                FREQ2FBIN(5400, 0),
                ^~~~~~~~~~~~~~~~~~
/home/cross/kernel/android_kernel_xiaomi_lavender/drivers/net/wireless/ath/ath9k/eeprom.h:98:38: note: expanded from macro 'FREQ2FBIN'
#define FREQ2FBIN(x, y)         ((y) ? ((x) - 2300) : (((x) - 4800) / 5))
                                        ~~~~^~~~~~
/home/cross/kernel/android_kernel_xiaomi_lavender/drivers/net/wireless/ath/ath9k/ar9003_eeprom.c:977:3: warning: implicit conversion from 'int' to 'u8' (aka 'unsigned char') changes value from 3200 to 128 [-Wconstant-conversion]
                FREQ2FBIN(5500, 0),
                ^~~~~~~~~~~~~~~~~~
/home/cross/kernel/android_kernel_xiaomi_lavender/drivers/net/wireless/ath/ath9k/eeprom.h:98:38: note: expanded from macro 'FREQ2FBIN'
#define FREQ2FBIN(x, y)         ((y) ? ((x) - 2300) : (((x) - 4800) / 5))
                                        ~~~~^~~~~~
/home/cross/kernel/android_kernel_xiaomi_lavender/drivers/net/wireless/ath/ath9k/ar9003_eeprom.c:978:3: warning: implicit conversion from 'int' to 'u8' (aka 'unsigned char') changes value from 3300 to 228 [-Wconstant-conversion]
                FREQ2FBIN(5600, 0),
                ^~~~~~~~~~~~~~~~~~
/home/cross/kernel/android_kernel_xiaomi_lavender/drivers/net/wireless/ath/ath9k/eeprom.h:98:38: note: expanded from macro 'FREQ2FBIN'
#define FREQ2FBIN(x, y)         ((y) ? ((x) - 2300) : (((x) - 4800) / 5))
                                        ~~~~^~~~~~
/home/cross/kernel/android_kernel_xiaomi_lavender/drivers/net/wireless/ath/ath9k/ar9003_eeprom.c:979:3: warning: implicit conversion from 'int' to 'u8' (aka 'unsigned char') changes value from 3445 to 117 [-Wconstant-conversion]
                FREQ2FBIN(5745, 0),
                ^~~~~~~~~~~~~~~~~~
/home/cross/kernel/android_kernel_xiaomi_lavender/drivers/net/wireless/ath/ath9k/eeprom.h:98:38: note: expanded from macro 'FREQ2FBIN'
#define FREQ2FBIN(x, y)         ((y) ? ((x) - 2300) : (((x) - 4800) / 5))
                                        ~~~~^~~~~~
/home/cross/kernel/android_kernel_xiaomi_lavender/drivers/net/wireless/ath/ath9k/ar9003_eeprom.c:980:3: warning: implicit conversion from 'int' to 'u8' (aka 'unsigned char') changes value from 3485 to 157 [-Wconstant-conversion]
                FREQ2FBIN(5785, 0)
                ^~~~~~~~~~~~~~~~~~
/home/cross/kernel/android_kernel_xiaomi_lavender/drivers/net/wireless/ath/ath9k/eeprom.h:98:38: note: expanded from macro 'FREQ2FBIN'
#define FREQ2FBIN(x, y)         ((y) ? ((x) - 2300) : (((x) - 4800) / 5))
                                        ~~~~^~~~~~
/home/cross/kernel/android_kernel_xiaomi_lavender/drivers/net/wireless/ath/ath9k/ar9003_eeprom.c:983:3: warning: implicit conversion from 'int' to 'u8' (aka 'unsigned char') changes value from 2880 to 64 [-Wconstant-conversion]
                FREQ2FBIN(5180, 0),
                ^~~~~~~~~~~~~~~~~~
/home/cross/kernel/android_kernel_xiaomi_lavender/drivers/net/wireless/ath/ath9k/eeprom.h:98:38: note: expanded from macro 'FREQ2FBIN'
#define FREQ2FBIN(x, y)         ((y) ? ((x) - 2300) : (((x) - 4800) / 5))
                                        ~~~~^~~~~~
/home/cross/kernel/android_kernel_xiaomi_lavender/drivers/net/wireless/ath/ath9k/ar9003_eeprom.c:984:3: warning: implicit conversion from 'int' to 'u8' (aka 'unsigned char') changes value from 2940 to 124 [-Wconstant-conversion]
                FREQ2FBIN(5240, 0),
                ^~~~~~~~~~~~~~~~~~
/home/cross/kernel/android_kernel_xiaomi_lavender/drivers/net/wireless/ath/ath9k/eeprom.h:98:38: note: expanded from macro 'FREQ2FBIN'
#define FREQ2FBIN(x, y)         ((y) ? ((x) - 2300) : (((x) - 4800) / 5))
                                        ~~~~^~~~~~
/home/cross/kernel/android_kernel_xiaomi_lavender/drivers/net/wireless/ath/ath9k/ar9003_eeprom.c:985:3: warning: implicit conversion from 'int' to 'u8' (aka 'unsigned char') changes value from 3020 to 204 [-Wconstant-conversion]
                FREQ2FBIN(5320, 0),
                ^~~~~~~~~~~~~~~~~~
/home/cross/kernel/android_kernel_xiaomi_lavender/drivers/net/wireless/ath/ath9k/eeprom.h:98:38: note: expanded from macro 'FREQ2FBIN'
#define FREQ2FBIN(x, y)         ((y) ? ((x) - 2300) : (((x) - 4800) / 5))
                                        ~~~~^~~~~~
/home/cross/kernel/android_kernel_xiaomi_lavender/drivers/net/wireless/ath/ath9k/ar9003_eeprom.c:986:3: warning: implicit conversion from 'int' to 'u8' (aka 'unsigned char') changes value from 3100 to 28 [-Wconstant-conversion]
                FREQ2FBIN(5400, 0),
                ^~~~~~~~~~~~~~~~~~
/home/cross/kernel/android_kernel_xiaomi_lavender/drivers/net/wireless/ath/ath9k/eeprom.h:98:38: note: expanded from macro 'FREQ2FBIN'
#define FREQ2FBIN(x, y)         ((y) ? ((x) - 2300) : (((x) - 4800) / 5))
                                        ~~~~^~~~~~
/home/cross/kernel/android_kernel_xiaomi_lavender/drivers/net/wireless/ath/ath9k/ar9003_eeprom.c:987:3: warning: implicit conversion from 'int' to 'u8' (aka 'unsigned char') changes value from 3200 to 128 [-Wconstant-conversion]
                FREQ2FBIN(5500, 0),
                ^~~~~~~~~~~~~~~~~~
/home/cross/kernel/android_kernel_xiaomi_lavender/drivers/net/wireless/ath/ath9k/eeprom.h:98:38: note: expanded from macro 'FREQ2FBIN'
#define FREQ2FBIN(x, y)         ((y) ? ((x) - 2300) : (((x) - 4800) / 5))
                                        ~~~~^~~~~~
/home/cross/kernel/android_kernel_xiaomi_lavender/drivers/net/wireless/ath/ath9k/ar9003_eeprom.c:988:3: warning: implicit conversion from 'int' to 'u8' (aka 'unsigned char') changes value from 3400 to 72 [-Wconstant-conversion]
                FREQ2FBIN(5700, 0),
                ^~~~~~~~~~~~~~~~~~
/home/cross/kernel/android_kernel_xiaomi_lavender/drivers/net/wireless/ath/ath9k/eeprom.h:98:38: note: expanded from macro 'FREQ2FBIN'
#define FREQ2FBIN(x, y)         ((y) ? ((x) - 2300) : (((x) - 4800) / 5))
                                        ~~~~^~~~~~
/home/cross/kernel/android_kernel_xiaomi_lavender/drivers/net/wireless/ath/ath9k/ar9003_eeprom.c:989:3: warning: implicit conversion from 'int' to 'u8' (aka 'unsigned char') changes value from 3445 to 117 [-Wconstant-conversion]
                FREQ2FBIN(5745, 0),
                ^~~~~~~~~~~~~~~~~~
/home/cross/kernel/android_kernel_xiaomi_lavender/drivers/net/wireless/ath/ath9k/eeprom.h:98:38: note: expanded from macro 'FREQ2FBIN'
#define FREQ2FBIN(x, y)         ((y) ? ((x) - 2300) : (((x) - 4800) / 5))
                                        ~~~~^~~~~~
/home/cross/kernel/android_kernel_xiaomi_lavender/drivers/net/wireless/ath/ath9k/ar9003_eeprom.c:990:3: warning: implicit conversion from 'int' to 'u8' (aka 'unsigned char') changes value from 3525 to 197 [-Wconstant-conversion]
                FREQ2FBIN(5825, 0)
                ^~~~~~~~~~~~~~~~~~
/home/cross/kernel/android_kernel_xiaomi_lavender/drivers/net/wireless/ath/ath9k/eeprom.h:98:38: note: expanded from macro 'FREQ2FBIN'
#define FREQ2FBIN(x, y)         ((y) ? ((x) - 2300) : (((x) - 4800) / 5))
                                        ~~~~^~~~~~
/home/cross/kernel/android_kernel_xiaomi_lavender/drivers/net/wireless/ath/ath9k/ar9003_eeprom.c:993:3: warning: implicit conversion from 'int' to 'u8' (aka 'unsigned char') changes value from 2890 to 74 [-Wconstant-conversion]
                FREQ2FBIN(5190, 0),
                ^~~~~~~~~~~~~~~~~~
/home/cross/kernel/android_kernel_xiaomi_lavender/drivers/net/wireless/ath/ath9k/eeprom.h:98:38: note: expanded from macro 'FREQ2FBIN'
#define FREQ2FBIN(x, y)         ((y) ? ((x) - 2300) : (((x) - 4800) / 5))
                                        ~~~~^~~~~~
/home/cross/kernel/android_kernel_xiaomi_lavender/drivers/net/wireless/ath/ath9k/ar9003_eeprom.c:994:3: warning: implicit conversion from 'int' to 'u8' (aka 'unsigned char') changes value from 2930 to 114 [-Wconstant-conversion]
                FREQ2FBIN(5230, 0),
                ^~~~~~~~~~~~~~~~~~
/home/cross/kernel/android_kernel_xiaomi_lavender/drivers/net/wireless/ath/ath9k/eeprom.h:98:38: note: expanded from macro 'FREQ2FBIN'
#define FREQ2FBIN(x, y)         ((y) ? ((x) - 2300) : (((x) - 4800) / 5))
                                        ~~~~^~~~~~
/home/cross/kernel/android_kernel_xiaomi_lavender/drivers/net/wireless/ath/ath9k/ar9003_eeprom.c:995:3: warning: implicit conversion from 'int' to 'u8' (aka 'unsigned char') changes value from 3020 to 204 [-Wconstant-conversion]
                FREQ2FBIN(5320, 0),
                ^~~~~~~~~~~~~~~~~~
/home/cross/kernel/android_kernel_xiaomi_lavender/drivers/net/wireless/ath/ath9k/eeprom.h:98:38: note: expanded from macro 'FREQ2FBIN'
#define FREQ2FBIN(x, y)         ((y) ? ((x) - 2300) : (((x) - 4800) / 5))
                                        ~~~~^~~~~~
/home/cross/kernel/android_kernel_xiaomi_lavender/drivers/net/wireless/ath/ath9k/ar9003_eeprom.c:996:3: warning: implicit conversion from 'int' to 'u8' (aka 'unsigned char') changes value from 3110 to 38 [-Wconstant-conversion]
                FREQ2FBIN(5410, 0),
                ^~~~~~~~~~~~~~~~~~
/home/cross/kernel/android_kernel_xiaomi_lavender/drivers/net/wireless/ath/ath9k/eeprom.h:98:38: note: expanded from macro 'FREQ2FBIN'
#define FREQ2FBIN(x, y)         ((y) ? ((x) - 2300) : (((x) - 4800) / 5))
                                        ~~~~^~~~~~
/home/cross/kernel/android_kernel_xiaomi_lavender/drivers/net/wireless/ath/ath9k/ar9003_eeprom.c:997:3: warning: implicit conversion from 'int' to 'u8' (aka 'unsigned char') changes value from 3210 to 138 [-Wconstant-conversion]
                FREQ2FBIN(5510, 0),
                ^~~~~~~~~~~~~~~~~~
/home/cross/kernel/android_kernel_xiaomi_lavender/drivers/net/wireless/ath/ath9k/eeprom.h:98:38: note: expanded from macro 'FREQ2FBIN'
#define FREQ2FBIN(x, y)         ((y) ? ((x) - 2300) : (((x) - 4800) / 5))
                                        ~~~~^~~~~~
/home/cross/kernel/android_kernel_xiaomi_lavender/drivers/net/wireless/ath/ath9k/ar9003_eeprom.c:998:3: warning: implicit conversion from 'int' to 'u8' (aka 'unsigned char') changes value from 3370 to 42 [-Wconstant-conversion]
                FREQ2FBIN(5670, 0),
                ^~~~~~~~~~~~~~~~~~
/home/cross/kernel/android_kernel_xiaomi_lavender/drivers/net/wireless/ath/ath9k/eeprom.h:98:38: note: expanded from macro 'FREQ2FBIN'
#define FREQ2FBIN(x, y)         ((y) ? ((x) - 2300) : (((x) - 4800) / 5))
                                        ~~~~^~~~~~
/home/cross/kernel/android_kernel_xiaomi_lavender/drivers/net/wireless/ath/ath9k/ar9003_eeprom.c:999:3: warning: implicit conversion from 'int' to 'u8' (aka 'unsigned char') changes value from 3455 to 127 [-Wconstant-conversion]
                FREQ2FBIN(5755, 0),
                ^~~~~~~~~~~~~~~~~~
/home/cross/kernel/android_kernel_xiaomi_lavender/drivers/net/wireless/ath/ath9k/eeprom.h:98:38: note: expanded from macro 'FREQ2FBIN'
#define FREQ2FBIN(x, y)         ((y) ? ((x) - 2300) : (((x) - 4800) / 5))
                                        ~~~~^~~~~~
/home/cross/kernel/android_kernel_xiaomi_lavender/drivers/net/wireless/ath/ath9k/ar9003_eeprom.c:1000:3: warning: implicit conversion from 'int' to 'u8' (aka 'unsigned char') changes value from 3525 to 197 [-Wconstant-conversion]
                FREQ2FBIN(5825, 0)
                ^~~~~~~~~~~~~~~~~~
/home/cross/kernel/android_kernel_xiaomi_lavender/drivers/net/wireless/ath/ath9k/eeprom.h:98:38: note: expanded from macro 'FREQ2FBIN'
#define FREQ2FBIN(x, y)         ((y) ? ((x) - 2300) : (((x) - 4800) / 5))
                                        ~~~~^~~~~~
/home/cross/kernel/android_kernel_xiaomi_lavender/drivers/net/wireless/ath/ath9k/ar9003_eeprom.c:1047:39: warning: implicit conversion from 'int' to 'u8' (aka 'unsigned char') changes value from 2880 to 64 [-Wconstant-conversion]
                        /* Data[0].ctlEdges[0].bChannel */ FREQ2FBIN(5180, 0),
                                                           ^~~~~~~~~~~~~~~~~~
/home/cross/kernel/android_kernel_xiaomi_lavender/drivers/net/wireless/ath/ath9k/eeprom.h:98:38: note: expanded from macro 'FREQ2FBIN'
#define FREQ2FBIN(x, y)         ((y) ? ((x) - 2300) : (((x) - 4800) / 5))
                                        ~~~~^~~~~~
/home/cross/kernel/android_kernel_xiaomi_lavender/drivers/net/wireless/ath/ath9k/ar9003_eeprom.c:1048:39: warning: implicit conversion from 'int' to 'u8' (aka 'unsigned char') changes value from 2960 to 144 [-Wconstant-conversion]
                        /* Data[0].ctlEdges[1].bChannel */ FREQ2FBIN(5260, 0),
                                                           ^~~~~~~~~~~~~~~~~~
/home/cross/kernel/android_kernel_xiaomi_lavender/drivers/net/wireless/ath/ath9k/eeprom.h:98:38: note: expanded from macro 'FREQ2FBIN'
#define FREQ2FBIN(x, y)         ((y) ? ((x) - 2300) : (((x) - 4800) / 5))
                                        ~~~~^~~~~~
/home/cross/kernel/android_kernel_xiaomi_lavender/drivers/net/wireless/ath/ath9k/ar9003_eeprom.c:1049:39: warning: implicit conversion from 'int' to 'u8' (aka 'unsigned char') changes value from 2980 to 164 [-Wconstant-conversion]
                        /* Data[0].ctlEdges[2].bChannel */ FREQ2FBIN(5280, 0),
                                                           ^~~~~~~~~~~~~~~~~~
/home/cross/kernel/android_kernel_xiaomi_lavender/drivers/net/wireless/ath/ath9k/eeprom.h:98:38: note: expanded from macro 'FREQ2FBIN'
#define FREQ2FBIN(x, y)         ((y) ? ((x) - 2300) : (((x) - 4800) / 5))
                                        ~~~~^~~~~~
/home/cross/kernel/android_kernel_xiaomi_lavender/drivers/net/wireless/ath/ath9k/ar9003_eeprom.c:1050:39: warning: implicit conversion from 'int' to 'u8' (aka 'unsigned char') changes value from 3200 to 128 [-Wconstant-conversion]
                        /* Data[0].ctlEdges[3].bChannel */ FREQ2FBIN(5500, 0),
                                                           ^~~~~~~~~~~~~~~~~~
/home/cross/kernel/android_kernel_xiaomi_lavender/drivers/net/wireless/ath/ath9k/eeprom.h:98:38: note: expanded from macro 'FREQ2FBIN'
#define FREQ2FBIN(x, y)         ((y) ? ((x) - 2300) : (((x) - 4800) / 5))
                                        ~~~~^~~~~~
/home/cross/kernel/android_kernel_xiaomi_lavender/drivers/net/wireless/ath/ath9k/ar9003_eeprom.c:1051:39: warning: implicit conversion from 'int' to 'u8' (aka 'unsigned char') changes value from 3300 to 228 [-Wconstant-conversion]
                        /* Data[0].ctlEdges[4].bChannel */ FREQ2FBIN(5600, 0),
                                                           ^~~~~~~~~~~~~~~~~~
/home/cross/kernel/android_kernel_xiaomi_lavender/drivers/net/wireless/ath/ath9k/eeprom.h:98:38: note: expanded from macro 'FREQ2FBIN'
#define FREQ2FBIN(x, y)         ((y) ? ((x) - 2300) : (((x) - 4800) / 5))
                                        ~~~~^~~~~~
/home/cross/kernel/android_kernel_xiaomi_lavender/drivers/net/wireless/ath/ath9k/ar9003_eeprom.c:1052:39: warning: implicit conversion from 'int' to 'u8' (aka 'unsigned char') changes value from 3400 to 72 [-Wconstant-conversion]
                        /* Data[0].ctlEdges[5].bChannel */ FREQ2FBIN(5700, 0),
                                                           ^~~~~~~~~~~~~~~~~~
/home/cross/kernel/android_kernel_xiaomi_lavender/drivers/net/wireless/ath/ath9k/eeprom.h:98:38: note: expanded from macro 'FREQ2FBIN'
#define FREQ2FBIN(x, y)         ((y) ? ((x) - 2300) : (((x) - 4800) / 5))
                                        ~~~~^~~~~~
/home/cross/kernel/android_kernel_xiaomi_lavender/drivers/net/wireless/ath/ath9k/ar9003_eeprom.c:1053:39: warning: implicit conversion from 'int' to 'u8' (aka 'unsigned char') changes value from 3445 to 117 [-Wconstant-conversion]
                        /* Data[0].ctlEdges[6].bChannel */ FREQ2FBIN(5745, 0),
                                                           ^~~~~~~~~~~~~~~~~~
/home/cross/kernel/android_kernel_xiaomi_lavender/drivers/net/wireless/ath/ath9k/eeprom.h:98:38: note: expanded from macro 'FREQ2FBIN'
#define FREQ2FBIN(x, y)         ((y) ? ((x) - 2300) : (((x) - 4800) / 5))
                                        ~~~~^~~~~~
/home/cross/kernel/android_kernel_xiaomi_lavender/drivers/net/wireless/ath/ath9k/ar9003_eeprom.c:1054:39: warning: implicit conversion from 'int' to 'u8' (aka 'unsigned char') changes value from 3525 to 197 [-Wconstant-conversion]
                        /* Data[0].ctlEdges[7].bChannel */ FREQ2FBIN(5825, 0)
                                                           ^~~~~~~~~~~~~~~~~~
/home/cross/kernel/android_kernel_xiaomi_lavender/drivers/net/wireless/ath/ath9k/eeprom.h:98:38: note: expanded from macro 'FREQ2FBIN'
#define FREQ2FBIN(x, y)         ((y) ? ((x) - 2300) : (((x) - 4800) / 5))
                                        ~~~~^~~~~~
/home/cross/kernel/android_kernel_xiaomi_lavender/drivers/net/wireless/ath/ath9k/ar9003_eeprom.c:1057:39: warning: implicit conversion from 'int' to 'u8' (aka 'unsigned char') changes value from 2880 to 64 [-Wconstant-conversion]
                        /* Data[1].ctlEdges[0].bChannel */ FREQ2FBIN(5180, 0),
                                                           ^~~~~~~~~~~~~~~~~~
/home/cross/kernel/android_kernel_xiaomi_lavender/drivers/net/wireless/ath/ath9k/eeprom.h:98:38: note: expanded from macro 'FREQ2FBIN'
#define FREQ2FBIN(x, y)         ((y) ? ((x) - 2300) : (((x) - 4800) / 5))
                                        ~~~~^~~~~~
/home/cross/kernel/android_kernel_xiaomi_lavender/drivers/net/wireless/ath/ath9k/ar9003_eeprom.c:1058:39: warning: implicit conversion from 'int' to 'u8' (aka 'unsigned char') changes value from 2960 to 144 [-Wconstant-conversion]
                        /* Data[1].ctlEdges[1].bChannel */ FREQ2FBIN(5260, 0),
                                                           ^~~~~~~~~~~~~~~~~~
/home/cross/kernel/android_kernel_xiaomi_lavender/drivers/net/wireless/ath/ath9k/eeprom.h:98:38: note: expanded from macro 'FREQ2FBIN'
#define FREQ2FBIN(x, y)         ((y) ? ((x) - 2300) : (((x) - 4800) / 5))
                                        ~~~~^~~~~~
/home/cross/kernel/android_kernel_xiaomi_lavender/drivers/net/wireless/ath/ath9k/ar9003_eeprom.c:1059:39: warning: implicit conversion from 'int' to 'u8' (aka 'unsigned char') changes value from 2980 to 164 [-Wconstant-conversion]
                        /* Data[1].ctlEdges[2].bChannel */ FREQ2FBIN(5280, 0),
                                                           ^~~~~~~~~~~~~~~~~~
/home/cross/kernel/android_kernel_xiaomi_lavender/drivers/net/wireless/ath/ath9k/eeprom.h:98:38: note: expanded from macro 'FREQ2FBIN'
#define FREQ2FBIN(x, y)         ((y) ? ((x) - 2300) : (((x) - 4800) / 5))
                                        ~~~~^~~~~~
/home/cross/kernel/android_kernel_xiaomi_lavender/drivers/net/wireless/ath/ath9k/ar9003_eeprom.c:1060:39: warning: implicit conversion from 'int' to 'u8' (aka 'unsigned char') changes value from 3200 to 128 [-Wconstant-conversion]
                        /* Data[1].ctlEdges[3].bChannel */ FREQ2FBIN(5500, 0),
                                                           ^~~~~~~~~~~~~~~~~~
/home/cross/kernel/android_kernel_xiaomi_lavender/drivers/net/wireless/ath/ath9k/eeprom.h:98:38: note: expanded from macro 'FREQ2FBIN'
#define FREQ2FBIN(x, y)         ((y) ? ((x) - 2300) : (((x) - 4800) / 5))
                                        ~~~~^~~~~~
/home/cross/kernel/android_kernel_xiaomi_lavender/drivers/net/wireless/ath/ath9k/ar9003_eeprom.c:1061:39: warning: implicit conversion from 'int' to 'u8' (aka 'unsigned char') changes value from 3220 to 148 [-Wconstant-conversion]
                        /* Data[1].ctlEdges[4].bChannel */ FREQ2FBIN(5520, 0),
                                                           ^~~~~~~~~~~~~~~~~~
/home/cross/kernel/android_kernel_xiaomi_lavender/drivers/net/wireless/ath/ath9k/eeprom.h:98:38: note: expanded from macro 'FREQ2FBIN'
#define FREQ2FBIN(x, y)         ((y) ? ((x) - 2300) : (((x) - 4800) / 5))
                                        ~~~~^~~~~~
/home/cross/kernel/android_kernel_xiaomi_lavender/drivers/net/wireless/ath/ath9k/ar9003_eeprom.c:1062:39: warning: implicit conversion from 'int' to 'u8' (aka 'unsigned char') changes value from 3400 to 72 [-Wconstant-conversion]
                        /* Data[1].ctlEdges[5].bChannel */ FREQ2FBIN(5700, 0),
                                                           ^~~~~~~~~~~~~~~~~~
/home/cross/kernel/android_kernel_xiaomi_lavender/drivers/net/wireless/ath/ath9k/eeprom.h:98:38: note: expanded from macro 'FREQ2FBIN'
#define FREQ2FBIN(x, y)         ((y) ? ((x) - 2300) : (((x) - 4800) / 5))
                                        ~~~~^~~~~~
/home/cross/kernel/android_kernel_xiaomi_lavender/drivers/net/wireless/ath/ath9k/ar9003_eeprom.c:1063:39: warning: implicit conversion from 'int' to 'u8' (aka 'unsigned char') changes value from 3445 to 117 [-Wconstant-conversion]
                        /* Data[1].ctlEdges[6].bChannel */ FREQ2FBIN(5745, 0),
                                                           ^~~~~~~~~~~~~~~~~~
/home/cross/kernel/android_kernel_xiaomi_lavender/drivers/net/wireless/ath/ath9k/eeprom.h:98:38: note: expanded from macro 'FREQ2FBIN'
#define FREQ2FBIN(x, y)         ((y) ? ((x) - 2300) : (((x) - 4800) / 5))
                                        ~~~~^~~~~~
/home/cross/kernel/android_kernel_xiaomi_lavender/drivers/net/wireless/ath/ath9k/ar9003_eeprom.c:1064:39: warning: implicit conversion from 'int' to 'u8' (aka 'unsigned char') changes value from 3525 to 197 [-Wconstant-conversion]
                        /* Data[1].ctlEdges[7].bChannel */ FREQ2FBIN(5825, 0)
                                                           ^~~~~~~~~~~~~~~~~~
/home/cross/kernel/android_kernel_xiaomi_lavender/drivers/net/wireless/ath/ath9k/eeprom.h:98:38: note: expanded from macro 'FREQ2FBIN'
#define FREQ2FBIN(x, y)         ((y) ? ((x) - 2300) : (((x) - 4800) / 5))
                                        ~~~~^~~~~~
/home/cross/kernel/android_kernel_xiaomi_lavender/drivers/net/wireless/ath/ath9k/ar9003_eeprom.c:1068:39: warning: implicit conversion from 'int' to 'u8' (aka 'unsigned char') changes value from 2890 to 74 [-Wconstant-conversion]
                        /* Data[2].ctlEdges[0].bChannel */ FREQ2FBIN(5190, 0),
                                                           ^~~~~~~~~~~~~~~~~~
/home/cross/kernel/android_kernel_xiaomi_lavender/drivers/net/wireless/ath/ath9k/eeprom.h:98:38: note: expanded from macro 'FREQ2FBIN'
#define FREQ2FBIN(x, y)         ((y) ? ((x) - 2300) : (((x) - 4800) / 5))
                                        ~~~~^~~~~~
/home/cross/kernel/android_kernel_xiaomi_lavender/drivers/net/wireless/ath/ath9k/ar9003_eeprom.c:1069:39: warning: implicit conversion from 'int' to 'u8' (aka 'unsigned char') changes value from 2930 to 114 [-Wconstant-conversion]
                        /* Data[2].ctlEdges[1].bChannel */ FREQ2FBIN(5230, 0),
                                                           ^~~~~~~~~~~~~~~~~~
/home/cross/kernel/android_kernel_xiaomi_lavender/drivers/net/wireless/ath/ath9k/eeprom.h:98:38: note: expanded from macro 'FREQ2FBIN'
#define FREQ2FBIN(x, y)         ((y) ? ((x) - 2300) : (((x) - 4800) / 5))
                                        ~~~~^~~~~~
/home/cross/kernel/android_kernel_xiaomi_lavender/drivers/net/wireless/ath/ath9k/ar9003_eeprom.c:1070:39: warning: implicit conversion from 'int' to 'u8' (aka 'unsigned char') changes value from 2970 to 154 [-Wconstant-conversion]
                        /* Data[2].ctlEdges[2].bChannel */ FREQ2FBIN(5270, 0),
                                                           ^~~~~~~~~~~~~~~~~~
/home/cross/kernel/android_kernel_xiaomi_lavender/drivers/net/wireless/ath/ath9k/eeprom.h:98:38: note: expanded from macro 'FREQ2FBIN'
#define FREQ2FBIN(x, y)         ((y) ? ((x) - 2300) : (((x) - 4800) / 5))
                                        ~~~~^~~~~~
/home/cross/kernel/android_kernel_xiaomi_lavender/drivers/net/wireless/ath/ath9k/ar9003_eeprom.c:1071:39: warning: implicit conversion from 'int' to 'u8' (aka 'unsigned char') changes value from 3010 to 194 [-Wconstant-conversion]
                        /* Data[2].ctlEdges[3].bChannel */ FREQ2FBIN(5310, 0),
                                                           ^~~~~~~~~~~~~~~~~~
/home/cross/kernel/android_kernel_xiaomi_lavender/drivers/net/wireless/ath/ath9k/eeprom.h:98:38: note: expanded from macro 'FREQ2FBIN'
#define FREQ2FBIN(x, y)         ((y) ? ((x) - 2300) : (((x) - 4800) / 5))
                                        ~~~~^~~~~~
/home/cross/kernel/android_kernel_xiaomi_lavender/drivers/net/wireless/ath/ath9k/ar9003_eeprom.c:1072:39: warning: implicit conversion from 'int' to 'u8' (aka 'unsigned char') changes value from 3210 to 138 [-Wconstant-conversion]
                        /* Data[2].ctlEdges[4].bChannel */ FREQ2FBIN(5510, 0),
                                                           ^~~~~~~~~~~~~~~~~~
/home/cross/kernel/android_kernel_xiaomi_lavender/drivers/net/wireless/ath/ath9k/eeprom.h:98:38: note: expanded from macro 'FREQ2FBIN'
#define FREQ2FBIN(x, y)         ((y) ? ((x) - 2300) : (((x) - 4800) / 5))
                                        ~~~~^~~~~~
/home/cross/kernel/android_kernel_xiaomi_lavender/drivers/net/wireless/ath/ath9k/ar9003_eeprom.c:1073:39: warning: implicit conversion from 'int' to 'u8' (aka 'unsigned char') changes value from 3250 to 178 [-Wconstant-conversion]
                        /* Data[2].ctlEdges[5].bChannel */ FREQ2FBIN(5550, 0),
                                                           ^~~~~~~~~~~~~~~~~~
/home/cross/kernel/android_kernel_xiaomi_lavender/drivers/net/wireless/ath/ath9k/eeprom.h:98:38: note: expanded from macro 'FREQ2FBIN'
#define FREQ2FBIN(x, y)         ((y) ? ((x) - 2300) : (((x) - 4800) / 5))
                                        ~~~~^~~~~~
/home/cross/kernel/android_kernel_xiaomi_lavender/drivers/net/wireless/ath/ath9k/ar9003_eeprom.c:1074:39: warning: implicit conversion from 'int' to 'u8' (aka 'unsigned char') changes value from 3370 to 42 [-Wconstant-conversion]
                        /* Data[2].ctlEdges[6].bChannel */ FREQ2FBIN(5670, 0),
                                                           ^~~~~~~~~~~~~~~~~~
/home/cross/kernel/android_kernel_xiaomi_lavender/drivers/net/wireless/ath/ath9k/eeprom.h:98:38: note: expanded from macro 'FREQ2FBIN'
#define FREQ2FBIN(x, y)         ((y) ? ((x) - 2300) : (((x) - 4800) / 5))
                                        ~~~~^~~~~~
/home/cross/kernel/android_kernel_xiaomi_lavender/drivers/net/wireless/ath/ath9k/ar9003_eeprom.c:1075:39: warning: implicit conversion from 'int' to 'u8' (aka 'unsigned char') changes value from 3455 to 127 [-Wconstant-conversion]
                        /* Data[2].ctlEdges[7].bChannel */ FREQ2FBIN(5755, 0)
                                                           ^~~~~~~~~~~~~~~~~~
/home/cross/kernel/android_kernel_xiaomi_lavender/drivers/net/wireless/ath/ath9k/eeprom.h:98:38: note: expanded from macro 'FREQ2FBIN'
#define FREQ2FBIN(x, y)         ((y) ? ((x) - 2300) : (((x) - 4800) / 5))
                                        ~~~~^~~~~~
/home/cross/kernel/android_kernel_xiaomi_lavender/drivers/net/wireless/ath/ath9k/ar9003_eeprom.c:1079:39: warning: implicit conversion from 'int' to 'u8' (aka 'unsigned char') changes value from 2880 to 64 [-Wconstant-conversion]
                        /* Data[3].ctlEdges[0].bChannel */ FREQ2FBIN(5180, 0),
                                                           ^~~~~~~~~~~~~~~~~~
/home/cross/kernel/android_kernel_xiaomi_lavender/drivers/net/wireless/ath/ath9k/eeprom.h:98:38: note: expanded from macro 'FREQ2FBIN'
#define FREQ2FBIN(x, y)         ((y) ? ((x) - 2300) : (((x) - 4800) / 5))
                                        ~~~~^~~~~~
/home/cross/kernel/android_kernel_xiaomi_lavender/drivers/net/wireless/ath/ath9k/ar9003_eeprom.c:1080:39: warning: implicit conversion from 'int' to 'u8' (aka 'unsigned char') changes value from 2900 to 84 [-Wconstant-conversion]
                        /* Data[3].ctlEdges[1].bChannel */ FREQ2FBIN(5200, 0),
                                                           ^~~~~~~~~~~~~~~~~~
/home/cross/kernel/android_kernel_xiaomi_lavender/drivers/net/wireless/ath/ath9k/eeprom.h:98:38: note: expanded from macro 'FREQ2FBIN'
#define FREQ2FBIN(x, y)         ((y) ? ((x) - 2300) : (((x) - 4800) / 5))
                                        ~~~~^~~~~~
/home/cross/kernel/android_kernel_xiaomi_lavender/drivers/net/wireless/ath/ath9k/ar9003_eeprom.c:1081:39: warning: implicit conversion from 'int' to 'u8' (aka 'unsigned char') changes value from 2960 to 144 [-Wconstant-conversion]
                        /* Data[3].ctlEdges[2].bChannel */ FREQ2FBIN(5260, 0),
                                                           ^~~~~~~~~~~~~~~~~~
/home/cross/kernel/android_kernel_xiaomi_lavender/drivers/net/wireless/ath/ath9k/eeprom.h:98:38: note: expanded from macro 'FREQ2FBIN'
#define FREQ2FBIN(x, y)         ((y) ? ((x) - 2300) : (((x) - 4800) / 5))
                                        ~~~~^~~~~~
/home/cross/kernel/android_kernel_xiaomi_lavender/drivers/net/wireless/ath/ath9k/ar9003_eeprom.c:1082:39: warning: implicit conversion from 'int' to 'u8' (aka 'unsigned char') changes value from 3020 to 204 [-Wconstant-conversion]
                        /* Data[3].ctlEdges[3].bChannel */ FREQ2FBIN(5320, 0),
                                                           ^~~~~~~~~~~~~~~~~~
/home/cross/kernel/android_kernel_xiaomi_lavender/drivers/net/wireless/ath/ath9k/eeprom.h:98:38: note: expanded from macro 'FREQ2FBIN'
#define FREQ2FBIN(x, y)         ((y) ? ((x) - 2300) : (((x) - 4800) / 5))
                                        ~~~~^~~~~~
/home/cross/kernel/android_kernel_xiaomi_lavender/drivers/net/wireless/ath/ath9k/ar9003_eeprom.c:1083:39: warning: implicit conversion from 'int' to 'u8' (aka 'unsigned char') changes value from 3200 to 128 [-Wconstant-conversion]
                        /* Data[3].ctlEdges[4].bChannel */ FREQ2FBIN(5500, 0),
                                                           ^~~~~~~~~~~~~~~~~~
/home/cross/kernel/android_kernel_xiaomi_lavender/drivers/net/wireless/ath/ath9k/eeprom.h:98:38: note: expanded from macro 'FREQ2FBIN'
#define FREQ2FBIN(x, y)         ((y) ? ((x) - 2300) : (((x) - 4800) / 5))
                                        ~~~~^~~~~~
/home/cross/kernel/android_kernel_xiaomi_lavender/drivers/net/wireless/ath/ath9k/ar9003_eeprom.c:1084:39: warning: implicit conversion from 'int' to 'u8' (aka 'unsigned char') changes value from 3400 to 72 [-Wconstant-conversion]
                        /* Data[3].ctlEdges[5].bChannel */ FREQ2FBIN(5700, 0),
                                                           ^~~~~~~~~~~~~~~~~~
/home/cross/kernel/android_kernel_xiaomi_lavender/drivers/net/wireless/ath/ath9k/eeprom.h:98:38: note: expanded from macro 'FREQ2FBIN'
#define FREQ2FBIN(x, y)         ((y) ? ((x) - 2300) : (((x) - 4800) / 5))
                                        ~~~~^~~~~~
/home/cross/kernel/android_kernel_xiaomi_lavender/drivers/net/wireless/ath/ath9k/ar9003_eeprom.c:1090:39: warning: implicit conversion from 'int' to 'u8' (aka 'unsigned char') changes value from 2880 to 64 [-Wconstant-conversion]
                        /* Data[4].ctlEdges[0].bChannel */ FREQ2FBIN(5180, 0),
                                                           ^~~~~~~~~~~~~~~~~~
/home/cross/kernel/android_kernel_xiaomi_lavender/drivers/net/wireless/ath/ath9k/eeprom.h:98:38: note: expanded from macro 'FREQ2FBIN'
#define FREQ2FBIN(x, y)         ((y) ? ((x) - 2300) : (((x) - 4800) / 5))
                                        ~~~~^~~~~~
/home/cross/kernel/android_kernel_xiaomi_lavender/drivers/net/wireless/ath/ath9k/ar9003_eeprom.c:1091:39: warning: implicit conversion from 'int' to 'u8' (aka 'unsigned char') changes value from 2960 to 144 [-Wconstant-conversion]
                        /* Data[4].ctlEdges[1].bChannel */ FREQ2FBIN(5260, 0),
                                                           ^~~~~~~~~~~~~~~~~~
/home/cross/kernel/android_kernel_xiaomi_lavender/drivers/net/wireless/ath/ath9k/eeprom.h:98:38: note: expanded from macro 'FREQ2FBIN'
#define FREQ2FBIN(x, y)         ((y) ? ((x) - 2300) : (((x) - 4800) / 5))
                                        ~~~~^~~~~~
/home/cross/kernel/android_kernel_xiaomi_lavender/drivers/net/wireless/ath/ath9k/ar9003_eeprom.c:1092:39: warning: implicit conversion from 'int' to 'u8' (aka 'unsigned char') changes value from 3200 to 128 [-Wconstant-conversion]
                        /* Data[4].ctlEdges[2].bChannel */ FREQ2FBIN(5500, 0),
                                                           ^~~~~~~~~~~~~~~~~~
/home/cross/kernel/android_kernel_xiaomi_lavender/drivers/net/wireless/ath/ath9k/eeprom.h:98:38: note: expanded from macro 'FREQ2FBIN'
#define FREQ2FBIN(x, y)         ((y) ? ((x) - 2300) : (((x) - 4800) / 5))
                                        ~~~~^~~~~~
/home/cross/kernel/android_kernel_xiaomi_lavender/drivers/net/wireless/ath/ath9k/ar9003_eeprom.c:1093:39: warning: implicit conversion from 'int' to 'u8' (aka 'unsigned char') changes value from 3400 to 72 [-Wconstant-conversion]
                        /* Data[4].ctlEdges[3].bChannel */ FREQ2FBIN(5700, 0),
                                                           ^~~~~~~~~~~~~~~~~~
/home/cross/kernel/android_kernel_xiaomi_lavender/drivers/net/wireless/ath/ath9k/eeprom.h:98:38: note: expanded from macro 'FREQ2FBIN'
#define FREQ2FBIN(x, y)         ((y) ? ((x) - 2300) : (((x) - 4800) / 5))
                                        ~~~~^~~~~~
/home/cross/kernel/android_kernel_xiaomi_lavender/drivers/net/wireless/ath/ath9k/ar9003_eeprom.c:1101:39: warning: implicit conversion from 'int' to 'u8' (aka 'unsigned char') changes value from 2890 to 74 [-Wconstant-conversion]
                        /* Data[5].ctlEdges[0].bChannel */ FREQ2FBIN(5190, 0),
                                                           ^~~~~~~~~~~~~~~~~~
/home/cross/kernel/android_kernel_xiaomi_lavender/drivers/net/wireless/ath/ath9k/eeprom.h:98:38: note: expanded from macro 'FREQ2FBIN'
#define FREQ2FBIN(x, y)         ((y) ? ((x) - 2300) : (((x) - 4800) / 5))
                                        ~~~~^~~~~~
/home/cross/kernel/android_kernel_xiaomi_lavender/drivers/net/wireless/ath/ath9k/ar9003_eeprom.c:1102:39: warning: implicit conversion from 'int' to 'u8' (aka 'unsigned char') changes value from 2970 to 154 [-Wconstant-conversion]
                        /* Data[5].ctlEdges[1].bChannel */ FREQ2FBIN(5270, 0),
                                                           ^~~~~~~~~~~~~~~~~~
/home/cross/kernel/android_kernel_xiaomi_lavender/drivers/net/wireless/ath/ath9k/eeprom.h:98:38: note: expanded from macro 'FREQ2FBIN'
#define FREQ2FBIN(x, y)         ((y) ? ((x) - 2300) : (((x) - 4800) / 5))
                                        ~~~~^~~~~~
/home/cross/kernel/android_kernel_xiaomi_lavender/drivers/net/wireless/ath/ath9k/ar9003_eeprom.c:1103:39: warning: implicit conversion from 'int' to 'u8' (aka 'unsigned char') changes value from 3010 to 194 [-Wconstant-conversion]
                        /* Data[5].ctlEdges[2].bChannel */ FREQ2FBIN(5310, 0),
                                                           ^~~~~~~~~~~~~~~~~~
/home/cross/kernel/android_kernel_xiaomi_lavender/drivers/net/wireless/ath/ath9k/eeprom.h:98:38: note: expanded from macro 'FREQ2FBIN'
#define FREQ2FBIN(x, y)         ((y) ? ((x) - 2300) : (((x) - 4800) / 5))
                                        ~~~~^~~~~~
/home/cross/kernel/android_kernel_xiaomi_lavender/drivers/net/wireless/ath/ath9k/ar9003_eeprom.c:1104:39: warning: implicit conversion from 'int' to 'u8' (aka 'unsigned char') changes value from 3210 to 138 [-Wconstant-conversion]
                        /* Data[5].ctlEdges[3].bChannel */ FREQ2FBIN(5510, 0),
                                                           ^~~~~~~~~~~~~~~~~~
/home/cross/kernel/android_kernel_xiaomi_lavender/drivers/net/wireless/ath/ath9k/eeprom.h:98:38: note: expanded from macro 'FREQ2FBIN'
#define FREQ2FBIN(x, y)         ((y) ? ((x) - 2300) : (((x) - 4800) / 5))
                                        ~~~~^~~~~~
/home/cross/kernel/android_kernel_xiaomi_lavender/drivers/net/wireless/ath/ath9k/ar9003_eeprom.c:1105:39: warning: implicit conversion from 'int' to 'u8' (aka 'unsigned char') changes value from 3290 to 218 [-Wconstant-conversion]
                        /* Data[5].ctlEdges[4].bChannel */ FREQ2FBIN(5590, 0),
                                                           ^~~~~~~~~~~~~~~~~~
/home/cross/kernel/android_kernel_xiaomi_lavender/drivers/net/wireless/ath/ath9k/eeprom.h:98:38: note: expanded from macro 'FREQ2FBIN'
#define FREQ2FBIN(x, y)         ((y) ? ((x) - 2300) : (((x) - 4800) / 5))
                                        ~~~~^~~~~~
/home/cross/kernel/android_kernel_xiaomi_lavender/drivers/net/wireless/ath/ath9k/ar9003_eeprom.c:1106:39: warning: implicit conversion from 'int' to 'u8' (aka 'unsigned char') changes value from 3370 to 42 [-Wconstant-conversion]
                        /* Data[5].ctlEdges[5].bChannel */ FREQ2FBIN(5670, 0),
                                                           ^~~~~~~~~~~~~~~~~~
/home/cross/kernel/android_kernel_xiaomi_lavender/drivers/net/wireless/ath/ath9k/eeprom.h:98:38: note: expanded from macro 'FREQ2FBIN'
#define FREQ2FBIN(x, y)         ((y) ? ((x) - 2300) : (((x) - 4800) / 5))
                                        ~~~~^~~~~~
/home/cross/kernel/android_kernel_xiaomi_lavender/drivers/net/wireless/ath/ath9k/ar9003_eeprom.c:1112:39: warning: implicit conversion from 'int' to 'u8' (aka 'unsigned char') changes value from 2880 to 64 [-Wconstant-conversion]
                        /* Data[6].ctlEdges[0].bChannel */ FREQ2FBIN(5180, 0),
                                                           ^~~~~~~~~~~~~~~~~~
/home/cross/kernel/android_kernel_xiaomi_lavender/drivers/net/wireless/ath/ath9k/eeprom.h:98:38: note: expanded from macro 'FREQ2FBIN'
#define FREQ2FBIN(x, y)         ((y) ? ((x) - 2300) : (((x) - 4800) / 5))
                                        ~~~~^~~~~~
/home/cross/kernel/android_kernel_xiaomi_lavender/drivers/net/wireless/ath/ath9k/ar9003_eeprom.c:1113:39: warning: implicit conversion from 'int' to 'u8' (aka 'unsigned char') changes value from 2900 to 84 [-Wconstant-conversion]
                        /* Data[6].ctlEdges[1].bChannel */ FREQ2FBIN(5200, 0),
                                                           ^~~~~~~~~~~~~~~~~~
/home/cross/kernel/android_kernel_xiaomi_lavender/drivers/net/wireless/ath/ath9k/eeprom.h:98:38: note: expanded from macro 'FREQ2FBIN'
#define FREQ2FBIN(x, y)         ((y) ? ((x) - 2300) : (((x) - 4800) / 5))
                                        ~~~~^~~~~~
/home/cross/kernel/android_kernel_xiaomi_lavender/drivers/net/wireless/ath/ath9k/ar9003_eeprom.c:1114:39: warning: implicit conversion from 'int' to 'u8' (aka 'unsigned char') changes value from 2920 to 104 [-Wconstant-conversion]
                        /* Data[6].ctlEdges[2].bChannel */ FREQ2FBIN(5220, 0),
                                                           ^~~~~~~~~~~~~~~~~~
/home/cross/kernel/android_kernel_xiaomi_lavender/drivers/net/wireless/ath/ath9k/eeprom.h:98:38: note: expanded from macro 'FREQ2FBIN'
#define FREQ2FBIN(x, y)         ((y) ? ((x) - 2300) : (((x) - 4800) / 5))
                                        ~~~~^~~~~~
/home/cross/kernel/android_kernel_xiaomi_lavender/drivers/net/wireless/ath/ath9k/ar9003_eeprom.c:1115:39: warning: implicit conversion from 'int' to 'u8' (aka 'unsigned char') changes value from 2960 to 144 [-Wconstant-conversion]
                        /* Data[6].ctlEdges[3].bChannel */ FREQ2FBIN(5260, 0),
                                                           ^~~~~~~~~~~~~~~~~~
/home/cross/kernel/android_kernel_xiaomi_lavender/drivers/net/wireless/ath/ath9k/eeprom.h:98:38: note: expanded from macro 'FREQ2FBIN'
#define FREQ2FBIN(x, y)         ((y) ? ((x) - 2300) : (((x) - 4800) / 5))
                                        ~~~~^~~~~~
/home/cross/kernel/android_kernel_xiaomi_lavender/drivers/net/wireless/ath/ath9k/ar9003_eeprom.c:1116:39: warning: implicit conversion from 'int' to 'u8' (aka 'unsigned char') changes value from 3200 to 128 [-Wconstant-conversion]
                        /* Data[6].ctlEdges[4].bChannel */ FREQ2FBIN(5500, 0),
                                                           ^~~~~~~~~~~~~~~~~~
/home/cross/kernel/android_kernel_xiaomi_lavender/drivers/net/wireless/ath/ath9k/eeprom.h:98:38: note: expanded from macro 'FREQ2FBIN'
#define FREQ2FBIN(x, y)         ((y) ? ((x) - 2300) : (((x) - 4800) / 5))
                                        ~~~~^~~~~~
/home/cross/kernel/android_kernel_xiaomi_lavender/drivers/net/wireless/ath/ath9k/ar9003_eeprom.c:1117:39: warning: implicit conversion from 'int' to 'u8' (aka 'unsigned char') changes value from 3300 to 228 [-Wconstant-conversion]
                        /* Data[6].ctlEdges[5].bChannel */ FREQ2FBIN(5600, 0),
                                                           ^~~~~~~~~~~~~~~~~~
/home/cross/kernel/android_kernel_xiaomi_lavender/drivers/net/wireless/ath/ath9k/eeprom.h:98:38: note: expanded from macro 'FREQ2FBIN'
#define FREQ2FBIN(x, y)         ((y) ? ((x) - 2300) : (((x) - 4800) / 5))
                                        ~~~~^~~~~~
/home/cross/kernel/android_kernel_xiaomi_lavender/drivers/net/wireless/ath/ath9k/ar9003_eeprom.c:1118:39: warning: implicit conversion from 'int' to 'u8' (aka 'unsigned char') changes value from 3400 to 72 [-Wconstant-conversion]
                        /* Data[6].ctlEdges[6].bChannel */ FREQ2FBIN(5700, 0),
                                                           ^~~~~~~~~~~~~~~~~~
/home/cross/kernel/android_kernel_xiaomi_lavender/drivers/net/wireless/ath/ath9k/eeprom.h:98:38: note: expanded from macro 'FREQ2FBIN'
#define FREQ2FBIN(x, y)         ((y) ? ((x) - 2300) : (((x) - 4800) / 5))
                                        ~~~~^~~~~~
/home/cross/kernel/android_kernel_xiaomi_lavender/drivers/net/wireless/ath/ath9k/ar9003_eeprom.c:1119:39: warning: implicit conversion from 'int' to 'u8' (aka 'unsigned char') changes value from 3445 to 117 [-Wconstant-conversion]
                        /* Data[6].ctlEdges[7].bChannel */ FREQ2FBIN(5745, 0)
                                                           ^~~~~~~~~~~~~~~~~~
/home/cross/kernel/android_kernel_xiaomi_lavender/drivers/net/wireless/ath/ath9k/eeprom.h:98:38: note: expanded from macro 'FREQ2FBIN'
#define FREQ2FBIN(x, y)         ((y) ? ((x) - 2300) : (((x) - 4800) / 5))
                                        ~~~~^~~~~~
/home/cross/kernel/android_kernel_xiaomi_lavender/drivers/net/wireless/ath/ath9k/ar9003_eeprom.c:1123:39: warning: implicit conversion from 'int' to 'u8' (aka 'unsigned char') changes value from 2880 to 64 [-Wconstant-conversion]
                        /* Data[7].ctlEdges[0].bChannel */ FREQ2FBIN(5180, 0),
                                                           ^~~~~~~~~~~~~~~~~~
/home/cross/kernel/android_kernel_xiaomi_lavender/drivers/net/wireless/ath/ath9k/eeprom.h:98:38: note: expanded from macro 'FREQ2FBIN'
#define FREQ2FBIN(x, y)         ((y) ? ((x) - 2300) : (((x) - 4800) / 5))
                                        ~~~~^~~~~~
/home/cross/kernel/android_kernel_xiaomi_lavender/drivers/net/wireless/ath/ath9k/ar9003_eeprom.c:1124:39: warning: implicit conversion from 'int' to 'u8' (aka 'unsigned char') changes value from 2960 to 144 [-Wconstant-conversion]
                        /* Data[7].ctlEdges[1].bChannel */ FREQ2FBIN(5260, 0),
                                                           ^~~~~~~~~~~~~~~~~~
/home/cross/kernel/android_kernel_xiaomi_lavender/drivers/net/wireless/ath/ath9k/eeprom.h:98:38: note: expanded from macro 'FREQ2FBIN'
#define FREQ2FBIN(x, y)         ((y) ? ((x) - 2300) : (((x) - 4800) / 5))
                                        ~~~~^~~~~~
/home/cross/kernel/android_kernel_xiaomi_lavender/drivers/net/wireless/ath/ath9k/ar9003_eeprom.c:1125:39: warning: implicit conversion from 'int' to 'u8' (aka 'unsigned char') changes value from 3020 to 204 [-Wconstant-conversion]
                        /* Data[7].ctlEdges[2].bChannel */ FREQ2FBIN(5320, 0),
                                                           ^~~~~~~~~~~~~~~~~~
/home/cross/kernel/android_kernel_xiaomi_lavender/drivers/net/wireless/ath/ath9k/eeprom.h:98:38: note: expanded from macro 'FREQ2FBIN'
#define FREQ2FBIN(x, y)         ((y) ? ((x) - 2300) : (((x) - 4800) / 5))
                                        ~~~~^~~~~~
/home/cross/kernel/android_kernel_xiaomi_lavender/drivers/net/wireless/ath/ath9k/ar9003_eeprom.c:1126:39: warning: implicit conversion from 'int' to 'u8' (aka 'unsigned char') changes value from 3200 to 128 [-Wconstant-conversion]
                        /* Data[7].ctlEdges[3].bChannel */ FREQ2FBIN(5500, 0),
                                                           ^~~~~~~~~~~~~~~~~~
/home/cross/kernel/android_kernel_xiaomi_lavender/drivers/net/wireless/ath/ath9k/eeprom.h:98:38: note: expanded from macro 'FREQ2FBIN'
#define FREQ2FBIN(x, y)         ((y) ? ((x) - 2300) : (((x) - 4800) / 5))
                                        ~~~~^~~~~~
/home/cross/kernel/android_kernel_xiaomi_lavender/drivers/net/wireless/ath/ath9k/ar9003_eeprom.c:1127:39: warning: implicit conversion from 'int' to 'u8' (aka 'unsigned char') changes value from 3260 to 188 [-Wconstant-conversion]
                        /* Data[7].ctlEdges[4].bChannel */ FREQ2FBIN(5560, 0),
                                                           ^~~~~~~~~~~~~~~~~~
/home/cross/kernel/android_kernel_xiaomi_lavender/drivers/net/wireless/ath/ath9k/eeprom.h:98:38: note: expanded from macro 'FREQ2FBIN'
#define FREQ2FBIN(x, y)         ((y) ? ((x) - 2300) : (((x) - 4800) / 5))
                                        ~~~~^~~~~~
/home/cross/kernel/android_kernel_xiaomi_lavender/drivers/net/wireless/ath/ath9k/ar9003_eeprom.c:1128:39: warning: implicit conversion from 'int' to 'u8' (aka 'unsigned char') changes value from 3400 to 72 [-Wconstant-conversion]
                        /* Data[7].ctlEdges[5].bChannel */ FREQ2FBIN(5700, 0),
                                                           ^~~~~~~~~~~~~~~~~~
/home/cross/kernel/android_kernel_xiaomi_lavender/drivers/net/wireless/ath/ath9k/eeprom.h:98:38: note: expanded from macro 'FREQ2FBIN'
#define FREQ2FBIN(x, y)         ((y) ? ((x) - 2300) : (((x) - 4800) / 5))
                                        ~~~~^~~~~~
/home/cross/kernel/android_kernel_xiaomi_lavender/drivers/net/wireless/ath/ath9k/ar9003_eeprom.c:1129:39: warning: implicit conversion from 'int' to 'u8' (aka 'unsigned char') changes value from 3445 to 117 [-Wconstant-conversion]
                        /* Data[7].ctlEdges[6].bChannel */ FREQ2FBIN(5745, 0),
                                                           ^~~~~~~~~~~~~~~~~~
/home/cross/kernel/android_kernel_xiaomi_lavender/drivers/net/wireless/ath/ath9k/eeprom.h:98:38: note: expanded from macro 'FREQ2FBIN'
#define FREQ2FBIN(x, y)         ((y) ? ((x) - 2300) : (((x) - 4800) / 5))
                                        ~~~~^~~~~~
/home/cross/kernel/android_kernel_xiaomi_lavender/drivers/net/wireless/ath/ath9k/ar9003_eeprom.c:1130:39: warning: implicit conversion from 'int' to 'u8' (aka 'unsigned char') changes value from 3525 to 197 [-Wconstant-conversion]
                        /* Data[7].ctlEdges[7].bChannel */ FREQ2FBIN(5825, 0)
                                                           ^~~~~~~~~~~~~~~~~~
/home/cross/kernel/android_kernel_xiaomi_lavender/drivers/net/wireless/ath/ath9k/eeprom.h:98:38: note: expanded from macro 'FREQ2FBIN'
#define FREQ2FBIN(x, y)         ((y) ? ((x) - 2300) : (((x) - 4800) / 5))
                                        ~~~~^~~~~~
/home/cross/kernel/android_kernel_xiaomi_lavender/drivers/net/wireless/ath/ath9k/ar9003_eeprom.c:1134:39: warning: implicit conversion from 'int' to 'u8' (aka 'unsigned char') changes value from 2890 to 74 [-Wconstant-conversion]
                        /* Data[8].ctlEdges[0].bChannel */ FREQ2FBIN(5190, 0),
                                                           ^~~~~~~~~~~~~~~~~~
/home/cross/kernel/android_kernel_xiaomi_lavender/drivers/net/wireless/ath/ath9k/eeprom.h:98:38: note: expanded from macro 'FREQ2FBIN'
#define FREQ2FBIN(x, y)         ((y) ? ((x) - 2300) : (((x) - 4800) / 5))
                                        ~~~~^~~~~~
/home/cross/kernel/android_kernel_xiaomi_lavender/drivers/net/wireless/ath/ath9k/ar9003_eeprom.c:1135:39: warning: implicit conversion from 'int' to 'u8' (aka 'unsigned char') changes value from 2930 to 114 [-Wconstant-conversion]
                        /* Data[8].ctlEdges[1].bChannel */ FREQ2FBIN(5230, 0),
                                                           ^~~~~~~~~~~~~~~~~~
/home/cross/kernel/android_kernel_xiaomi_lavender/drivers/net/wireless/ath/ath9k/eeprom.h:98:38: note: expanded from macro 'FREQ2FBIN'
#define FREQ2FBIN(x, y)         ((y) ? ((x) - 2300) : (((x) - 4800) / 5))
                                        ~~~~^~~~~~
/home/cross/kernel/android_kernel_xiaomi_lavender/drivers/net/wireless/ath/ath9k/ar9003_eeprom.c:1136:39: warning: implicit conversion from 'int' to 'u8' (aka 'unsigned char') changes value from 2970 to 154 [-Wconstant-conversion]
                        /* Data[8].ctlEdges[2].bChannel */ FREQ2FBIN(5270, 0),
                                                           ^~~~~~~~~~~~~~~~~~
/home/cross/kernel/android_kernel_xiaomi_lavender/drivers/net/wireless/ath/ath9k/eeprom.h:98:38: note: expanded from macro 'FREQ2FBIN'
#define FREQ2FBIN(x, y)         ((y) ? ((x) - 2300) : (((x) - 4800) / 5))
                                        ~~~~^~~~~~
/home/cross/kernel/android_kernel_xiaomi_lavender/drivers/net/wireless/ath/ath9k/ar9003_eeprom.c:1137:39: warning: implicit conversion from 'int' to 'u8' (aka 'unsigned char') changes value from 3210 to 138 [-Wconstant-conversion]
                        /* Data[8].ctlEdges[3].bChannel */ FREQ2FBIN(5510, 0),
                                                           ^~~~~~~~~~~~~~~~~~
/home/cross/kernel/android_kernel_xiaomi_lavender/drivers/net/wireless/ath/ath9k/eeprom.h:98:38: note: expanded from macro 'FREQ2FBIN'
#define FREQ2FBIN(x, y)         ((y) ? ((x) - 2300) : (((x) - 4800) / 5))
                                        ~~~~^~~~~~
/home/cross/kernel/android_kernel_xiaomi_lavender/drivers/net/wireless/ath/ath9k/ar9003_eeprom.c:1138:39: warning: implicit conversion from 'int' to 'u8' (aka 'unsigned char') changes value from 3250 to 178 [-Wconstant-conversion]
                        /* Data[8].ctlEdges[4].bChannel */ FREQ2FBIN(5550, 0),
                                                           ^~~~~~~~~~~~~~~~~~
/home/cross/kernel/android_kernel_xiaomi_lavender/drivers/net/wireless/ath/ath9k/eeprom.h:98:38: note: expanded from macro 'FREQ2FBIN'
#define FREQ2FBIN(x, y)         ((y) ? ((x) - 2300) : (((x) - 4800) / 5))
                                        ~~~~^~~~~~
/home/cross/kernel/android_kernel_xiaomi_lavender/drivers/net/wireless/ath/ath9k/ar9003_eeprom.c:1139:39: warning: implicit conversion from 'int' to 'u8' (aka 'unsigned char') changes value from 3370 to 42 [-Wconstant-conversion]
                        /* Data[8].ctlEdges[5].bChannel */ FREQ2FBIN(5670, 0),
                                                           ^~~~~~~~~~~~~~~~~~
/home/cross/kernel/android_kernel_xiaomi_lavender/drivers/net/wireless/ath/ath9k/eeprom.h:98:38: note: expanded from macro 'FREQ2FBIN'
#define FREQ2FBIN(x, y)         ((y) ? ((x) - 2300) : (((x) - 4800) / 5))
                                        ~~~~^~~~~~
/home/cross/kernel/android_kernel_xiaomi_lavender/drivers/net/wireless/ath/ath9k/ar9003_eeprom.c:1140:39: warning: implicit conversion from 'int' to 'u8' (aka 'unsigned char') changes value from 3455 to 127 [-Wconstant-conversion]
                        /* Data[8].ctlEdges[6].bChannel */ FREQ2FBIN(5755, 0),
                                                           ^~~~~~~~~~~~~~~~~~
/home/cross/kernel/android_kernel_xiaomi_lavender/drivers/net/wireless/ath/ath9k/eeprom.h:98:38: note: expanded from macro 'FREQ2FBIN'
#define FREQ2FBIN(x, y)         ((y) ? ((x) - 2300) : (((x) - 4800) / 5))
                                        ~~~~^~~~~~
/home/cross/kernel/android_kernel_xiaomi_lavender/drivers/net/wireless/ath/ath9k/ar9003_eeprom.c:1141:39: warning: implicit conversion from 'int' to 'u8' (aka 'unsigned char') changes value from 3495 to 167 [-Wconstant-conversion]
                        /* Data[8].ctlEdges[7].bChannel */ FREQ2FBIN(5795, 0)
                                                           ^~~~~~~~~~~~~~~~~~
/home/cross/kernel/android_kernel_xiaomi_lavender/drivers/net/wireless/ath/ath9k/eeprom.h:98:38: note: expanded from macro 'FREQ2FBIN'
#define FREQ2FBIN(x, y)         ((y) ? ((x) - 2300) : (((x) - 4800) / 5))
                                        ~~~~^~~~~~
/home/cross/kernel/android_kernel_xiaomi_lavender/drivers/net/wireless/ath/ath9k/ar9003_eeprom.c:1269:17: warning: implicit conversion from 'int' to 'u8' (aka 'unsigned char') changes value from -467 to 45 [-Wconstant-conversion]
                .spurChans = {FREQ2FBIN(2464, 1), 0, 0, 0, 0},
                             ~^~~~~~~~~~~~~~~~~~
/home/cross/kernel/android_kernel_xiaomi_lavender/drivers/net/wireless/ath/ath9k/eeprom.h:98:62: note: expanded from macro 'FREQ2FBIN'
#define FREQ2FBIN(x, y)         ((y) ? ((x) - 2300) : (((x) - 4800) / 5))
                                                       ~~~~~~~~~~~~~^~~
/home/cross/kernel/android_kernel_xiaomi_lavender/drivers/net/wireless/ath/ath9k/ar9003_eeprom.c:1303:3: warning: implicit conversion from 'int' to 'u8' (aka 'unsigned char') changes value from -477 to 35 [-Wconstant-conversion]
                FREQ2FBIN(2412, 1),
                ^~~~~~~~~~~~~~~~~~
/home/cross/kernel/android_kernel_xiaomi_lavender/drivers/net/wireless/ath/ath9k/eeprom.h:98:62: note: expanded from macro 'FREQ2FBIN'
#define FREQ2FBIN(x, y)         ((y) ? ((x) - 2300) : (((x) - 4800) / 5))
                                                       ~~~~~~~~~~~~~^~~
/home/cross/kernel/android_kernel_xiaomi_lavender/drivers/net/wireless/ath/ath9k/ar9003_eeprom.c:1304:3: warning: implicit conversion from 'int' to 'u8' (aka 'unsigned char') changes value from -472 to 40 [-Wconstant-conversion]
                FREQ2FBIN(2437, 1),
                ^~~~~~~~~~~~~~~~~~
/home/cross/kernel/android_kernel_xiaomi_lavender/drivers/net/wireless/ath/ath9k/eeprom.h:98:62: note: expanded from macro 'FREQ2FBIN'
#define FREQ2FBIN(x, y)         ((y) ? ((x) - 2300) : (((x) - 4800) / 5))
                                                       ~~~~~~~~~~~~~^~~
/home/cross/kernel/android_kernel_xiaomi_lavender/drivers/net/wireless/ath/ath9k/ar9003_eeprom.c:1305:3: warning: implicit conversion from 'int' to 'u8' (aka 'unsigned char') changes value from -467 to 45 [-Wconstant-conversion]
                FREQ2FBIN(2462, 1),
                ^~~~~~~~~~~~~~~~~~
/home/cross/kernel/android_kernel_xiaomi_lavender/drivers/net/wireless/ath/ath9k/eeprom.h:98:62: note: expanded from macro 'FREQ2FBIN'
#define FREQ2FBIN(x, y)         ((y) ? ((x) - 2300) : (((x) - 4800) / 5))
                                                       ~~~~~~~~~~~~~^~~
/home/cross/kernel/android_kernel_xiaomi_lavender/drivers/net/wireless/ath/ath9k/ar9003_eeprom.c:1314:3: warning: implicit conversion from 'int' to 'u8' (aka 'unsigned char') changes value from -477 to 35 [-Wconstant-conversion]
                FREQ2FBIN(2412, 1),
                ^~~~~~~~~~~~~~~~~~
/home/cross/kernel/android_kernel_xiaomi_lavender/drivers/net/wireless/ath/ath9k/eeprom.h:98:62: note: expanded from macro 'FREQ2FBIN'
#define FREQ2FBIN(x, y)         ((y) ? ((x) - 2300) : (((x) - 4800) / 5))
                                                       ~~~~~~~~~~~~~^~~
/home/cross/kernel/android_kernel_xiaomi_lavender/drivers/net/wireless/ath/ath9k/ar9003_eeprom.c:1315:3: warning: implicit conversion from 'int' to 'u8' (aka 'unsigned char') changes value from -465 to 47 [-Wconstant-conversion]
                FREQ2FBIN(2472, 1),
                ^~~~~~~~~~~~~~~~~~
/home/cross/kernel/android_kernel_xiaomi_lavender/drivers/net/wireless/ath/ath9k/eeprom.h:98:62: note: expanded from macro 'FREQ2FBIN'
#define FREQ2FBIN(x, y)         ((y) ? ((x) - 2300) : (((x) - 4800) / 5))
                                                       ~~~~~~~~~~~~~^~~
/home/cross/kernel/android_kernel_xiaomi_lavender/drivers/net/wireless/ath/ath9k/ar9003_eeprom.c:1318:3: warning: implicit conversion from 'int' to 'u8' (aka 'unsigned char') changes value from -477 to 35 [-Wconstant-conversion]
                FREQ2FBIN(2412, 1),
                ^~~~~~~~~~~~~~~~~~
/home/cross/kernel/android_kernel_xiaomi_lavender/drivers/net/wireless/ath/ath9k/eeprom.h:98:62: note: expanded from macro 'FREQ2FBIN'
#define FREQ2FBIN(x, y)         ((y) ? ((x) - 2300) : (((x) - 4800) / 5))
                                                       ~~~~~~~~~~~~~^~~
/home/cross/kernel/android_kernel_xiaomi_lavender/drivers/net/wireless/ath/ath9k/ar9003_eeprom.c:1319:3: warning: implicit conversion from 'int' to 'u8' (aka 'unsigned char') changes value from -472 to 40 [-Wconstant-conversion]
                FREQ2FBIN(2437, 1),
                ^~~~~~~~~~~~~~~~~~
/home/cross/kernel/android_kernel_xiaomi_lavender/drivers/net/wireless/ath/ath9k/eeprom.h:98:62: note: expanded from macro 'FREQ2FBIN'
#define FREQ2FBIN(x, y)         ((y) ? ((x) - 2300) : (((x) - 4800) / 5))
                                                       ~~~~~~~~~~~~~^~~
/home/cross/kernel/android_kernel_xiaomi_lavender/drivers/net/wireless/ath/ath9k/ar9003_eeprom.c:1320:3: warning: implicit conversion from 'int' to 'u8' (aka 'unsigned char') changes value from -465 to 47 [-Wconstant-conversion]
                FREQ2FBIN(2472, 1)
                ^~~~~~~~~~~~~~~~~~
/home/cross/kernel/android_kernel_xiaomi_lavender/drivers/net/wireless/ath/ath9k/eeprom.h:98:62: note: expanded from macro 'FREQ2FBIN'
#define FREQ2FBIN(x, y)         ((y) ? ((x) - 2300) : (((x) - 4800) / 5))
                                                       ~~~~~~~~~~~~~^~~
/home/cross/kernel/android_kernel_xiaomi_lavender/drivers/net/wireless/ath/ath9k/ar9003_eeprom.c:1323:3: warning: implicit conversion from 'int' to 'u8' (aka 'unsigned char') changes value from -477 to 35 [-Wconstant-conversion]
                FREQ2FBIN(2412, 1),
                ^~~~~~~~~~~~~~~~~~
/home/cross/kernel/android_kernel_xiaomi_lavender/drivers/net/wireless/ath/ath9k/eeprom.h:98:62: note: expanded from macro 'FREQ2FBIN'
#define FREQ2FBIN(x, y)         ((y) ? ((x) - 2300) : (((x) - 4800) / 5))
                                                       ~~~~~~~~~~~~~^~~
/home/cross/kernel/android_kernel_xiaomi_lavender/drivers/net/wireless/ath/ath9k/ar9003_eeprom.c:1324:3: warning: implicit conversion from 'int' to 'u8' (aka 'unsigned char') changes value from -472 to 40 [-Wconstant-conversion]
                FREQ2FBIN(2437, 1),
                ^~~~~~~~~~~~~~~~~~
/home/cross/kernel/android_kernel_xiaomi_lavender/drivers/net/wireless/ath/ath9k/eeprom.h:98:62: note: expanded from macro 'FREQ2FBIN'
#define FREQ2FBIN(x, y)         ((y) ? ((x) - 2300) : (((x) - 4800) / 5))
                                                       ~~~~~~~~~~~~~^~~
/home/cross/kernel/android_kernel_xiaomi_lavender/drivers/net/wireless/ath/ath9k/ar9003_eeprom.c:1325:3: warning: implicit conversion from 'int' to 'u8' (aka 'unsigned char') changes value from -465 to 47 [-Wconstant-conversion]
                FREQ2FBIN(2472, 1)
                ^~~~~~~~~~~~~~~~~~
/home/cross/kernel/android_kernel_xiaomi_lavender/drivers/net/wireless/ath/ath9k/eeprom.h:98:62: note: expanded from macro 'FREQ2FBIN'
#define FREQ2FBIN(x, y)         ((y) ? ((x) - 2300) : (((x) - 4800) / 5))
                                                       ~~~~~~~~~~~~~^~~
/home/cross/kernel/android_kernel_xiaomi_lavender/drivers/net/wireless/ath/ath9k/ar9003_eeprom.c:1328:3: warning: implicit conversion from 'int' to 'u8' (aka 'unsigned char') changes value from -477 to 35 [-Wconstant-conversion]
                FREQ2FBIN(2412, 1),
                ^~~~~~~~~~~~~~~~~~
/home/cross/kernel/android_kernel_xiaomi_lavender/drivers/net/wireless/ath/ath9k/eeprom.h:98:62: note: expanded from macro 'FREQ2FBIN'
#define FREQ2FBIN(x, y)         ((y) ? ((x) - 2300) : (((x) - 4800) / 5))
                                                       ~~~~~~~~~~~~~^~~
/home/cross/kernel/android_kernel_xiaomi_lavender/drivers/net/wireless/ath/ath9k/ar9003_eeprom.c:1329:3: warning: implicit conversion from 'int' to 'u8' (aka 'unsigned char') changes value from -472 to 40 [-Wconstant-conversion]
                FREQ2FBIN(2437, 1),
                ^~~~~~~~~~~~~~~~~~
/home/cross/kernel/android_kernel_xiaomi_lavender/drivers/net/wireless/ath/ath9k/eeprom.h:98:62: note: expanded from macro 'FREQ2FBIN'
#define FREQ2FBIN(x, y)         ((y) ? ((x) - 2300) : (((x) - 4800) / 5))
                                                       ~~~~~~~~~~~~~^~~
/home/cross/kernel/android_kernel_xiaomi_lavender/drivers/net/wireless/ath/ath9k/ar9003_eeprom.c:1330:3: warning: implicit conversion from 'int' to 'u8' (aka 'unsigned char') changes value from -465 to 47 [-Wconstant-conversion]
                FREQ2FBIN(2472, 1)
                ^~~~~~~~~~~~~~~~~~
/home/cross/kernel/android_kernel_xiaomi_lavender/drivers/net/wireless/ath/ath9k/eeprom.h:98:62: note: expanded from macro 'FREQ2FBIN'
#define FREQ2FBIN(x, y)         ((y) ? ((x) - 2300) : (((x) - 4800) / 5))
                                                       ~~~~~~~~~~~~~^~~
/home/cross/kernel/android_kernel_xiaomi_lavender/drivers/net/wireless/ath/ath9k/ar9003_eeprom.c:1359:4: warning: implicit conversion from 'int' to 'u8' (aka 'unsigned char') changes value from -477 to 35 [-Wconstant-conversion]
                        FREQ2FBIN(2412, 1),
                        ^~~~~~~~~~~~~~~~~~
/home/cross/kernel/android_kernel_xiaomi_lavender/drivers/net/wireless/ath/ath9k/eeprom.h:98:62: note: expanded from macro 'FREQ2FBIN'
#define FREQ2FBIN(x, y)         ((y) ? ((x) - 2300) : (((x) - 4800) / 5))
                                                       ~~~~~~~~~~~~~^~~
/home/cross/kernel/android_kernel_xiaomi_lavender/drivers/net/wireless/ath/ath9k/ar9003_eeprom.c:1360:4: warning: implicit conversion from 'int' to 'u8' (aka 'unsigned char') changes value from -476 to 36 [-Wconstant-conversion]
                        FREQ2FBIN(2417, 1),
                        ^~~~~~~~~~~~~~~~~~
/home/cross/kernel/android_kernel_xiaomi_lavender/drivers/net/wireless/ath/ath9k/eeprom.h:98:62: note: expanded from macro 'FREQ2FBIN'
#define FREQ2FBIN(x, y)         ((y) ? ((x) - 2300) : (((x) - 4800) / 5))
                                                       ~~~~~~~~~~~~~^~~
/home/cross/kernel/android_kernel_xiaomi_lavender/drivers/net/wireless/ath/ath9k/ar9003_eeprom.c:1361:4: warning: implicit conversion from 'int' to 'u8' (aka 'unsigned char') changes value from -468 to 44 [-Wconstant-conversion]
                        FREQ2FBIN(2457, 1),
                        ^~~~~~~~~~~~~~~~~~
/home/cross/kernel/android_kernel_xiaomi_lavender/drivers/net/wireless/ath/ath9k/eeprom.h:98:62: note: expanded from macro 'FREQ2FBIN'
#define FREQ2FBIN(x, y)         ((y) ? ((x) - 2300) : (((x) - 4800) / 5))
                                                       ~~~~~~~~~~~~~^~~
/home/cross/kernel/android_kernel_xiaomi_lavender/drivers/net/wireless/ath/ath9k/ar9003_eeprom.c:1362:4: warning: implicit conversion from 'int' to 'u8' (aka 'unsigned char') changes value from -467 to 45 [-Wconstant-conversion]
                        FREQ2FBIN(2462, 1)
                        ^~~~~~~~~~~~~~~~~~
/home/cross/kernel/android_kernel_xiaomi_lavender/drivers/net/wireless/ath/ath9k/eeprom.h:98:62: note: expanded from macro 'FREQ2FBIN'
#define FREQ2FBIN(x, y)         ((y) ? ((x) - 2300) : (((x) - 4800) / 5))
                                                       ~~~~~~~~~~~~~^~~
/home/cross/kernel/android_kernel_xiaomi_lavender/drivers/net/wireless/ath/ath9k/ar9003_eeprom.c:1365:4: warning: implicit conversion from 'int' to 'u8' (aka 'unsigned char') changes value from -477 to 35 [-Wconstant-conversion]
                        FREQ2FBIN(2412, 1),
                        ^~~~~~~~~~~~~~~~~~
/home/cross/kernel/android_kernel_xiaomi_lavender/drivers/net/wireless/ath/ath9k/eeprom.h:98:62: note: expanded from macro 'FREQ2FBIN'
#define FREQ2FBIN(x, y)         ((y) ? ((x) - 2300) : (((x) - 4800) / 5))
                                                       ~~~~~~~~~~~~~^~~
/home/cross/kernel/android_kernel_xiaomi_lavender/drivers/net/wireless/ath/ath9k/ar9003_eeprom.c:1366:4: warning: implicit conversion from 'int' to 'u8' (aka 'unsigned char') changes value from -476 to 36 [-Wconstant-conversion]
                        FREQ2FBIN(2417, 1),
                        ^~~~~~~~~~~~~~~~~~
/home/cross/kernel/android_kernel_xiaomi_lavender/drivers/net/wireless/ath/ath9k/eeprom.h:98:62: note: expanded from macro 'FREQ2FBIN'
#define FREQ2FBIN(x, y)         ((y) ? ((x) - 2300) : (((x) - 4800) / 5))
                                                       ~~~~~~~~~~~~~^~~
/home/cross/kernel/android_kernel_xiaomi_lavender/drivers/net/wireless/ath/ath9k/ar9003_eeprom.c:1367:4: warning: implicit conversion from 'int' to 'u8' (aka 'unsigned char') changes value from -467 to 45 [-Wconstant-conversion]
                        FREQ2FBIN(2462, 1),
                        ^~~~~~~~~~~~~~~~~~
/home/cross/kernel/android_kernel_xiaomi_lavender/drivers/net/wireless/ath/ath9k/eeprom.h:98:62: note: expanded from macro 'FREQ2FBIN'
#define FREQ2FBIN(x, y)         ((y) ? ((x) - 2300) : (((x) - 4800) / 5))
                                                       ~~~~~~~~~~~~~^~~
/home/cross/kernel/android_kernel_xiaomi_lavender/drivers/net/wireless/ath/ath9k/ar9003_eeprom.c:1372:4: warning: implicit conversion from 'int' to 'u8' (aka 'unsigned char') changes value from -477 to 35 [-Wconstant-conversion]
                        FREQ2FBIN(2412, 1),
                        ^~~~~~~~~~~~~~~~~~
/home/cross/kernel/android_kernel_xiaomi_lavender/drivers/net/wireless/ath/ath9k/eeprom.h:98:62: note: expanded from macro 'FREQ2FBIN'
#define FREQ2FBIN(x, y)         ((y) ? ((x) - 2300) : (((x) - 4800) / 5))
                                                       ~~~~~~~~~~~~~^~~
/home/cross/kernel/android_kernel_xiaomi_lavender/drivers/net/wireless/ath/ath9k/ar9003_eeprom.c:1373:4: warning: implicit conversion from 'int' to 'u8' (aka 'unsigned char') changes value from -476 to 36 [-Wconstant-conversion]
                        FREQ2FBIN(2417, 1),
                        ^~~~~~~~~~~~~~~~~~
/home/cross/kernel/android_kernel_xiaomi_lavender/drivers/net/wireless/ath/ath9k/eeprom.h:98:62: note: expanded from macro 'FREQ2FBIN'
#define FREQ2FBIN(x, y)         ((y) ? ((x) - 2300) : (((x) - 4800) / 5))
                                                       ~~~~~~~~~~~~~^~~
/home/cross/kernel/android_kernel_xiaomi_lavender/drivers/net/wireless/ath/ath9k/ar9003_eeprom.c:1374:4: warning: implicit conversion from 'int' to 'u8' (aka 'unsigned char') changes value from -467 to 45 [-Wconstant-conversion]
                        FREQ2FBIN(2462, 1),
                        ^~~~~~~~~~~~~~~~~~
/home/cross/kernel/android_kernel_xiaomi_lavender/drivers/net/wireless/ath/ath9k/eeprom.h:98:62: note: expanded from macro 'FREQ2FBIN'
#define FREQ2FBIN(x, y)         ((y) ? ((x) - 2300) : (((x) - 4800) / 5))
                                                       ~~~~~~~~~~~~~^~~
/home/cross/kernel/android_kernel_xiaomi_lavender/drivers/net/wireless/ath/ath9k/ar9003_eeprom.c:1378:4: warning: implicit conversion from 'int' to 'u8' (aka 'unsigned char') changes value from -475 to 37 [-Wconstant-conversion]
                        FREQ2FBIN(2422, 1),
                        ^~~~~~~~~~~~~~~~~~
/home/cross/kernel/android_kernel_xiaomi_lavender/drivers/net/wireless/ath/ath9k/eeprom.h:98:62: note: expanded from macro 'FREQ2FBIN'
#define FREQ2FBIN(x, y)         ((y) ? ((x) - 2300) : (((x) - 4800) / 5))
                                                       ~~~~~~~~~~~~~^~~
/home/cross/kernel/android_kernel_xiaomi_lavender/drivers/net/wireless/ath/ath9k/ar9003_eeprom.c:1379:4: warning: implicit conversion from 'int' to 'u8' (aka 'unsigned char') changes value from -474 to 38 [-Wconstant-conversion]
                        FREQ2FBIN(2427, 1),
                        ^~~~~~~~~~~~~~~~~~
/home/cross/kernel/android_kernel_xiaomi_lavender/drivers/net/wireless/ath/ath9k/eeprom.h:98:62: note: expanded from macro 'FREQ2FBIN'
#define FREQ2FBIN(x, y)         ((y) ? ((x) - 2300) : (((x) - 4800) / 5))
                                                       ~~~~~~~~~~~~~^~~
/home/cross/kernel/android_kernel_xiaomi_lavender/drivers/net/wireless/ath/ath9k/ar9003_eeprom.c:1380:4: warning: implicit conversion from 'int' to 'u8' (aka 'unsigned char') changes value from -470 to 42 [-Wconstant-conversion]
                        FREQ2FBIN(2447, 1),
                        ^~~~~~~~~~~~~~~~~~
/home/cross/kernel/android_kernel_xiaomi_lavender/drivers/net/wireless/ath/ath9k/eeprom.h:98:62: note: expanded from macro 'FREQ2FBIN'
#define FREQ2FBIN(x, y)         ((y) ? ((x) - 2300) : (((x) - 4800) / 5))
                                                       ~~~~~~~~~~~~~^~~
/home/cross/kernel/android_kernel_xiaomi_lavender/drivers/net/wireless/ath/ath9k/ar9003_eeprom.c:1381:4: warning: implicit conversion from 'int' to 'u8' (aka 'unsigned char') changes value from -469 to 43 [-Wconstant-conversion]
                        FREQ2FBIN(2452, 1)
                        ^~~~~~~~~~~~~~~~~~
/home/cross/kernel/android_kernel_xiaomi_lavender/drivers/net/wireless/ath/ath9k/eeprom.h:98:62: note: expanded from macro 'FREQ2FBIN'
#define FREQ2FBIN(x, y)         ((y) ? ((x) - 2300) : (((x) - 4800) / 5))
                                                       ~~~~~~~~~~~~~^~~
/home/cross/kernel/android_kernel_xiaomi_lavender/drivers/net/wireless/ath/ath9k/ar9003_eeprom.c:1385:39: warning: implicit conversion from 'int' to 'u8' (aka 'unsigned char') changes value from -477 to 35 [-Wconstant-conversion]
                        /* Data[4].ctlEdges[0].bChannel */ FREQ2FBIN(2412, 1),
                                                           ^~~~~~~~~~~~~~~~~~
/home/cross/kernel/android_kernel_xiaomi_lavender/drivers/net/wireless/ath/ath9k/eeprom.h:98:62: note: expanded from macro 'FREQ2FBIN'
#define FREQ2FBIN(x, y)         ((y) ? ((x) - 2300) : (((x) - 4800) / 5))
                                                       ~~~~~~~~~~~~~^~~
/home/cross/kernel/android_kernel_xiaomi_lavender/drivers/net/wireless/ath/ath9k/ar9003_eeprom.c:1386:39: warning: implicit conversion from 'int' to 'u8' (aka 'unsigned char') changes value from -476 to 36 [-Wconstant-conversion]
                        /* Data[4].ctlEdges[1].bChannel */ FREQ2FBIN(2417, 1),
                                                           ^~~~~~~~~~~~~~~~~~
/home/cross/kernel/android_kernel_xiaomi_lavender/drivers/net/wireless/ath/ath9k/eeprom.h:98:62: note: expanded from macro 'FREQ2FBIN'
#define FREQ2FBIN(x, y)         ((y) ? ((x) - 2300) : (((x) - 4800) / 5))
                                                       ~~~~~~~~~~~~~^~~
/home/cross/kernel/android_kernel_xiaomi_lavender/drivers/net/wireless/ath/ath9k/ar9003_eeprom.c:1387:39: warning: implicit conversion from 'int' to 'u8' (aka 'unsigned char') changes value from -465 to 47 [-Wconstant-conversion]
                        /* Data[4].ctlEdges[2].bChannel */ FREQ2FBIN(2472, 1),
                                                           ^~~~~~~~~~~~~~~~~~
/home/cross/kernel/android_kernel_xiaomi_lavender/drivers/net/wireless/ath/ath9k/eeprom.h:98:62: note: expanded from macro 'FREQ2FBIN'
#define FREQ2FBIN(x, y)         ((y) ? ((x) - 2300) : (((x) - 4800) / 5))
                                                       ~~~~~~~~~~~~~^~~
/home/cross/kernel/android_kernel_xiaomi_lavender/drivers/net/wireless/ath/ath9k/ar9003_eeprom.c:1388:39: warning: implicit conversion from 'int' to 'u8' (aka 'unsigned char') changes value from -463 to 49 [-Wconstant-conversion]
                        /* Data[4].ctlEdges[3].bChannel */ FREQ2FBIN(2484, 1),
                                                           ^~~~~~~~~~~~~~~~~~
/home/cross/kernel/android_kernel_xiaomi_lavender/drivers/net/wireless/ath/ath9k/eeprom.h:98:62: note: expanded from macro 'FREQ2FBIN'
#define FREQ2FBIN(x, y)         ((y) ? ((x) - 2300) : (((x) - 4800) / 5))
                                                       ~~~~~~~~~~~~~^~~
/home/cross/kernel/android_kernel_xiaomi_lavender/drivers/net/wireless/ath/ath9k/ar9003_eeprom.c:1392:39: warning: implicit conversion from 'int' to 'u8' (aka 'unsigned char') changes value from -477 to 35 [-Wconstant-conversion]
                        /* Data[5].ctlEdges[0].bChannel */ FREQ2FBIN(2412, 1),
                                                           ^~~~~~~~~~~~~~~~~~
/home/cross/kernel/android_kernel_xiaomi_lavender/drivers/net/wireless/ath/ath9k/eeprom.h:98:62: note: expanded from macro 'FREQ2FBIN'
#define FREQ2FBIN(x, y)         ((y) ? ((x) - 2300) : (((x) - 4800) / 5))
                                                       ~~~~~~~~~~~~~^~~
/home/cross/kernel/android_kernel_xiaomi_lavender/drivers/net/wireless/ath/ath9k/ar9003_eeprom.c:1393:39: warning: implicit conversion from 'int' to 'u8' (aka 'unsigned char') changes value from -476 to 36 [-Wconstant-conversion]
                        /* Data[5].ctlEdges[1].bChannel */ FREQ2FBIN(2417, 1),
                                                           ^~~~~~~~~~~~~~~~~~
/home/cross/kernel/android_kernel_xiaomi_lavender/drivers/net/wireless/ath/ath9k/eeprom.h:98:62: note: expanded from macro 'FREQ2FBIN'
#define FREQ2FBIN(x, y)         ((y) ? ((x) - 2300) : (((x) - 4800) / 5))
                                                       ~~~~~~~~~~~~~^~~
/home/cross/kernel/android_kernel_xiaomi_lavender/drivers/net/wireless/ath/ath9k/ar9003_eeprom.c:1394:39: warning: implicit conversion from 'int' to 'u8' (aka 'unsigned char') changes value from -465 to 47 [-Wconstant-conversion]
                        /* Data[5].ctlEdges[2].bChannel */ FREQ2FBIN(2472, 1),
                                                           ^~~~~~~~~~~~~~~~~~
/home/cross/kernel/android_kernel_xiaomi_lavender/drivers/net/wireless/ath/ath9k/eeprom.h:98:62: note: expanded from macro 'FREQ2FBIN'
#define FREQ2FBIN(x, y)         ((y) ? ((x) - 2300) : (((x) - 4800) / 5))
                                                       ~~~~~~~~~~~~~^~~
/home/cross/kernel/android_kernel_xiaomi_lavender/drivers/net/wireless/ath/ath9k/ar9003_eeprom.c:1399:39: warning: implicit conversion from 'int' to 'u8' (aka 'unsigned char') changes value from -477 to 35 [-Wconstant-conversion]
                        /* Data[6].ctlEdges[0].bChannel */ FREQ2FBIN(2412, 1),
                                                           ^~~~~~~~~~~~~~~~~~
/home/cross/kernel/android_kernel_xiaomi_lavender/drivers/net/wireless/ath/ath9k/eeprom.h:98:62: note: expanded from macro 'FREQ2FBIN'
#define FREQ2FBIN(x, y)         ((y) ? ((x) - 2300) : (((x) - 4800) / 5))
                                                       ~~~~~~~~~~~~~^~~
/home/cross/kernel/android_kernel_xiaomi_lavender/drivers/net/wireless/ath/ath9k/ar9003_eeprom.c:1400:39: warning: implicit conversion from 'int' to 'u8' (aka 'unsigned char') changes value from -476 to 36 [-Wconstant-conversion]
                        /* Data[6].ctlEdges[1].bChannel */ FREQ2FBIN(2417, 1),
                                                           ^~~~~~~~~~~~~~~~~~
/home/cross/kernel/android_kernel_xiaomi_lavender/drivers/net/wireless/ath/ath9k/eeprom.h:98:62: note: expanded from macro 'FREQ2FBIN'
#define FREQ2FBIN(x, y)         ((y) ? ((x) - 2300) : (((x) - 4800) / 5))
                                                       ~~~~~~~~~~~~~^~~
/home/cross/kernel/android_kernel_xiaomi_lavender/drivers/net/wireless/ath/ath9k/ar9003_eeprom.c:1401:4: warning: implicit conversion from 'int' to 'u8' (aka 'unsigned char') changes value from -465 to 47 [-Wconstant-conversion]
                        FREQ2FBIN(2472, 1),
                        ^~~~~~~~~~~~~~~~~~
/home/cross/kernel/android_kernel_xiaomi_lavender/drivers/net/wireless/ath/ath9k/eeprom.h:98:62: note: expanded from macro 'FREQ2FBIN'
#define FREQ2FBIN(x, y)         ((y) ? ((x) - 2300) : (((x) - 4800) / 5))
                                                       ~~~~~~~~~~~~~^~~
/home/cross/kernel/android_kernel_xiaomi_lavender/drivers/net/wireless/ath/ath9k/ar9003_eeprom.c:1406:39: warning: implicit conversion from 'int' to 'u8' (aka 'unsigned char') changes value from -475 to 37 [-Wconstant-conversion]
                        /* Data[7].ctlEdges[0].bChannel */ FREQ2FBIN(2422, 1),
                                                           ^~~~~~~~~~~~~~~~~~
/home/cross/kernel/android_kernel_xiaomi_lavender/drivers/net/wireless/ath/ath9k/eeprom.h:98:62: note: expanded from macro 'FREQ2FBIN'
#define FREQ2FBIN(x, y)         ((y) ? ((x) - 2300) : (((x) - 4800) / 5))
                                                       ~~~~~~~~~~~~~^~~
/home/cross/kernel/android_kernel_xiaomi_lavender/drivers/net/wireless/ath/ath9k/ar9003_eeprom.c:1407:39: warning: implicit conversion from 'int' to 'u8' (aka 'unsigned char') changes value from -474 to 38 [-Wconstant-conversion]
                        /* Data[7].ctlEdges[1].bChannel */ FREQ2FBIN(2427, 1),
                                                           ^~~~~~~~~~~~~~~~~~
/home/cross/kernel/android_kernel_xiaomi_lavender/drivers/net/wireless/ath/ath9k/eeprom.h:98:62: note: expanded from macro 'FREQ2FBIN'
#define FREQ2FBIN(x, y)         ((y) ? ((x) - 2300) : (((x) - 4800) / 5))
                                                       ~~~~~~~~~~~~~^~~
/home/cross/kernel/android_kernel_xiaomi_lavender/drivers/net/wireless/ath/ath9k/ar9003_eeprom.c:1408:39: warning: implicit conversion from 'int' to 'u8' (aka 'unsigned char') changes value from -470 to 42 [-Wconstant-conversion]
                        /* Data[7].ctlEdges[2].bChannel */ FREQ2FBIN(2447, 1),
                                                           ^~~~~~~~~~~~~~~~~~
/home/cross/kernel/android_kernel_xiaomi_lavender/drivers/net/wireless/ath/ath9k/eeprom.h:98:62: note: expanded from macro 'FREQ2FBIN'
#define FREQ2FBIN(x, y)         ((y) ? ((x) - 2300) : (((x) - 4800) / 5))
                                                       ~~~~~~~~~~~~~^~~
/home/cross/kernel/android_kernel_xiaomi_lavender/drivers/net/wireless/ath/ath9k/ar9003_eeprom.c:1409:39: warning: implicit conversion from 'int' to 'u8' (aka 'unsigned char') changes value from -467 to 45 [-Wconstant-conversion]
                        /* Data[7].ctlEdges[3].bChannel */ FREQ2FBIN(2462, 1),
                                                           ^~~~~~~~~~~~~~~~~~
/home/cross/kernel/android_kernel_xiaomi_lavender/drivers/net/wireless/ath/ath9k/eeprom.h:98:62: note: expanded from macro 'FREQ2FBIN'
#define FREQ2FBIN(x, y)         ((y) ? ((x) - 2300) : (((x) - 4800) / 5))
                                                       ~~~~~~~~~~~~~^~~
/home/cross/kernel/android_kernel_xiaomi_lavender/drivers/net/wireless/ath/ath9k/ar9003_eeprom.c:1413:39: warning: implicit conversion from 'int' to 'u8' (aka 'unsigned char') changes value from -477 to 35 [-Wconstant-conversion]
                        /* Data[8].ctlEdges[0].bChannel */ FREQ2FBIN(2412, 1),
                                                           ^~~~~~~~~~~~~~~~~~
/home/cross/kernel/android_kernel_xiaomi_lavender/drivers/net/wireless/ath/ath9k/eeprom.h:98:62: note: expanded from macro 'FREQ2FBIN'
#define FREQ2FBIN(x, y)         ((y) ? ((x) - 2300) : (((x) - 4800) / 5))
                                                       ~~~~~~~~~~~~~^~~
/home/cross/kernel/android_kernel_xiaomi_lavender/drivers/net/wireless/ath/ath9k/ar9003_eeprom.c:1414:39: warning: implicit conversion from 'int' to 'u8' (aka 'unsigned char') changes value from -476 to 36 [-Wconstant-conversion]
                        /* Data[8].ctlEdges[1].bChannel */ FREQ2FBIN(2417, 1),
                                                           ^~~~~~~~~~~~~~~~~~
/home/cross/kernel/android_kernel_xiaomi_lavender/drivers/net/wireless/ath/ath9k/eeprom.h:98:62: note: expanded from macro 'FREQ2FBIN'
#define FREQ2FBIN(x, y)         ((y) ? ((x) - 2300) : (((x) - 4800) / 5))
                                                       ~~~~~~~~~~~~~^~~
/home/cross/kernel/android_kernel_xiaomi_lavender/drivers/net/wireless/ath/ath9k/ar9003_eeprom.c:1415:39: warning: implicit conversion from 'int' to 'u8' (aka 'unsigned char') changes value from -465 to 47 [-Wconstant-conversion]
                        /* Data[8].ctlEdges[2].bChannel */ FREQ2FBIN(2472, 1),
                                                           ^~~~~~~~~~~~~~~~~~
/home/cross/kernel/android_kernel_xiaomi_lavender/drivers/net/wireless/ath/ath9k/eeprom.h:98:62: note: expanded from macro 'FREQ2FBIN'
#define FREQ2FBIN(x, y)         ((y) ? ((x) - 2300) : (((x) - 4800) / 5))
                                                       ~~~~~~~~~~~~~^~~
/home/cross/kernel/android_kernel_xiaomi_lavender/drivers/net/wireless/ath/ath9k/ar9003_eeprom.c:1419:39: warning: implicit conversion from 'int' to 'u8' (aka 'unsigned char') changes value from -477 to 35 [-Wconstant-conversion]
                        /* Data[9].ctlEdges[0].bChannel */ FREQ2FBIN(2412, 1),
                                                           ^~~~~~~~~~~~~~~~~~
/home/cross/kernel/android_kernel_xiaomi_lavender/drivers/net/wireless/ath/ath9k/eeprom.h:98:62: note: expanded from macro 'FREQ2FBIN'
#define FREQ2FBIN(x, y)         ((y) ? ((x) - 2300) : (((x) - 4800) / 5))
                                                       ~~~~~~~~~~~~~^~~
/home/cross/kernel/android_kernel_xiaomi_lavender/drivers/net/wireless/ath/ath9k/ar9003_eeprom.c:1420:39: warning: implicit conversion from 'int' to 'u8' (aka 'unsigned char') changes value from -476 to 36 [-Wconstant-conversion]
                        /* Data[9].ctlEdges[1].bChannel */ FREQ2FBIN(2417, 1),
                                                           ^~~~~~~~~~~~~~~~~~
/home/cross/kernel/android_kernel_xiaomi_lavender/drivers/net/wireless/ath/ath9k/eeprom.h:98:62: note: expanded from macro 'FREQ2FBIN'
#define FREQ2FBIN(x, y)         ((y) ? ((x) - 2300) : (((x) - 4800) / 5))
                                                       ~~~~~~~~~~~~~^~~
/home/cross/kernel/android_kernel_xiaomi_lavender/drivers/net/wireless/ath/ath9k/ar9003_eeprom.c:1421:39: warning: implicit conversion from 'int' to 'u8' (aka 'unsigned char') changes value from -465 to 47 [-Wconstant-conversion]
                        /* Data[9].ctlEdges[2].bChannel */ FREQ2FBIN(2472, 1),
                                                           ^~~~~~~~~~~~~~~~~~
/home/cross/kernel/android_kernel_xiaomi_lavender/drivers/net/wireless/ath/ath9k/eeprom.h:98:62: note: expanded from macro 'FREQ2FBIN'
#define FREQ2FBIN(x, y)         ((y) ? ((x) - 2300) : (((x) - 4800) / 5))
                                                       ~~~~~~~~~~~~~^~~
/home/cross/kernel/android_kernel_xiaomi_lavender/drivers/net/wireless/ath/ath9k/ar9003_eeprom.c:1426:40: warning: implicit conversion from 'int' to 'u8' (aka 'unsigned char') changes value from -477 to 35 [-Wconstant-conversion]
                        /* Data[10].ctlEdges[0].bChannel */ FREQ2FBIN(2412, 1),
                                                            ^~~~~~~~~~~~~~~~~~
/home/cross/kernel/android_kernel_xiaomi_lavender/drivers/net/wireless/ath/ath9k/eeprom.h:98:62: note: expanded from macro 'FREQ2FBIN'
#define FREQ2FBIN(x, y)         ((y) ? ((x) - 2300) : (((x) - 4800) / 5))
                                                       ~~~~~~~~~~~~~^~~
/home/cross/kernel/android_kernel_xiaomi_lavender/drivers/net/wireless/ath/ath9k/ar9003_eeprom.c:1427:40: warning: implicit conversion from 'int' to 'u8' (aka 'unsigned char') changes value from -476 to 36 [-Wconstant-conversion]
                        /* Data[10].ctlEdges[1].bChannel */ FREQ2FBIN(2417, 1),
                                                            ^~~~~~~~~~~~~~~~~~
/home/cross/kernel/android_kernel_xiaomi_lavender/drivers/net/wireless/ath/ath9k/eeprom.h:98:62: note: expanded from macro 'FREQ2FBIN'
#define FREQ2FBIN(x, y)         ((y) ? ((x) - 2300) : (((x) - 4800) / 5))
                                                       ~~~~~~~~~~~~~^~~
/home/cross/kernel/android_kernel_xiaomi_lavender/drivers/net/wireless/ath/ath9k/ar9003_eeprom.c:1428:40: warning: implicit conversion from 'int' to 'u8' (aka 'unsigned char') changes value from -465 to 47 [-Wconstant-conversion]
                        /* Data[10].ctlEdges[2].bChannel */ FREQ2FBIN(2472, 1),
                                                            ^~~~~~~~~~~~~~~~~~
/home/cross/kernel/android_kernel_xiaomi_lavender/drivers/net/wireless/ath/ath9k/eeprom.h:98:62: note: expanded from macro 'FREQ2FBIN'
#define FREQ2FBIN(x, y)         ((y) ? ((x) - 2300) : (((x) - 4800) / 5))
                                                       ~~~~~~~~~~~~~^~~
/home/cross/kernel/android_kernel_xiaomi_lavender/drivers/net/wireless/ath/ath9k/ar9003_eeprom.c:1433:40: warning: implicit conversion from 'int' to 'u8' (aka 'unsigned char') changes value from -475 to 37 [-Wconstant-conversion]
                        /* Data[11].ctlEdges[0].bChannel */ FREQ2FBIN(2422, 1),
                                                            ^~~~~~~~~~~~~~~~~~
/home/cross/kernel/android_kernel_xiaomi_lavender/drivers/net/wireless/ath/ath9k/eeprom.h:98:62: note: expanded from macro 'FREQ2FBIN'
#define FREQ2FBIN(x, y)         ((y) ? ((x) - 2300) : (((x) - 4800) / 5))
                                                       ~~~~~~~~~~~~~^~~
/home/cross/kernel/android_kernel_xiaomi_lavender/drivers/net/wireless/ath/ath9k/ar9003_eeprom.c:1434:40: warning: implicit conversion from 'int' to 'u8' (aka 'unsigned char') changes value from -474 to 38 [-Wconstant-conversion]
                        /* Data[11].ctlEdges[1].bChannel */ FREQ2FBIN(2427, 1),
                                                            ^~~~~~~~~~~~~~~~~~
/home/cross/kernel/android_kernel_xiaomi_lavender/drivers/net/wireless/ath/ath9k/eeprom.h:98:62: note: expanded from macro 'FREQ2FBIN'
#define FREQ2FBIN(x, y)         ((y) ? ((x) - 2300) : (((x) - 4800) / 5))
                                                       ~~~~~~~~~~~~~^~~
/home/cross/kernel/android_kernel_xiaomi_lavender/drivers/net/wireless/ath/ath9k/ar9003_eeprom.c:1435:40: warning: implicit conversion from 'int' to 'u8' (aka 'unsigned char') changes value from -470 to 42 [-Wconstant-conversion]
                        /* Data[11].ctlEdges[2].bChannel */ FREQ2FBIN(2447, 1),
                                                            ^~~~~~~~~~~~~~~~~~
/home/cross/kernel/android_kernel_xiaomi_lavender/drivers/net/wireless/ath/ath9k/eeprom.h:98:62: note: expanded from macro 'FREQ2FBIN'
#define FREQ2FBIN(x, y)         ((y) ? ((x) - 2300) : (((x) - 4800) / 5))
                                                       ~~~~~~~~~~~~~^~~
/home/cross/kernel/android_kernel_xiaomi_lavender/drivers/net/wireless/ath/ath9k/ar9003_eeprom.c:1436:40: warning: implicit conversion from 'int' to 'u8' (aka 'unsigned char') changes value from -467 to 45 [-Wconstant-conversion]
                        /* Data[11].ctlEdges[3].bChannel */ FREQ2FBIN(2462, 1),
                                                            ^~~~~~~~~~~~~~~~~~
/home/cross/kernel/android_kernel_xiaomi_lavender/drivers/net/wireless/ath/ath9k/eeprom.h:98:62: note: expanded from macro 'FREQ2FBIN'
#define FREQ2FBIN(x, y)         ((y) ? ((x) - 2300) : (((x) - 4800) / 5))
                                                       ~~~~~~~~~~~~~^~~
/home/cross/kernel/android_kernel_xiaomi_lavender/drivers/net/wireless/ath/ath9k/ar9003_eeprom.c:1509:3: warning: implicit conversion from 'int' to 'u8' (aka 'unsigned char') changes value from 2880 to 64 [-Wconstant-conversion]
                FREQ2FBIN(5180, 0),
                ^~~~~~~~~~~~~~~~~~
/home/cross/kernel/android_kernel_xiaomi_lavender/drivers/net/wireless/ath/ath9k/eeprom.h:98:38: note: expanded from macro 'FREQ2FBIN'
#define FREQ2FBIN(x, y)         ((y) ? ((x) - 2300) : (((x) - 4800) / 5))
                                        ~~~~^~~~~~
/home/cross/kernel/android_kernel_xiaomi_lavender/drivers/net/wireless/ath/ath9k/ar9003_eeprom.c:1510:3: warning: implicit conversion from 'int' to 'u8' (aka 'unsigned char') changes value from 2920 to 104 [-Wconstant-conversion]
                FREQ2FBIN(5220, 0),
                ^~~~~~~~~~~~~~~~~~
/home/cross/kernel/android_kernel_xiaomi_lavender/drivers/net/wireless/ath/ath9k/eeprom.h:98:38: note: expanded from macro 'FREQ2FBIN'
#define FREQ2FBIN(x, y)         ((y) ? ((x) - 2300) : (((x) - 4800) / 5))
                                        ~~~~^~~~~~
/home/cross/kernel/android_kernel_xiaomi_lavender/drivers/net/wireless/ath/ath9k/ar9003_eeprom.c:1511:3: warning: implicit conversion from 'int' to 'u8' (aka 'unsigned char') changes value from 3020 to 204 [-Wconstant-conversion]
                FREQ2FBIN(5320, 0),
                ^~~~~~~~~~~~~~~~~~
/home/cross/kernel/android_kernel_xiaomi_lavender/drivers/net/wireless/ath/ath9k/eeprom.h:98:38: note: expanded from macro 'FREQ2FBIN'
#define FREQ2FBIN(x, y)         ((y) ? ((x) - 2300) : (((x) - 4800) / 5))
                                        ~~~~^~~~~~
/home/cross/kernel/android_kernel_xiaomi_lavender/drivers/net/wireless/ath/ath9k/ar9003_eeprom.c:1512:3: warning: implicit conversion from 'int' to 'u8' (aka 'unsigned char') changes value from 3100 to 28 [-Wconstant-conversion]
                FREQ2FBIN(5400, 0),
                ^~~~~~~~~~~~~~~~~~
/home/cross/kernel/android_kernel_xiaomi_lavender/drivers/net/wireless/ath/ath9k/eeprom.h:98:38: note: expanded from macro 'FREQ2FBIN'
#define FREQ2FBIN(x, y)         ((y) ? ((x) - 2300) : (((x) - 4800) / 5))
                                        ~~~~^~~~~~
/home/cross/kernel/android_kernel_xiaomi_lavender/drivers/net/wireless/ath/ath9k/ar9003_eeprom.c:1513:3: warning: implicit conversion from 'int' to 'u8' (aka 'unsigned char') changes value from 3200 to 128 [-Wconstant-conversion]
                FREQ2FBIN(5500, 0),
                ^~~~~~~~~~~~~~~~~~
/home/cross/kernel/android_kernel_xiaomi_lavender/drivers/net/wireless/ath/ath9k/eeprom.h:98:38: note: expanded from macro 'FREQ2FBIN'
#define FREQ2FBIN(x, y)         ((y) ? ((x) - 2300) : (((x) - 4800) / 5))
                                        ~~~~^~~~~~
/home/cross/kernel/android_kernel_xiaomi_lavender/drivers/net/wireless/ath/ath9k/ar9003_eeprom.c:1514:3: warning: implicit conversion from 'int' to 'u8' (aka 'unsigned char') changes value from 3300 to 228 [-Wconstant-conversion]
                FREQ2FBIN(5600, 0),
                ^~~~~~~~~~~~~~~~~~
/home/cross/kernel/android_kernel_xiaomi_lavender/drivers/net/wireless/ath/ath9k/eeprom.h:98:38: note: expanded from macro 'FREQ2FBIN'
#define FREQ2FBIN(x, y)         ((y) ? ((x) - 2300) : (((x) - 4800) / 5))
                                        ~~~~^~~~~~
/home/cross/kernel/android_kernel_xiaomi_lavender/drivers/net/wireless/ath/ath9k/ar9003_eeprom.c:1515:3: warning: implicit conversion from 'int' to 'u8' (aka 'unsigned char') changes value from 3400 to 72 [-Wconstant-conversion]
                FREQ2FBIN(5700, 0),
                ^~~~~~~~~~~~~~~~~~
/home/cross/kernel/android_kernel_xiaomi_lavender/drivers/net/wireless/ath/ath9k/eeprom.h:98:38: note: expanded from macro 'FREQ2FBIN'
#define FREQ2FBIN(x, y)         ((y) ? ((x) - 2300) : (((x) - 4800) / 5))
                                        ~~~~^~~~~~
/home/cross/kernel/android_kernel_xiaomi_lavender/drivers/net/wireless/ath/ath9k/ar9003_eeprom.c:1516:3: warning: implicit conversion from 'int' to 'u8' (aka 'unsigned char') changes value from 3485 to 157 [-Wconstant-conversion]
                FREQ2FBIN(5785, 0)
                ^~~~~~~~~~~~~~~~~~
/home/cross/kernel/android_kernel_xiaomi_lavender/drivers/net/wireless/ath/ath9k/eeprom.h:98:38: note: expanded from macro 'FREQ2FBIN'
#define FREQ2FBIN(x, y)         ((y) ? ((x) - 2300) : (((x) - 4800) / 5))
                                        ~~~~^~~~~~
/home/cross/kernel/android_kernel_xiaomi_lavender/drivers/net/wireless/ath/ath9k/ar9003_eeprom.c:1552:3: warning: implicit conversion from 'int' to 'u8' (aka 'unsigned char') changes value from 2880 to 64 [-Wconstant-conversion]
                FREQ2FBIN(5180, 0),
                ^~~~~~~~~~~~~~~~~~
/home/cross/kernel/android_kernel_xiaomi_lavender/drivers/net/wireless/ath/ath9k/eeprom.h:98:38: note: expanded from macro 'FREQ2FBIN'
#define FREQ2FBIN(x, y)         ((y) ? ((x) - 2300) : (((x) - 4800) / 5))
                                        ~~~~^~~~~~
/home/cross/kernel/android_kernel_xiaomi_lavender/drivers/net/wireless/ath/ath9k/ar9003_eeprom.c:1553:3: warning: implicit conversion from 'int' to 'u8' (aka 'unsigned char') changes value from 2940 to 124 [-Wconstant-conversion]
                FREQ2FBIN(5240, 0),
                ^~~~~~~~~~~~~~~~~~
/home/cross/kernel/android_kernel_xiaomi_lavender/drivers/net/wireless/ath/ath9k/eeprom.h:98:38: note: expanded from macro 'FREQ2FBIN'
#define FREQ2FBIN(x, y)         ((y) ? ((x) - 2300) : (((x) - 4800) / 5))
                                        ~~~~^~~~~~
/home/cross/kernel/android_kernel_xiaomi_lavender/drivers/net/wireless/ath/ath9k/ar9003_eeprom.c:1554:3: warning: implicit conversion from 'int' to 'u8' (aka 'unsigned char') changes value from 3020 to 204 [-Wconstant-conversion]
                FREQ2FBIN(5320, 0),
                ^~~~~~~~~~~~~~~~~~
/home/cross/kernel/android_kernel_xiaomi_lavender/drivers/net/wireless/ath/ath9k/eeprom.h:98:38: note: expanded from macro 'FREQ2FBIN'
#define FREQ2FBIN(x, y)         ((y) ? ((x) - 2300) : (((x) - 4800) / 5))
                                        ~~~~^~~~~~
/home/cross/kernel/android_kernel_xiaomi_lavender/drivers/net/wireless/ath/ath9k/ar9003_eeprom.c:1555:3: warning: implicit conversion from 'int' to 'u8' (aka 'unsigned char') changes value from 3100 to 28 [-Wconstant-conversion]
                FREQ2FBIN(5400, 0),
                ^~~~~~~~~~~~~~~~~~
/home/cross/kernel/android_kernel_xiaomi_lavender/drivers/net/wireless/ath/ath9k/eeprom.h:98:38: note: expanded from macro 'FREQ2FBIN'
#define FREQ2FBIN(x, y)         ((y) ? ((x) - 2300) : (((x) - 4800) / 5))
                                        ~~~~^~~~~~
/home/cross/kernel/android_kernel_xiaomi_lavender/drivers/net/wireless/ath/ath9k/ar9003_eeprom.c:1556:3: warning: implicit conversion from 'int' to 'u8' (aka 'unsigned char') changes value from 3200 to 128 [-Wconstant-conversion]
                FREQ2FBIN(5500, 0),
                ^~~~~~~~~~~~~~~~~~
/home/cross/kernel/android_kernel_xiaomi_lavender/drivers/net/wireless/ath/ath9k/eeprom.h:98:38: note: expanded from macro 'FREQ2FBIN'
#define FREQ2FBIN(x, y)         ((y) ? ((x) - 2300) : (((x) - 4800) / 5))
                                        ~~~~^~~~~~
/home/cross/kernel/android_kernel_xiaomi_lavender/drivers/net/wireless/ath/ath9k/ar9003_eeprom.c:1557:3: warning: implicit conversion from 'int' to 'u8' (aka 'unsigned char') changes value from 3300 to 228 [-Wconstant-conversion]
                FREQ2FBIN(5600, 0),
                ^~~~~~~~~~~~~~~~~~
/home/cross/kernel/android_kernel_xiaomi_lavender/drivers/net/wireless/ath/ath9k/eeprom.h:98:38: note: expanded from macro 'FREQ2FBIN'
#define FREQ2FBIN(x, y)         ((y) ? ((x) - 2300) : (((x) - 4800) / 5))
                                        ~~~~^~~~~~
/home/cross/kernel/android_kernel_xiaomi_lavender/drivers/net/wireless/ath/ath9k/ar9003_eeprom.c:1558:3: warning: implicit conversion from 'int' to 'u8' (aka 'unsigned char') changes value from 3400 to 72 [-Wconstant-conversion]
                FREQ2FBIN(5700, 0),
                ^~~~~~~~~~~~~~~~~~
/home/cross/kernel/android_kernel_xiaomi_lavender/drivers/net/wireless/ath/ath9k/eeprom.h:98:38: note: expanded from macro 'FREQ2FBIN'
#define FREQ2FBIN(x, y)         ((y) ? ((x) - 2300) : (((x) - 4800) / 5))
                                        ~~~~^~~~~~
/home/cross/kernel/android_kernel_xiaomi_lavender/drivers/net/wireless/ath/ath9k/ar9003_eeprom.c:1559:3: warning: implicit conversion from 'int' to 'u8' (aka 'unsigned char') changes value from 3525 to 197 [-Wconstant-conversion]
                FREQ2FBIN(5825, 0)
                ^~~~~~~~~~~~~~~~~~
/home/cross/kernel/android_kernel_xiaomi_lavender/drivers/net/wireless/ath/ath9k/eeprom.h:98:38: note: expanded from macro 'FREQ2FBIN'
#define FREQ2FBIN(x, y)         ((y) ? ((x) - 2300) : (((x) - 4800) / 5))
                                        ~~~~^~~~~~
/home/cross/kernel/android_kernel_xiaomi_lavender/drivers/net/wireless/ath/ath9k/ar9003_eeprom.c:1562:3: warning: implicit conversion from 'int' to 'u8' (aka 'unsigned char') changes value from 2880 to 64 [-Wconstant-conversion]
                FREQ2FBIN(5180, 0),
                ^~~~~~~~~~~~~~~~~~
/home/cross/kernel/android_kernel_xiaomi_lavender/drivers/net/wireless/ath/ath9k/eeprom.h:98:38: note: expanded from macro 'FREQ2FBIN'
#define FREQ2FBIN(x, y)         ((y) ? ((x) - 2300) : (((x) - 4800) / 5))
                                        ~~~~^~~~~~
/home/cross/kernel/android_kernel_xiaomi_lavender/drivers/net/wireless/ath/ath9k/ar9003_eeprom.c:1563:3: warning: implicit conversion from 'int' to 'u8' (aka 'unsigned char') changes value from 2940 to 124 [-Wconstant-conversion]
                FREQ2FBIN(5240, 0),
                ^~~~~~~~~~~~~~~~~~
/home/cross/kernel/android_kernel_xiaomi_lavender/drivers/net/wireless/ath/ath9k/eeprom.h:98:38: note: expanded from macro 'FREQ2FBIN'
#define FREQ2FBIN(x, y)         ((y) ? ((x) - 2300) : (((x) - 4800) / 5))
                                        ~~~~^~~~~~
/home/cross/kernel/android_kernel_xiaomi_lavender/drivers/net/wireless/ath/ath9k/ar9003_eeprom.c:1564:3: warning: implicit conversion from 'int' to 'u8' (aka 'unsigned char') changes value from 3020 to 204 [-Wconstant-conversion]
                FREQ2FBIN(5320, 0),
                ^~~~~~~~~~~~~~~~~~
/home/cross/kernel/android_kernel_xiaomi_lavender/drivers/net/wireless/ath/ath9k/eeprom.h:98:38: note: expanded from macro 'FREQ2FBIN'
#define FREQ2FBIN(x, y)         ((y) ? ((x) - 2300) : (((x) - 4800) / 5))
                                        ~~~~^~~~~~
/home/cross/kernel/android_kernel_xiaomi_lavender/drivers/net/wireless/ath/ath9k/ar9003_eeprom.c:1565:3: warning: implicit conversion from 'int' to 'u8' (aka 'unsigned char') changes value from 3100 to 28 [-Wconstant-conversion]
                FREQ2FBIN(5400, 0),
                ^~~~~~~~~~~~~~~~~~
/home/cross/kernel/android_kernel_xiaomi_lavender/drivers/net/wireless/ath/ath9k/eeprom.h:98:38: note: expanded from macro 'FREQ2FBIN'
#define FREQ2FBIN(x, y)         ((y) ? ((x) - 2300) : (((x) - 4800) / 5))
                                        ~~~~^~~~~~
/home/cross/kernel/android_kernel_xiaomi_lavender/drivers/net/wireless/ath/ath9k/ar9003_eeprom.c:1566:3: warning: implicit conversion from 'int' to 'u8' (aka 'unsigned char') changes value from 3200 to 128 [-Wconstant-conversion]
                FREQ2FBIN(5500, 0),
                ^~~~~~~~~~~~~~~~~~
/home/cross/kernel/android_kernel_xiaomi_lavender/drivers/net/wireless/ath/ath9k/eeprom.h:98:38: note: expanded from macro 'FREQ2FBIN'
#define FREQ2FBIN(x, y)         ((y) ? ((x) - 2300) : (((x) - 4800) / 5))
                                        ~~~~^~~~~~
/home/cross/kernel/android_kernel_xiaomi_lavender/drivers/net/wireless/ath/ath9k/ar9003_eeprom.c:1567:3: warning: implicit conversion from 'int' to 'u8' (aka 'unsigned char') changes value from 3400 to 72 [-Wconstant-conversion]
                FREQ2FBIN(5700, 0),
                ^~~~~~~~~~~~~~~~~~
/home/cross/kernel/android_kernel_xiaomi_lavender/drivers/net/wireless/ath/ath9k/eeprom.h:98:38: note: expanded from macro 'FREQ2FBIN'
#define FREQ2FBIN(x, y)         ((y) ? ((x) - 2300) : (((x) - 4800) / 5))
                                        ~~~~^~~~~~
/home/cross/kernel/android_kernel_xiaomi_lavender/drivers/net/wireless/ath/ath9k/ar9003_eeprom.c:1568:3: warning: implicit conversion from 'int' to 'u8' (aka 'unsigned char') changes value from 3445 to 117 [-Wconstant-conversion]
                FREQ2FBIN(5745, 0),
                ^~~~~~~~~~~~~~~~~~
/home/cross/kernel/android_kernel_xiaomi_lavender/drivers/net/wireless/ath/ath9k/eeprom.h:98:38: note: expanded from macro 'FREQ2FBIN'
#define FREQ2FBIN(x, y)         ((y) ? ((x) - 2300) : (((x) - 4800) / 5))
                                        ~~~~^~~~~~
/home/cross/kernel/android_kernel_xiaomi_lavender/drivers/net/wireless/ath/ath9k/ar9003_eeprom.c:1569:3: warning: implicit conversion from 'int' to 'u8' (aka 'unsigned char') changes value from 3525 to 197 [-Wconstant-conversion]
                FREQ2FBIN(5825, 0)
                ^~~~~~~~~~~~~~~~~~
/home/cross/kernel/android_kernel_xiaomi_lavender/drivers/net/wireless/ath/ath9k/eeprom.h:98:38: note: expanded from macro 'FREQ2FBIN'
#define FREQ2FBIN(x, y)         ((y) ? ((x) - 2300) : (((x) - 4800) / 5))
                                        ~~~~^~~~~~
/home/cross/kernel/android_kernel_xiaomi_lavender/drivers/net/wireless/ath/ath9k/ar9003_eeprom.c:1572:3: warning: implicit conversion from 'int' to 'u8' (aka 'unsigned char') changes value from 2880 to 64 [-Wconstant-conversion]
                FREQ2FBIN(5180, 0),
                ^~~~~~~~~~~~~~~~~~
/home/cross/kernel/android_kernel_xiaomi_lavender/drivers/net/wireless/ath/ath9k/eeprom.h:98:38: note: expanded from macro 'FREQ2FBIN'
#define FREQ2FBIN(x, y)         ((y) ? ((x) - 2300) : (((x) - 4800) / 5))
                                        ~~~~^~~~~~
/home/cross/kernel/android_kernel_xiaomi_lavender/drivers/net/wireless/ath/ath9k/ar9003_eeprom.c:1573:3: warning: implicit conversion from 'int' to 'u8' (aka 'unsigned char') changes value from 2940 to 124 [-Wconstant-conversion]
                FREQ2FBIN(5240, 0),
                ^~~~~~~~~~~~~~~~~~
/home/cross/kernel/android_kernel_xiaomi_lavender/drivers/net/wireless/ath/ath9k/eeprom.h:98:38: note: expanded from macro 'FREQ2FBIN'
#define FREQ2FBIN(x, y)         ((y) ? ((x) - 2300) : (((x) - 4800) / 5))
                                        ~~~~^~~~~~
/home/cross/kernel/android_kernel_xiaomi_lavender/drivers/net/wireless/ath/ath9k/ar9003_eeprom.c:1574:3: warning: implicit conversion from 'int' to 'u8' (aka 'unsigned char') changes value from 3020 to 204 [-Wconstant-conversion]
                FREQ2FBIN(5320, 0),
                ^~~~~~~~~~~~~~~~~~
/home/cross/kernel/android_kernel_xiaomi_lavender/drivers/net/wireless/ath/ath9k/eeprom.h:98:38: note: expanded from macro 'FREQ2FBIN'
#define FREQ2FBIN(x, y)         ((y) ? ((x) - 2300) : (((x) - 4800) / 5))
                                        ~~~~^~~~~~
/home/cross/kernel/android_kernel_xiaomi_lavender/drivers/net/wireless/ath/ath9k/ar9003_eeprom.c:1575:3: warning: implicit conversion from 'int' to 'u8' (aka 'unsigned char') changes value from 3100 to 28 [-Wconstant-conversion]
                FREQ2FBIN(5400, 0),
                ^~~~~~~~~~~~~~~~~~
/home/cross/kernel/android_kernel_xiaomi_lavender/drivers/net/wireless/ath/ath9k/eeprom.h:98:38: note: expanded from macro 'FREQ2FBIN'
#define FREQ2FBIN(x, y)         ((y) ? ((x) - 2300) : (((x) - 4800) / 5))
                                        ~~~~^~~~~~
/home/cross/kernel/android_kernel_xiaomi_lavender/drivers/net/wireless/ath/ath9k/ar9003_eeprom.c:1576:3: warning: implicit conversion from 'int' to 'u8' (aka 'unsigned char') changes value from 3200 to 128 [-Wconstant-conversion]
                FREQ2FBIN(5500, 0),
                ^~~~~~~~~~~~~~~~~~
/home/cross/kernel/android_kernel_xiaomi_lavender/drivers/net/wireless/ath/ath9k/eeprom.h:98:38: note: expanded from macro 'FREQ2FBIN'
#define FREQ2FBIN(x, y)         ((y) ? ((x) - 2300) : (((x) - 4800) / 5))
                                        ~~~~^~~~~~
/home/cross/kernel/android_kernel_xiaomi_lavender/drivers/net/wireless/ath/ath9k/ar9003_eeprom.c:1577:3: warning: implicit conversion from 'int' to 'u8' (aka 'unsigned char') changes value from 3400 to 72 [-Wconstant-conversion]
                FREQ2FBIN(5700, 0),
                ^~~~~~~~~~~~~~~~~~
/home/cross/kernel/android_kernel_xiaomi_lavender/drivers/net/wireless/ath/ath9k/eeprom.h:98:38: note: expanded from macro 'FREQ2FBIN'
#define FREQ2FBIN(x, y)         ((y) ? ((x) - 2300) : (((x) - 4800) / 5))
                                        ~~~~^~~~~~
/home/cross/kernel/android_kernel_xiaomi_lavender/drivers/net/wireless/ath/ath9k/ar9003_eeprom.c:1578:3: warning: implicit conversion from 'int' to 'u8' (aka 'unsigned char') changes value from 3445 to 117 [-Wconstant-conversion]
                FREQ2FBIN(5745, 0),
                ^~~~~~~~~~~~~~~~~~
/home/cross/kernel/android_kernel_xiaomi_lavender/drivers/net/wireless/ath/ath9k/eeprom.h:98:38: note: expanded from macro 'FREQ2FBIN'
#define FREQ2FBIN(x, y)         ((y) ? ((x) - 2300) : (((x) - 4800) / 5))
                                        ~~~~^~~~~~
/home/cross/kernel/android_kernel_xiaomi_lavender/drivers/net/wireless/ath/ath9k/ar9003_eeprom.c:1579:3: warning: implicit conversion from 'int' to 'u8' (aka 'unsigned char') changes value from 3525 to 197 [-Wconstant-conversion]
                FREQ2FBIN(5825, 0)
                ^~~~~~~~~~~~~~~~~~
/home/cross/kernel/android_kernel_xiaomi_lavender/drivers/net/wireless/ath/ath9k/eeprom.h:98:38: note: expanded from macro 'FREQ2FBIN'
#define FREQ2FBIN(x, y)         ((y) ? ((x) - 2300) : (((x) - 4800) / 5))
                                        ~~~~^~~~~~
/home/cross/kernel/android_kernel_xiaomi_lavender/drivers/net/wireless/ath/ath9k/ar9003_eeprom.c:1626:39: warning: implicit conversion from 'int' to 'u8' (aka 'unsigned char') changes value from 2880 to 64 [-Wconstant-conversion]
                        /* Data[0].ctlEdges[0].bChannel */ FREQ2FBIN(5180, 0),
                                                           ^~~~~~~~~~~~~~~~~~
/home/cross/kernel/android_kernel_xiaomi_lavender/drivers/net/wireless/ath/ath9k/eeprom.h:98:38: note: expanded from macro 'FREQ2FBIN'
#define FREQ2FBIN(x, y)         ((y) ? ((x) - 2300) : (((x) - 4800) / 5))
                                        ~~~~^~~~~~
/home/cross/kernel/android_kernel_xiaomi_lavender/drivers/net/wireless/ath/ath9k/ar9003_eeprom.c:1627:39: warning: implicit conversion from 'int' to 'u8' (aka 'unsigned char') changes value from 2960 to 144 [-Wconstant-conversion]
                        /* Data[0].ctlEdges[1].bChannel */ FREQ2FBIN(5260, 0),
                                                           ^~~~~~~~~~~~~~~~~~
/home/cross/kernel/android_kernel_xiaomi_lavender/drivers/net/wireless/ath/ath9k/eeprom.h:98:38: note: expanded from macro 'FREQ2FBIN'
#define FREQ2FBIN(x, y)         ((y) ? ((x) - 2300) : (((x) - 4800) / 5))
                                        ~~~~^~~~~~
/home/cross/kernel/android_kernel_xiaomi_lavender/drivers/net/wireless/ath/ath9k/ar9003_eeprom.c:1628:39: warning: implicit conversion from 'int' to 'u8' (aka 'unsigned char') changes value from 2980 to 164 [-Wconstant-conversion]
                        /* Data[0].ctlEdges[2].bChannel */ FREQ2FBIN(5280, 0),
                                                           ^~~~~~~~~~~~~~~~~~
/home/cross/kernel/android_kernel_xiaomi_lavender/drivers/net/wireless/ath/ath9k/eeprom.h:98:38: note: expanded from macro 'FREQ2FBIN'
#define FREQ2FBIN(x, y)         ((y) ? ((x) - 2300) : (((x) - 4800) / 5))
                                        ~~~~^~~~~~
/home/cross/kernel/android_kernel_xiaomi_lavender/drivers/net/wireless/ath/ath9k/ar9003_eeprom.c:1629:39: warning: implicit conversion from 'int' to 'u8' (aka 'unsigned char') changes value from 3200 to 128 [-Wconstant-conversion]
                        /* Data[0].ctlEdges[3].bChannel */ FREQ2FBIN(5500, 0),
                                                           ^~~~~~~~~~~~~~~~~~
/home/cross/kernel/android_kernel_xiaomi_lavender/drivers/net/wireless/ath/ath9k/eeprom.h:98:38: note: expanded from macro 'FREQ2FBIN'
#define FREQ2FBIN(x, y)         ((y) ? ((x) - 2300) : (((x) - 4800) / 5))
                                        ~~~~^~~~~~
/home/cross/kernel/android_kernel_xiaomi_lavender/drivers/net/wireless/ath/ath9k/ar9003_eeprom.c:1630:39: warning: implicit conversion from 'int' to 'u8' (aka 'unsigned char') changes value from 3300 to 228 [-Wconstant-conversion]
                        /* Data[0].ctlEdges[4].bChannel */ FREQ2FBIN(5600, 0),
                                                           ^~~~~~~~~~~~~~~~~~
/home/cross/kernel/android_kernel_xiaomi_lavender/drivers/net/wireless/ath/ath9k/eeprom.h:98:38: note: expanded from macro 'FREQ2FBIN'
#define FREQ2FBIN(x, y)         ((y) ? ((x) - 2300) : (((x) - 4800) / 5))
                                        ~~~~^~~~~~
/home/cross/kernel/android_kernel_xiaomi_lavender/drivers/net/wireless/ath/ath9k/ar9003_eeprom.c:1631:39: warning: implicit conversion from 'int' to 'u8' (aka 'unsigned char') changes value from 3400 to 72 [-Wconstant-conversion]
                        /* Data[0].ctlEdges[5].bChannel */ FREQ2FBIN(5700, 0),
                                                           ^~~~~~~~~~~~~~~~~~
/home/cross/kernel/android_kernel_xiaomi_lavender/drivers/net/wireless/ath/ath9k/eeprom.h:98:38: note: expanded from macro 'FREQ2FBIN'
#define FREQ2FBIN(x, y)         ((y) ? ((x) - 2300) : (((x) - 4800) / 5))
                                        ~~~~^~~~~~
/home/cross/kernel/android_kernel_xiaomi_lavender/drivers/net/wireless/ath/ath9k/ar9003_eeprom.c:1632:39: warning: implicit conversion from 'int' to 'u8' (aka 'unsigned char') changes value from 3445 to 117 [-Wconstant-conversion]
                        /* Data[0].ctlEdges[6].bChannel */ FREQ2FBIN(5745, 0),
                                                           ^~~~~~~~~~~~~~~~~~
/home/cross/kernel/android_kernel_xiaomi_lavender/drivers/net/wireless/ath/ath9k/eeprom.h:98:38: note: expanded from macro 'FREQ2FBIN'
#define FREQ2FBIN(x, y)         ((y) ? ((x) - 2300) : (((x) - 4800) / 5))
                                        ~~~~^~~~~~
/home/cross/kernel/android_kernel_xiaomi_lavender/drivers/net/wireless/ath/ath9k/ar9003_eeprom.c:1633:39: warning: implicit conversion from 'int' to 'u8' (aka 'unsigned char') changes value from 3525 to 197 [-Wconstant-conversion]
                        /* Data[0].ctlEdges[7].bChannel */ FREQ2FBIN(5825, 0)
                                                           ^~~~~~~~~~~~~~~~~~
/home/cross/kernel/android_kernel_xiaomi_lavender/drivers/net/wireless/ath/ath9k/eeprom.h:98:38: note: expanded from macro 'FREQ2FBIN'
#define FREQ2FBIN(x, y)         ((y) ? ((x) - 2300) : (((x) - 4800) / 5))
                                        ~~~~^~~~~~
/home/cross/kernel/android_kernel_xiaomi_lavender/drivers/net/wireless/ath/ath9k/ar9003_eeprom.c:1636:39: warning: implicit conversion from 'int' to 'u8' (aka 'unsigned char') changes value from 2880 to 64 [-Wconstant-conversion]
                        /* Data[1].ctlEdges[0].bChannel */ FREQ2FBIN(5180, 0),
                                                           ^~~~~~~~~~~~~~~~~~
/home/cross/kernel/android_kernel_xiaomi_lavender/drivers/net/wireless/ath/ath9k/eeprom.h:98:38: note: expanded from macro 'FREQ2FBIN'
#define FREQ2FBIN(x, y)         ((y) ? ((x) - 2300) : (((x) - 4800) / 5))
                                        ~~~~^~~~~~
/home/cross/kernel/android_kernel_xiaomi_lavender/drivers/net/wireless/ath/ath9k/ar9003_eeprom.c:1637:39: warning: implicit conversion from 'int' to 'u8' (aka 'unsigned char') changes value from 2960 to 144 [-Wconstant-conversion]
                        /* Data[1].ctlEdges[1].bChannel */ FREQ2FBIN(5260, 0),
                                                           ^~~~~~~~~~~~~~~~~~
/home/cross/kernel/android_kernel_xiaomi_lavender/drivers/net/wireless/ath/ath9k/eeprom.h:98:38: note: expanded from macro 'FREQ2FBIN'
#define FREQ2FBIN(x, y)         ((y) ? ((x) - 2300) : (((x) - 4800) / 5))
                                        ~~~~^~~~~~
/home/cross/kernel/android_kernel_xiaomi_lavender/drivers/net/wireless/ath/ath9k/ar9003_eeprom.c:1638:39: warning: implicit conversion from 'int' to 'u8' (aka 'unsigned char') changes value from 2980 to 164 [-Wconstant-conversion]
                        /* Data[1].ctlEdges[2].bChannel */ FREQ2FBIN(5280, 0),
                                                           ^~~~~~~~~~~~~~~~~~
/home/cross/kernel/android_kernel_xiaomi_lavender/drivers/net/wireless/ath/ath9k/eeprom.h:98:38: note: expanded from macro 'FREQ2FBIN'
#define FREQ2FBIN(x, y)         ((y) ? ((x) - 2300) : (((x) - 4800) / 5))
                                        ~~~~^~~~~~
/home/cross/kernel/android_kernel_xiaomi_lavender/drivers/net/wireless/ath/ath9k/ar9003_eeprom.c:1639:39: warning: implicit conversion from 'int' to 'u8' (aka 'unsigned char') changes value from 3200 to 128 [-Wconstant-conversion]
                        /* Data[1].ctlEdges[3].bChannel */ FREQ2FBIN(5500, 0),
                                                           ^~~~~~~~~~~~~~~~~~
/home/cross/kernel/android_kernel_xiaomi_lavender/drivers/net/wireless/ath/ath9k/eeprom.h:98:38: note: expanded from macro 'FREQ2FBIN'
#define FREQ2FBIN(x, y)         ((y) ? ((x) - 2300) : (((x) - 4800) / 5))
                                        ~~~~^~~~~~
/home/cross/kernel/android_kernel_xiaomi_lavender/drivers/net/wireless/ath/ath9k/ar9003_eeprom.c:1640:39: warning: implicit conversion from 'int' to 'u8' (aka 'unsigned char') changes value from 3220 to 148 [-Wconstant-conversion]
                        /* Data[1].ctlEdges[4].bChannel */ FREQ2FBIN(5520, 0),
                                                           ^~~~~~~~~~~~~~~~~~
/home/cross/kernel/android_kernel_xiaomi_lavender/drivers/net/wireless/ath/ath9k/eeprom.h:98:38: note: expanded from macro 'FREQ2FBIN'
#define FREQ2FBIN(x, y)         ((y) ? ((x) - 2300) : (((x) - 4800) / 5))
                                        ~~~~^~~~~~
/home/cross/kernel/android_kernel_xiaomi_lavender/drivers/net/wireless/ath/ath9k/ar9003_eeprom.c:1641:39: warning: implicit conversion from 'int' to 'u8' (aka 'unsigned char') changes value from 3400 to 72 [-Wconstant-conversion]
                        /* Data[1].ctlEdges[5].bChannel */ FREQ2FBIN(5700, 0),
                                                           ^~~~~~~~~~~~~~~~~~
/home/cross/kernel/android_kernel_xiaomi_lavender/drivers/net/wireless/ath/ath9k/eeprom.h:98:38: note: expanded from macro 'FREQ2FBIN'
#define FREQ2FBIN(x, y)         ((y) ? ((x) - 2300) : (((x) - 4800) / 5))
                                        ~~~~^~~~~~
/home/cross/kernel/android_kernel_xiaomi_lavender/drivers/net/wireless/ath/ath9k/ar9003_eeprom.c:1642:39: warning: implicit conversion from 'int' to 'u8' (aka 'unsigned char') changes value from 3445 to 117 [-Wconstant-conversion]
                        /* Data[1].ctlEdges[6].bChannel */ FREQ2FBIN(5745, 0),
                                                           ^~~~~~~~~~~~~~~~~~
/home/cross/kernel/android_kernel_xiaomi_lavender/drivers/net/wireless/ath/ath9k/eeprom.h:98:38: note: expanded from macro 'FREQ2FBIN'
#define FREQ2FBIN(x, y)         ((y) ? ((x) - 2300) : (((x) - 4800) / 5))
                                        ~~~~^~~~~~
/home/cross/kernel/android_kernel_xiaomi_lavender/drivers/net/wireless/ath/ath9k/ar9003_eeprom.c:1643:39: warning: implicit conversion from 'int' to 'u8' (aka 'unsigned char') changes value from 3525 to 197 [-Wconstant-conversion]
                        /* Data[1].ctlEdges[7].bChannel */ FREQ2FBIN(5825, 0)
                                                           ^~~~~~~~~~~~~~~~~~
/home/cross/kernel/android_kernel_xiaomi_lavender/drivers/net/wireless/ath/ath9k/eeprom.h:98:38: note: expanded from macro 'FREQ2FBIN'
#define FREQ2FBIN(x, y)         ((y) ? ((x) - 2300) : (((x) - 4800) / 5))
                                        ~~~~^~~~~~
/home/cross/kernel/android_kernel_xiaomi_lavender/drivers/net/wireless/ath/ath9k/ar9003_eeprom.c:1647:39: warning: implicit conversion from 'int' to 'u8' (aka 'unsigned char') changes value from 2890 to 74 [-Wconstant-conversion]
                        /* Data[2].ctlEdges[0].bChannel */ FREQ2FBIN(5190, 0),
                                                           ^~~~~~~~~~~~~~~~~~
/home/cross/kernel/android_kernel_xiaomi_lavender/drivers/net/wireless/ath/ath9k/eeprom.h:98:38: note: expanded from macro 'FREQ2FBIN'
#define FREQ2FBIN(x, y)         ((y) ? ((x) - 2300) : (((x) - 4800) / 5))
                                        ~~~~^~~~~~
/home/cross/kernel/android_kernel_xiaomi_lavender/drivers/net/wireless/ath/ath9k/ar9003_eeprom.c:1648:39: warning: implicit conversion from 'int' to 'u8' (aka 'unsigned char') changes value from 2930 to 114 [-Wconstant-conversion]
                        /* Data[2].ctlEdges[1].bChannel */ FREQ2FBIN(5230, 0),
                                                           ^~~~~~~~~~~~~~~~~~
/home/cross/kernel/android_kernel_xiaomi_lavender/drivers/net/wireless/ath/ath9k/eeprom.h:98:38: note: expanded from macro 'FREQ2FBIN'
#define FREQ2FBIN(x, y)         ((y) ? ((x) - 2300) : (((x) - 4800) / 5))
                                        ~~~~^~~~~~
/home/cross/kernel/android_kernel_xiaomi_lavender/drivers/net/wireless/ath/ath9k/ar9003_eeprom.c:1649:39: warning: implicit conversion from 'int' to 'u8' (aka 'unsigned char') changes value from 2970 to 154 [-Wconstant-conversion]
                        /* Data[2].ctlEdges[2].bChannel */ FREQ2FBIN(5270, 0),
                                                           ^~~~~~~~~~~~~~~~~~
/home/cross/kernel/android_kernel_xiaomi_lavender/drivers/net/wireless/ath/ath9k/eeprom.h:98:38: note: expanded from macro 'FREQ2FBIN'
#define FREQ2FBIN(x, y)         ((y) ? ((x) - 2300) : (((x) - 4800) / 5))
                                        ~~~~^~~~~~
/home/cross/kernel/android_kernel_xiaomi_lavender/drivers/net/wireless/ath/ath9k/ar9003_eeprom.c:1650:39: warning: implicit conversion from 'int' to 'u8' (aka 'unsigned char') changes value from 3010 to 194 [-Wconstant-conversion]
                        /* Data[2].ctlEdges[3].bChannel */ FREQ2FBIN(5310, 0),
                                                           ^~~~~~~~~~~~~~~~~~
/home/cross/kernel/android_kernel_xiaomi_lavender/drivers/net/wireless/ath/ath9k/eeprom.h:98:38: note: expanded from macro 'FREQ2FBIN'
#define FREQ2FBIN(x, y)         ((y) ? ((x) - 2300) : (((x) - 4800) / 5))
                                        ~~~~^~~~~~
/home/cross/kernel/android_kernel_xiaomi_lavender/drivers/net/wireless/ath/ath9k/ar9003_eeprom.c:1651:39: warning: implicit conversion from 'int' to 'u8' (aka 'unsigned char') changes value from 3210 to 138 [-Wconstant-conversion]
                        /* Data[2].ctlEdges[4].bChannel */ FREQ2FBIN(5510, 0),
                                                           ^~~~~~~~~~~~~~~~~~
/home/cross/kernel/android_kernel_xiaomi_lavender/drivers/net/wireless/ath/ath9k/eeprom.h:98:38: note: expanded from macro 'FREQ2FBIN'
#define FREQ2FBIN(x, y)         ((y) ? ((x) - 2300) : (((x) - 4800) / 5))
                                        ~~~~^~~~~~
/home/cross/kernel/android_kernel_xiaomi_lavender/drivers/net/wireless/ath/ath9k/ar9003_eeprom.c:1652:39: warning: implicit conversion from 'int' to 'u8' (aka 'unsigned char') changes value from 3250 to 178 [-Wconstant-conversion]
                        /* Data[2].ctlEdges[5].bChannel */ FREQ2FBIN(5550, 0),
                                                           ^~~~~~~~~~~~~~~~~~
/home/cross/kernel/android_kernel_xiaomi_lavender/drivers/net/wireless/ath/ath9k/eeprom.h:98:38: note: expanded from macro 'FREQ2FBIN'
#define FREQ2FBIN(x, y)         ((y) ? ((x) - 2300) : (((x) - 4800) / 5))
                                        ~~~~^~~~~~
/home/cross/kernel/android_kernel_xiaomi_lavender/drivers/net/wireless/ath/ath9k/ar9003_eeprom.c:1653:39: warning: implicit conversion from 'int' to 'u8' (aka 'unsigned char') changes value from 3370 to 42 [-Wconstant-conversion]
                        /* Data[2].ctlEdges[6].bChannel */ FREQ2FBIN(5670, 0),
                                                           ^~~~~~~~~~~~~~~~~~
/home/cross/kernel/android_kernel_xiaomi_lavender/drivers/net/wireless/ath/ath9k/eeprom.h:98:38: note: expanded from macro 'FREQ2FBIN'
#define FREQ2FBIN(x, y)         ((y) ? ((x) - 2300) : (((x) - 4800) / 5))
                                        ~~~~^~~~~~
/home/cross/kernel/android_kernel_xiaomi_lavender/drivers/net/wireless/ath/ath9k/ar9003_eeprom.c:1654:39: warning: implicit conversion from 'int' to 'u8' (aka 'unsigned char') changes value from 3455 to 127 [-Wconstant-conversion]
                        /* Data[2].ctlEdges[7].bChannel */ FREQ2FBIN(5755, 0)
                                                           ^~~~~~~~~~~~~~~~~~
/home/cross/kernel/android_kernel_xiaomi_lavender/drivers/net/wireless/ath/ath9k/eeprom.h:98:38: note: expanded from macro 'FREQ2FBIN'
#define FREQ2FBIN(x, y)         ((y) ? ((x) - 2300) : (((x) - 4800) / 5))
                                        ~~~~^~~~~~
/home/cross/kernel/android_kernel_xiaomi_lavender/drivers/net/wireless/ath/ath9k/ar9003_eeprom.c:1658:39: warning: implicit conversion from 'int' to 'u8' (aka 'unsigned char') changes value from 2880 to 64 [-Wconstant-conversion]
                        /* Data[3].ctlEdges[0].bChannel */ FREQ2FBIN(5180, 0),
                                                           ^~~~~~~~~~~~~~~~~~
/home/cross/kernel/android_kernel_xiaomi_lavender/drivers/net/wireless/ath/ath9k/eeprom.h:98:38: note: expanded from macro 'FREQ2FBIN'
#define FREQ2FBIN(x, y)         ((y) ? ((x) - 2300) : (((x) - 4800) / 5))
                                        ~~~~^~~~~~
/home/cross/kernel/android_kernel_xiaomi_lavender/drivers/net/wireless/ath/ath9k/ar9003_eeprom.c:1659:39: warning: implicit conversion from 'int' to 'u8' (aka 'unsigned char') changes value from 2900 to 84 [-Wconstant-conversion]
                        /* Data[3].ctlEdges[1].bChannel */ FREQ2FBIN(5200, 0),
                                                           ^~~~~~~~~~~~~~~~~~
/home/cross/kernel/android_kernel_xiaomi_lavender/drivers/net/wireless/ath/ath9k/eeprom.h:98:38: note: expanded from macro 'FREQ2FBIN'
#define FREQ2FBIN(x, y)         ((y) ? ((x) - 2300) : (((x) - 4800) / 5))
                                        ~~~~^~~~~~
/home/cross/kernel/android_kernel_xiaomi_lavender/drivers/net/wireless/ath/ath9k/ar9003_eeprom.c:1660:39: warning: implicit conversion from 'int' to 'u8' (aka 'unsigned char') changes value from 2960 to 144 [-Wconstant-conversion]
                        /* Data[3].ctlEdges[2].bChannel */ FREQ2FBIN(5260, 0),
                                                           ^~~~~~~~~~~~~~~~~~
/home/cross/kernel/android_kernel_xiaomi_lavender/drivers/net/wireless/ath/ath9k/eeprom.h:98:38: note: expanded from macro 'FREQ2FBIN'
#define FREQ2FBIN(x, y)         ((y) ? ((x) - 2300) : (((x) - 4800) / 5))
                                        ~~~~^~~~~~
/home/cross/kernel/android_kernel_xiaomi_lavender/drivers/net/wireless/ath/ath9k/ar9003_eeprom.c:1661:39: warning: implicit conversion from 'int' to 'u8' (aka 'unsigned char') changes value from 3020 to 204 [-Wconstant-conversion]
                        /* Data[3].ctlEdges[3].bChannel */ FREQ2FBIN(5320, 0),
                                                           ^~~~~~~~~~~~~~~~~~
/home/cross/kernel/android_kernel_xiaomi_lavender/drivers/net/wireless/ath/ath9k/eeprom.h:98:38: note: expanded from macro 'FREQ2FBIN'
#define FREQ2FBIN(x, y)         ((y) ? ((x) - 2300) : (((x) - 4800) / 5))
                                        ~~~~^~~~~~
/home/cross/kernel/android_kernel_xiaomi_lavender/drivers/net/wireless/ath/ath9k/ar9003_eeprom.c:1662:39: warning: implicit conversion from 'int' to 'u8' (aka 'unsigned char') changes value from 3200 to 128 [-Wconstant-conversion]
                        /* Data[3].ctlEdges[4].bChannel */ FREQ2FBIN(5500, 0),
                                                           ^~~~~~~~~~~~~~~~~~
/home/cross/kernel/android_kernel_xiaomi_lavender/drivers/net/wireless/ath/ath9k/eeprom.h:98:38: note: expanded from macro 'FREQ2FBIN'
#define FREQ2FBIN(x, y)         ((y) ? ((x) - 2300) : (((x) - 4800) / 5))
                                        ~~~~^~~~~~
/home/cross/kernel/android_kernel_xiaomi_lavender/drivers/net/wireless/ath/ath9k/ar9003_eeprom.c:1663:39: warning: implicit conversion from 'int' to 'u8' (aka 'unsigned char') changes value from 3400 to 72 [-Wconstant-conversion]
                        /* Data[3].ctlEdges[5].bChannel */ FREQ2FBIN(5700, 0),
                                                           ^~~~~~~~~~~~~~~~~~
/home/cross/kernel/android_kernel_xiaomi_lavender/drivers/net/wireless/ath/ath9k/eeprom.h:98:38: note: expanded from macro 'FREQ2FBIN'
#define FREQ2FBIN(x, y)         ((y) ? ((x) - 2300) : (((x) - 4800) / 5))
                                        ~~~~^~~~~~
/home/cross/kernel/android_kernel_xiaomi_lavender/drivers/net/wireless/ath/ath9k/ar9003_eeprom.c:1669:39: warning: implicit conversion from 'int' to 'u8' (aka 'unsigned char') changes value from 2880 to 64 [-Wconstant-conversion]
                        /* Data[4].ctlEdges[0].bChannel */ FREQ2FBIN(5180, 0),
                                                           ^~~~~~~~~~~~~~~~~~
/home/cross/kernel/android_kernel_xiaomi_lavender/drivers/net/wireless/ath/ath9k/eeprom.h:98:38: note: expanded from macro 'FREQ2FBIN'
#define FREQ2FBIN(x, y)         ((y) ? ((x) - 2300) : (((x) - 4800) / 5))
                                        ~~~~^~~~~~
/home/cross/kernel/android_kernel_xiaomi_lavender/drivers/net/wireless/ath/ath9k/ar9003_eeprom.c:1670:39: warning: implicit conversion from 'int' to 'u8' (aka 'unsigned char') changes value from 2960 to 144 [-Wconstant-conversion]
                        /* Data[4].ctlEdges[1].bChannel */ FREQ2FBIN(5260, 0),
                                                           ^~~~~~~~~~~~~~~~~~
/home/cross/kernel/android_kernel_xiaomi_lavender/drivers/net/wireless/ath/ath9k/eeprom.h:98:38: note: expanded from macro 'FREQ2FBIN'
#define FREQ2FBIN(x, y)         ((y) ? ((x) - 2300) : (((x) - 4800) / 5))
                                        ~~~~^~~~~~
/home/cross/kernel/android_kernel_xiaomi_lavender/drivers/net/wireless/ath/ath9k/ar9003_eeprom.c:1671:39: warning: implicit conversion from 'int' to 'u8' (aka 'unsigned char') changes value from 3200 to 128 [-Wconstant-conversion]
                        /* Data[4].ctlEdges[2].bChannel */ FREQ2FBIN(5500, 0),
                                                           ^~~~~~~~~~~~~~~~~~
/home/cross/kernel/android_kernel_xiaomi_lavender/drivers/net/wireless/ath/ath9k/eeprom.h:98:38: note: expanded from macro 'FREQ2FBIN'
#define FREQ2FBIN(x, y)         ((y) ? ((x) - 2300) : (((x) - 4800) / 5))
                                        ~~~~^~~~~~
/home/cross/kernel/android_kernel_xiaomi_lavender/drivers/net/wireless/ath/ath9k/ar9003_eeprom.c:1672:39: warning: implicit conversion from 'int' to 'u8' (aka 'unsigned char') changes value from 3400 to 72 [-Wconstant-conversion]
                        /* Data[4].ctlEdges[3].bChannel */ FREQ2FBIN(5700, 0),
                                                           ^~~~~~~~~~~~~~~~~~
/home/cross/kernel/android_kernel_xiaomi_lavender/drivers/net/wireless/ath/ath9k/eeprom.h:98:38: note: expanded from macro 'FREQ2FBIN'
#define FREQ2FBIN(x, y)         ((y) ? ((x) - 2300) : (((x) - 4800) / 5))
                                        ~~~~^~~~~~
/home/cross/kernel/android_kernel_xiaomi_lavender/drivers/net/wireless/ath/ath9k/ar9003_eeprom.c:1680:39: warning: implicit conversion from 'int' to 'u8' (aka 'unsigned char') changes value from 2890 to 74 [-Wconstant-conversion]
                        /* Data[5].ctlEdges[0].bChannel */ FREQ2FBIN(5190, 0),
                                                           ^~~~~~~~~~~~~~~~~~
/home/cross/kernel/android_kernel_xiaomi_lavender/drivers/net/wireless/ath/ath9k/eeprom.h:98:38: note: expanded from macro 'FREQ2FBIN'
#define FREQ2FBIN(x, y)         ((y) ? ((x) - 2300) : (((x) - 4800) / 5))
                                        ~~~~^~~~~~
/home/cross/kernel/android_kernel_xiaomi_lavender/drivers/net/wireless/ath/ath9k/ar9003_eeprom.c:1681:39: warning: implicit conversion from 'int' to 'u8' (aka 'unsigned char') changes value from 2970 to 154 [-Wconstant-conversion]
                        /* Data[5].ctlEdges[1].bChannel */ FREQ2FBIN(5270, 0),
                                                           ^~~~~~~~~~~~~~~~~~
/home/cross/kernel/android_kernel_xiaomi_lavender/drivers/net/wireless/ath/ath9k/eeprom.h:98:38: note: expanded from macro 'FREQ2FBIN'
#define FREQ2FBIN(x, y)         ((y) ? ((x) - 2300) : (((x) - 4800) / 5))
                                        ~~~~^~~~~~
/home/cross/kernel/android_kernel_xiaomi_lavender/drivers/net/wireless/ath/ath9k/ar9003_eeprom.c:1682:39: warning: implicit conversion from 'int' to 'u8' (aka 'unsigned char') changes value from 3010 to 194 [-Wconstant-conversion]
                        /* Data[5].ctlEdges[2].bChannel */ FREQ2FBIN(5310, 0),
                                                           ^~~~~~~~~~~~~~~~~~
/home/cross/kernel/android_kernel_xiaomi_lavender/drivers/net/wireless/ath/ath9k/eeprom.h:98:38: note: expanded from macro 'FREQ2FBIN'
#define FREQ2FBIN(x, y)         ((y) ? ((x) - 2300) : (((x) - 4800) / 5))
                                        ~~~~^~~~~~
/home/cross/kernel/android_kernel_xiaomi_lavender/drivers/net/wireless/ath/ath9k/ar9003_eeprom.c:1683:39: warning: implicit conversion from 'int' to 'u8' (aka 'unsigned char') changes value from 3210 to 138 [-Wconstant-conversion]
                        /* Data[5].ctlEdges[3].bChannel */ FREQ2FBIN(5510, 0),
                                                           ^~~~~~~~~~~~~~~~~~
/home/cross/kernel/android_kernel_xiaomi_lavender/drivers/net/wireless/ath/ath9k/eeprom.h:98:38: note: expanded from macro 'FREQ2FBIN'
#define FREQ2FBIN(x, y)         ((y) ? ((x) - 2300) : (((x) - 4800) / 5))
                                        ~~~~^~~~~~
/home/cross/kernel/android_kernel_xiaomi_lavender/drivers/net/wireless/ath/ath9k/ar9003_eeprom.c:1684:39: warning: implicit conversion from 'int' to 'u8' (aka 'unsigned char') changes value from 3290 to 218 [-Wconstant-conversion]
                        /* Data[5].ctlEdges[4].bChannel */ FREQ2FBIN(5590, 0),
                                                           ^~~~~~~~~~~~~~~~~~
/home/cross/kernel/android_kernel_xiaomi_lavender/drivers/net/wireless/ath/ath9k/eeprom.h:98:38: note: expanded from macro 'FREQ2FBIN'
#define FREQ2FBIN(x, y)         ((y) ? ((x) - 2300) : (((x) - 4800) / 5))
                                        ~~~~^~~~~~
/home/cross/kernel/android_kernel_xiaomi_lavender/drivers/net/wireless/ath/ath9k/ar9003_eeprom.c:1685:39: warning: implicit conversion from 'int' to 'u8' (aka 'unsigned char') changes value from 3370 to 42 [-Wconstant-conversion]
                        /* Data[5].ctlEdges[5].bChannel */ FREQ2FBIN(5670, 0),
                                                           ^~~~~~~~~~~~~~~~~~
/home/cross/kernel/android_kernel_xiaomi_lavender/drivers/net/wireless/ath/ath9k/eeprom.h:98:38: note: expanded from macro 'FREQ2FBIN'
#define FREQ2FBIN(x, y)         ((y) ? ((x) - 2300) : (((x) - 4800) / 5))
                                        ~~~~^~~~~~
/home/cross/kernel/android_kernel_xiaomi_lavender/drivers/net/wireless/ath/ath9k/ar9003_eeprom.c:1691:39: warning: implicit conversion from 'int' to 'u8' (aka 'unsigned char') changes value from 2880 to 64 [-Wconstant-conversion]
                        /* Data[6].ctlEdges[0].bChannel */ FREQ2FBIN(5180, 0),
                                                           ^~~~~~~~~~~~~~~~~~
/home/cross/kernel/android_kernel_xiaomi_lavender/drivers/net/wireless/ath/ath9k/eeprom.h:98:38: note: expanded from macro 'FREQ2FBIN'
#define FREQ2FBIN(x, y)         ((y) ? ((x) - 2300) : (((x) - 4800) / 5))
                                        ~~~~^~~~~~
/home/cross/kernel/android_kernel_xiaomi_lavender/drivers/net/wireless/ath/ath9k/ar9003_eeprom.c:1692:39: warning: implicit conversion from 'int' to 'u8' (aka 'unsigned char') changes value from 2900 to 84 [-Wconstant-conversion]
                        /* Data[6].ctlEdges[1].bChannel */ FREQ2FBIN(5200, 0),
                                                           ^~~~~~~~~~~~~~~~~~
/home/cross/kernel/android_kernel_xiaomi_lavender/drivers/net/wireless/ath/ath9k/eeprom.h:98:38: note: expanded from macro 'FREQ2FBIN'
#define FREQ2FBIN(x, y)         ((y) ? ((x) - 2300) : (((x) - 4800) / 5))
                                        ~~~~^~~~~~
/home/cross/kernel/android_kernel_xiaomi_lavender/drivers/net/wireless/ath/ath9k/ar9003_eeprom.c:1693:39: warning: implicit conversion from 'int' to 'u8' (aka 'unsigned char') changes value from 2920 to 104 [-Wconstant-conversion]
                        /* Data[6].ctlEdges[2].bChannel */ FREQ2FBIN(5220, 0),
                                                           ^~~~~~~~~~~~~~~~~~
/home/cross/kernel/android_kernel_xiaomi_lavender/drivers/net/wireless/ath/ath9k/eeprom.h:98:38: note: expanded from macro 'FREQ2FBIN'
#define FREQ2FBIN(x, y)         ((y) ? ((x) - 2300) : (((x) - 4800) / 5))
                                        ~~~~^~~~~~
/home/cross/kernel/android_kernel_xiaomi_lavender/drivers/net/wireless/ath/ath9k/ar9003_eeprom.c:1694:39: warning: implicit conversion from 'int' to 'u8' (aka 'unsigned char') changes value from 2960 to 144 [-Wconstant-conversion]
                        /* Data[6].ctlEdges[3].bChannel */ FREQ2FBIN(5260, 0),
                                                           ^~~~~~~~~~~~~~~~~~
/home/cross/kernel/android_kernel_xiaomi_lavender/drivers/net/wireless/ath/ath9k/eeprom.h:98:38: note: expanded from macro 'FREQ2FBIN'
#define FREQ2FBIN(x, y)         ((y) ? ((x) - 2300) : (((x) - 4800) / 5))
                                        ~~~~^~~~~~
/home/cross/kernel/android_kernel_xiaomi_lavender/drivers/net/wireless/ath/ath9k/ar9003_eeprom.c:1695:39: warning: implicit conversion from 'int' to 'u8' (aka 'unsigned char') changes value from 3200 to 128 [-Wconstant-conversion]
                        /* Data[6].ctlEdges[4].bChannel */ FREQ2FBIN(5500, 0),
                                                           ^~~~~~~~~~~~~~~~~~
/home/cross/kernel/android_kernel_xiaomi_lavender/drivers/net/wireless/ath/ath9k/eeprom.h:98:38: note: expanded from macro 'FREQ2FBIN'
#define FREQ2FBIN(x, y)         ((y) ? ((x) - 2300) : (((x) - 4800) / 5))
                                        ~~~~^~~~~~
/home/cross/kernel/android_kernel_xiaomi_lavender/drivers/net/wireless/ath/ath9k/ar9003_eeprom.c:1696:39: warning: implicit conversion from 'int' to 'u8' (aka 'unsigned char') changes value from 3300 to 228 [-Wconstant-conversion]
                        /* Data[6].ctlEdges[5].bChannel */ FREQ2FBIN(5600, 0),
                                                           ^~~~~~~~~~~~~~~~~~
/home/cross/kernel/android_kernel_xiaomi_lavender/drivers/net/wireless/ath/ath9k/eeprom.h:98:38: note: expanded from macro 'FREQ2FBIN'
#define FREQ2FBIN(x, y)         ((y) ? ((x) - 2300) : (((x) - 4800) / 5))
                                        ~~~~^~~~~~
/home/cross/kernel/android_kernel_xiaomi_lavender/drivers/net/wireless/ath/ath9k/ar9003_eeprom.c:1697:39: warning: implicit conversion from 'int' to 'u8' (aka 'unsigned char') changes value from 3400 to 72 [-Wconstant-conversion]
                        /* Data[6].ctlEdges[6].bChannel */ FREQ2FBIN(5700, 0),
                                                           ^~~~~~~~~~~~~~~~~~
/home/cross/kernel/android_kernel_xiaomi_lavender/drivers/net/wireless/ath/ath9k/eeprom.h:98:38: note: expanded from macro 'FREQ2FBIN'
#define FREQ2FBIN(x, y)         ((y) ? ((x) - 2300) : (((x) - 4800) / 5))
                                        ~~~~^~~~~~
/home/cross/kernel/android_kernel_xiaomi_lavender/drivers/net/wireless/ath/ath9k/ar9003_eeprom.c:1698:39: warning: implicit conversion from 'int' to 'u8' (aka 'unsigned char') changes value from 3445 to 117 [-Wconstant-conversion]
                        /* Data[6].ctlEdges[7].bChannel */ FREQ2FBIN(5745, 0)
                                                           ^~~~~~~~~~~~~~~~~~
/home/cross/kernel/android_kernel_xiaomi_lavender/drivers/net/wireless/ath/ath9k/eeprom.h:98:38: note: expanded from macro 'FREQ2FBIN'
#define FREQ2FBIN(x, y)         ((y) ? ((x) - 2300) : (((x) - 4800) / 5))
                                        ~~~~^~~~~~
/home/cross/kernel/android_kernel_xiaomi_lavender/drivers/net/wireless/ath/ath9k/ar9003_eeprom.c:1702:39: warning: implicit conversion from 'int' to 'u8' (aka 'unsigned char') changes value from 2880 to 64 [-Wconstant-conversion]
                        /* Data[7].ctlEdges[0].bChannel */ FREQ2FBIN(5180, 0),
                                                           ^~~~~~~~~~~~~~~~~~
/home/cross/kernel/android_kernel_xiaomi_lavender/drivers/net/wireless/ath/ath9k/eeprom.h:98:38: note: expanded from macro 'FREQ2FBIN'
#define FREQ2FBIN(x, y)         ((y) ? ((x) - 2300) : (((x) - 4800) / 5))
                                        ~~~~^~~~~~
/home/cross/kernel/android_kernel_xiaomi_lavender/drivers/net/wireless/ath/ath9k/ar9003_eeprom.c:1703:39: warning: implicit conversion from 'int' to 'u8' (aka 'unsigned char') changes value from 2960 to 144 [-Wconstant-conversion]
                        /* Data[7].ctlEdges[1].bChannel */ FREQ2FBIN(5260, 0),
                                                           ^~~~~~~~~~~~~~~~~~
/home/cross/kernel/android_kernel_xiaomi_lavender/drivers/net/wireless/ath/ath9k/eeprom.h:98:38: note: expanded from macro 'FREQ2FBIN'
#define FREQ2FBIN(x, y)         ((y) ? ((x) - 2300) : (((x) - 4800) / 5))
                                        ~~~~^~~~~~
/home/cross/kernel/android_kernel_xiaomi_lavender/drivers/net/wireless/ath/ath9k/ar9003_eeprom.c:1704:39: warning: implicit conversion from 'int' to 'u8' (aka 'unsigned char') changes value from 3020 to 204 [-Wconstant-conversion]
                        /* Data[7].ctlEdges[2].bChannel */ FREQ2FBIN(5320, 0),
                                                           ^~~~~~~~~~~~~~~~~~
/home/cross/kernel/android_kernel_xiaomi_lavender/drivers/net/wireless/ath/ath9k/eeprom.h:98:38: note: expanded from macro 'FREQ2FBIN'
#define FREQ2FBIN(x, y)         ((y) ? ((x) - 2300) : (((x) - 4800) / 5))
                                        ~~~~^~~~~~
/home/cross/kernel/android_kernel_xiaomi_lavender/drivers/net/wireless/ath/ath9k/ar9003_eeprom.c:1705:39: warning: implicit conversion from 'int' to 'u8' (aka 'unsigned char') changes value from 3200 to 128 [-Wconstant-conversion]
                        /* Data[7].ctlEdges[3].bChannel */ FREQ2FBIN(5500, 0),
                                                           ^~~~~~~~~~~~~~~~~~
/home/cross/kernel/android_kernel_xiaomi_lavender/drivers/net/wireless/ath/ath9k/eeprom.h:98:38: note: expanded from macro 'FREQ2FBIN'
#define FREQ2FBIN(x, y)         ((y) ? ((x) - 2300) : (((x) - 4800) / 5))
                                        ~~~~^~~~~~
/home/cross/kernel/android_kernel_xiaomi_lavender/drivers/net/wireless/ath/ath9k/ar9003_eeprom.c:1706:39: warning: implicit conversion from 'int' to 'u8' (aka 'unsigned char') changes value from 3260 to 188 [-Wconstant-conversion]
                        /* Data[7].ctlEdges[4].bChannel */ FREQ2FBIN(5560, 0),
                                                           ^~~~~~~~~~~~~~~~~~
/home/cross/kernel/android_kernel_xiaomi_lavender/drivers/net/wireless/ath/ath9k/eeprom.h:98:38: note: expanded from macro 'FREQ2FBIN'
#define FREQ2FBIN(x, y)         ((y) ? ((x) - 2300) : (((x) - 4800) / 5))
                                        ~~~~^~~~~~
/home/cross/kernel/android_kernel_xiaomi_lavender/drivers/net/wireless/ath/ath9k/ar9003_eeprom.c:1707:39: warning: implicit conversion from 'int' to 'u8' (aka 'unsigned char') changes value from 3400 to 72 [-Wconstant-conversion]
                        /* Data[7].ctlEdges[5].bChannel */ FREQ2FBIN(5700, 0),
                                                           ^~~~~~~~~~~~~~~~~~
/home/cross/kernel/android_kernel_xiaomi_lavender/drivers/net/wireless/ath/ath9k/eeprom.h:98:38: note: expanded from macro 'FREQ2FBIN'
#define FREQ2FBIN(x, y)         ((y) ? ((x) - 2300) : (((x) - 4800) / 5))
                                        ~~~~^~~~~~
/home/cross/kernel/android_kernel_xiaomi_lavender/drivers/net/wireless/ath/ath9k/ar9003_eeprom.c:1708:39: warning: implicit conversion from 'int' to 'u8' (aka 'unsigned char') changes value from 3445 to 117 [-Wconstant-conversion]
                        /* Data[7].ctlEdges[6].bChannel */ FREQ2FBIN(5745, 0),
                                                           ^~~~~~~~~~~~~~~~~~
/home/cross/kernel/android_kernel_xiaomi_lavender/drivers/net/wireless/ath/ath9k/eeprom.h:98:38: note: expanded from macro 'FREQ2FBIN'
#define FREQ2FBIN(x, y)         ((y) ? ((x) - 2300) : (((x) - 4800) / 5))
                                        ~~~~^~~~~~
/home/cross/kernel/android_kernel_xiaomi_lavender/drivers/net/wireless/ath/ath9k/ar9003_eeprom.c:1709:39: warning: implicit conversion from 'int' to 'u8' (aka 'unsigned char') changes value from 3525 to 197 [-Wconstant-conversion]
                        /* Data[7].ctlEdges[7].bChannel */ FREQ2FBIN(5825, 0)
                                                           ^~~~~~~~~~~~~~~~~~
/home/cross/kernel/android_kernel_xiaomi_lavender/drivers/net/wireless/ath/ath9k/eeprom.h:98:38: note: expanded from macro 'FREQ2FBIN'
#define FREQ2FBIN(x, y)         ((y) ? ((x) - 2300) : (((x) - 4800) / 5))
                                        ~~~~^~~~~~
/home/cross/kernel/android_kernel_xiaomi_lavender/drivers/net/wireless/ath/ath9k/ar9003_eeprom.c:1713:39: warning: implicit conversion from 'int' to 'u8' (aka 'unsigned char') changes value from 2890 to 74 [-Wconstant-conversion]
                        /* Data[8].ctlEdges[0].bChannel */ FREQ2FBIN(5190, 0),
                                                           ^~~~~~~~~~~~~~~~~~
/home/cross/kernel/android_kernel_xiaomi_lavender/drivers/net/wireless/ath/ath9k/eeprom.h:98:38: note: expanded from macro 'FREQ2FBIN'
#define FREQ2FBIN(x, y)         ((y) ? ((x) - 2300) : (((x) - 4800) / 5))
                                        ~~~~^~~~~~
/home/cross/kernel/android_kernel_xiaomi_lavender/drivers/net/wireless/ath/ath9k/ar9003_eeprom.c:1714:39: warning: implicit conversion from 'int' to 'u8' (aka 'unsigned char') changes value from 2930 to 114 [-Wconstant-conversion]
                        /* Data[8].ctlEdges[1].bChannel */ FREQ2FBIN(5230, 0),
                                                           ^~~~~~~~~~~~~~~~~~
/home/cross/kernel/android_kernel_xiaomi_lavender/drivers/net/wireless/ath/ath9k/eeprom.h:98:38: note: expanded from macro 'FREQ2FBIN'
#define FREQ2FBIN(x, y)         ((y) ? ((x) - 2300) : (((x) - 4800) / 5))
                                        ~~~~^~~~~~
/home/cross/kernel/android_kernel_xiaomi_lavender/drivers/net/wireless/ath/ath9k/ar9003_eeprom.c:1715:39: warning: implicit conversion from 'int' to 'u8' (aka 'unsigned char') changes value from 2970 to 154 [-Wconstant-conversion]
                        /* Data[8].ctlEdges[2].bChannel */ FREQ2FBIN(5270, 0),
                                                           ^~~~~~~~~~~~~~~~~~
/home/cross/kernel/android_kernel_xiaomi_lavender/drivers/net/wireless/ath/ath9k/eeprom.h:98:38: note: expanded from macro 'FREQ2FBIN'
#define FREQ2FBIN(x, y)         ((y) ? ((x) - 2300) : (((x) - 4800) / 5))
                                        ~~~~^~~~~~
/home/cross/kernel/android_kernel_xiaomi_lavender/drivers/net/wireless/ath/ath9k/ar9003_eeprom.c:1716:39: warning: implicit conversion from 'int' to 'u8' (aka 'unsigned char') changes value from 3210 to 138 [-Wconstant-conversion]
                        /* Data[8].ctlEdges[3].bChannel */ FREQ2FBIN(5510, 0),
                                                           ^~~~~~~~~~~~~~~~~~
/home/cross/kernel/android_kernel_xiaomi_lavender/drivers/net/wireless/ath/ath9k/eeprom.h:98:38: note: expanded from macro 'FREQ2FBIN'
#define FREQ2FBIN(x, y)         ((y) ? ((x) - 2300) : (((x) - 4800) / 5))
                                        ~~~~^~~~~~
/home/cross/kernel/android_kernel_xiaomi_lavender/drivers/net/wireless/ath/ath9k/ar9003_eeprom.c:1717:39: warning: implicit conversion from 'int' to 'u8' (aka 'unsigned char') changes value from 3250 to 178 [-Wconstant-conversion]
                        /* Data[8].ctlEdges[4].bChannel */ FREQ2FBIN(5550, 0),
                                                           ^~~~~~~~~~~~~~~~~~
/home/cross/kernel/android_kernel_xiaomi_lavender/drivers/net/wireless/ath/ath9k/eeprom.h:98:38: note: expanded from macro 'FREQ2FBIN'
#define FREQ2FBIN(x, y)         ((y) ? ((x) - 2300) : (((x) - 4800) / 5))
                                        ~~~~^~~~~~
/home/cross/kernel/android_kernel_xiaomi_lavender/drivers/net/wireless/ath/ath9k/ar9003_eeprom.c:1718:39: warning: implicit conversion from 'int' to 'u8' (aka 'unsigned char') changes value from 3370 to 42 [-Wconstant-conversion]
                        /* Data[8].ctlEdges[5].bChannel */ FREQ2FBIN(5670, 0),
                                                           ^~~~~~~~~~~~~~~~~~
/home/cross/kernel/android_kernel_xiaomi_lavender/drivers/net/wireless/ath/ath9k/eeprom.h:98:38: note: expanded from macro 'FREQ2FBIN'
#define FREQ2FBIN(x, y)         ((y) ? ((x) - 2300) : (((x) - 4800) / 5))
                                        ~~~~^~~~~~
/home/cross/kernel/android_kernel_xiaomi_lavender/drivers/net/wireless/ath/ath9k/ar9003_eeprom.c:1719:39: warning: implicit conversion from 'int' to 'u8' (aka 'unsigned char') changes value from 3455 to 127 [-Wconstant-conversion]
                        /* Data[8].ctlEdges[6].bChannel */ FREQ2FBIN(5755, 0),
                                                           ^~~~~~~~~~~~~~~~~~
/home/cross/kernel/android_kernel_xiaomi_lavender/drivers/net/wireless/ath/ath9k/eeprom.h:98:38: note: expanded from macro 'FREQ2FBIN'
#define FREQ2FBIN(x, y)         ((y) ? ((x) - 2300) : (((x) - 4800) / 5))
                                        ~~~~^~~~~~
/home/cross/kernel/android_kernel_xiaomi_lavender/drivers/net/wireless/ath/ath9k/ar9003_eeprom.c:1720:39: warning: implicit conversion from 'int' to 'u8' (aka 'unsigned char') changes value from 3495 to 167 [-Wconstant-conversion]
                        /* Data[8].ctlEdges[7].bChannel */ FREQ2FBIN(5795, 0)
                                                           ^~~~~~~~~~~~~~~~~~
/home/cross/kernel/android_kernel_xiaomi_lavender/drivers/net/wireless/ath/ath9k/eeprom.h:98:38: note: expanded from macro 'FREQ2FBIN'
#define FREQ2FBIN(x, y)         ((y) ? ((x) - 2300) : (((x) - 4800) / 5))
                                        ~~~~^~~~~~
/home/cross/kernel/android_kernel_xiaomi_lavender/drivers/net/wireless/ath/ath9k/ar9003_eeprom.c:1848:17: warning: implicit conversion from 'int' to 'u8' (aka 'unsigned char') changes value from -467 to 45 [-Wconstant-conversion]
                .spurChans = {FREQ2FBIN(2464, 1), 0, 0, 0, 0},
                             ~^~~~~~~~~~~~~~~~~~
/home/cross/kernel/android_kernel_xiaomi_lavender/drivers/net/wireless/ath/ath9k/eeprom.h:98:62: note: expanded from macro 'FREQ2FBIN'
#define FREQ2FBIN(x, y)         ((y) ? ((x) - 2300) : (((x) - 4800) / 5))
                                                       ~~~~~~~~~~~~~^~~
/home/cross/kernel/android_kernel_xiaomi_lavender/drivers/net/wireless/ath/ath9k/ar9003_eeprom.c:1882:3: warning: implicit conversion from 'int' to 'u8' (aka 'unsigned char') changes value from -477 to 35 [-Wconstant-conversion]
                FREQ2FBIN(2412, 1),
                ^~~~~~~~~~~~~~~~~~
/home/cross/kernel/android_kernel_xiaomi_lavender/drivers/net/wireless/ath/ath9k/eeprom.h:98:62: note: expanded from macro 'FREQ2FBIN'
#define FREQ2FBIN(x, y)         ((y) ? ((x) - 2300) : (((x) - 4800) / 5))
                                                       ~~~~~~~~~~~~~^~~
/home/cross/kernel/android_kernel_xiaomi_lavender/drivers/net/wireless/ath/ath9k/ar9003_eeprom.c:1883:3: warning: implicit conversion from 'int' to 'u8' (aka 'unsigned char') changes value from -472 to 40 [-Wconstant-conversion]
                FREQ2FBIN(2437, 1),
                ^~~~~~~~~~~~~~~~~~
/home/cross/kernel/android_kernel_xiaomi_lavender/drivers/net/wireless/ath/ath9k/eeprom.h:98:62: note: expanded from macro 'FREQ2FBIN'
#define FREQ2FBIN(x, y)         ((y) ? ((x) - 2300) : (((x) - 4800) / 5))
                                                       ~~~~~~~~~~~~~^~~
/home/cross/kernel/android_kernel_xiaomi_lavender/drivers/net/wireless/ath/ath9k/ar9003_eeprom.c:1884:3: warning: implicit conversion from 'int' to 'u8' (aka 'unsigned char') changes value from -465 to 47 [-Wconstant-conversion]
                FREQ2FBIN(2472, 1),
                ^~~~~~~~~~~~~~~~~~
/home/cross/kernel/android_kernel_xiaomi_lavender/drivers/net/wireless/ath/ath9k/eeprom.h:98:62: note: expanded from macro 'FREQ2FBIN'
#define FREQ2FBIN(x, y)         ((y) ? ((x) - 2300) : (((x) - 4800) / 5))
                                                       ~~~~~~~~~~~~~^~~
/home/cross/kernel/android_kernel_xiaomi_lavender/drivers/net/wireless/ath/ath9k/ar9003_eeprom.c:1893:3: warning: implicit conversion from 'int' to 'u8' (aka 'unsigned char') changes value from -477 to 35 [-Wconstant-conversion]
                FREQ2FBIN(2412, 1),
                ^~~~~~~~~~~~~~~~~~
/home/cross/kernel/android_kernel_xiaomi_lavender/drivers/net/wireless/ath/ath9k/eeprom.h:98:62: note: expanded from macro 'FREQ2FBIN'
#define FREQ2FBIN(x, y)         ((y) ? ((x) - 2300) : (((x) - 4800) / 5))
                                                       ~~~~~~~~~~~~~^~~
/home/cross/kernel/android_kernel_xiaomi_lavender/drivers/net/wireless/ath/ath9k/ar9003_eeprom.c:1894:3: warning: implicit conversion from 'int' to 'u8' (aka 'unsigned char') changes value from -465 to 47 [-Wconstant-conversion]
                FREQ2FBIN(2472, 1),
                ^~~~~~~~~~~~~~~~~~
/home/cross/kernel/android_kernel_xiaomi_lavender/drivers/net/wireless/ath/ath9k/eeprom.h:98:62: note: expanded from macro 'FREQ2FBIN'
#define FREQ2FBIN(x, y)         ((y) ? ((x) - 2300) : (((x) - 4800) / 5))
                                                       ~~~~~~~~~~~~~^~~
/home/cross/kernel/android_kernel_xiaomi_lavender/drivers/net/wireless/ath/ath9k/ar9003_eeprom.c:1897:3: warning: implicit conversion from 'int' to 'u8' (aka 'unsigned char') changes value from -477 to 35 [-Wconstant-conversion]
                FREQ2FBIN(2412, 1),
                ^~~~~~~~~~~~~~~~~~
/home/cross/kernel/android_kernel_xiaomi_lavender/drivers/net/wireless/ath/ath9k/eeprom.h:98:62: note: expanded from macro 'FREQ2FBIN'
#define FREQ2FBIN(x, y)         ((y) ? ((x) - 2300) : (((x) - 4800) / 5))
                                                       ~~~~~~~~~~~~~^~~
/home/cross/kernel/android_kernel_xiaomi_lavender/drivers/net/wireless/ath/ath9k/ar9003_eeprom.c:1898:3: warning: implicit conversion from 'int' to 'u8' (aka 'unsigned char') changes value from -472 to 40 [-Wconstant-conversion]
                FREQ2FBIN(2437, 1),
                ^~~~~~~~~~~~~~~~~~
/home/cross/kernel/android_kernel_xiaomi_lavender/drivers/net/wireless/ath/ath9k/eeprom.h:98:62: note: expanded from macro 'FREQ2FBIN'
#define FREQ2FBIN(x, y)         ((y) ? ((x) - 2300) : (((x) - 4800) / 5))
                                                       ~~~~~~~~~~~~~^~~
/home/cross/kernel/android_kernel_xiaomi_lavender/drivers/net/wireless/ath/ath9k/ar9003_eeprom.c:1899:3: warning: implicit conversion from 'int' to 'u8' (aka 'unsigned char') changes value from -465 to 47 [-Wconstant-conversion]
                FREQ2FBIN(2472, 1)
                ^~~~~~~~~~~~~~~~~~
/home/cross/kernel/android_kernel_xiaomi_lavender/drivers/net/wireless/ath/ath9k/eeprom.h:98:62: note: expanded from macro 'FREQ2FBIN'
#define FREQ2FBIN(x, y)         ((y) ? ((x) - 2300) : (((x) - 4800) / 5))
                                                       ~~~~~~~~~~~~~^~~
/home/cross/kernel/android_kernel_xiaomi_lavender/drivers/net/wireless/ath/ath9k/ar9003_eeprom.c:1902:3: warning: implicit conversion from 'int' to 'u8' (aka 'unsigned char') changes value from -477 to 35 [-Wconstant-conversion]
                FREQ2FBIN(2412, 1),
                ^~~~~~~~~~~~~~~~~~
/home/cross/kernel/android_kernel_xiaomi_lavender/drivers/net/wireless/ath/ath9k/eeprom.h:98:62: note: expanded from macro 'FREQ2FBIN'
#define FREQ2FBIN(x, y)         ((y) ? ((x) - 2300) : (((x) - 4800) / 5))
                                                       ~~~~~~~~~~~~~^~~
/home/cross/kernel/android_kernel_xiaomi_lavender/drivers/net/wireless/ath/ath9k/ar9003_eeprom.c:1903:3: warning: implicit conversion from 'int' to 'u8' (aka 'unsigned char') changes value from -472 to 40 [-Wconstant-conversion]
                FREQ2FBIN(2437, 1),
                ^~~~~~~~~~~~~~~~~~
/home/cross/kernel/android_kernel_xiaomi_lavender/drivers/net/wireless/ath/ath9k/eeprom.h:98:62: note: expanded from macro 'FREQ2FBIN'
#define FREQ2FBIN(x, y)         ((y) ? ((x) - 2300) : (((x) - 4800) / 5))
                                                       ~~~~~~~~~~~~~^~~
/home/cross/kernel/android_kernel_xiaomi_lavender/drivers/net/wireless/ath/ath9k/ar9003_eeprom.c:1904:3: warning: implicit conversion from 'int' to 'u8' (aka 'unsigned char') changes value from -465 to 47 [-Wconstant-conversion]
                FREQ2FBIN(2472, 1)
                ^~~~~~~~~~~~~~~~~~
/home/cross/kernel/android_kernel_xiaomi_lavender/drivers/net/wireless/ath/ath9k/eeprom.h:98:62: note: expanded from macro 'FREQ2FBIN'
#define FREQ2FBIN(x, y)         ((y) ? ((x) - 2300) : (((x) - 4800) / 5))
                                                       ~~~~~~~~~~~~~^~~
/home/cross/kernel/android_kernel_xiaomi_lavender/drivers/net/wireless/ath/ath9k/ar9003_eeprom.c:1907:3: warning: implicit conversion from 'int' to 'u8' (aka 'unsigned char') changes value from -477 to 35 [-Wconstant-conversion]
                FREQ2FBIN(2412, 1),
                ^~~~~~~~~~~~~~~~~~
/home/cross/kernel/android_kernel_xiaomi_lavender/drivers/net/wireless/ath/ath9k/eeprom.h:98:62: note: expanded from macro 'FREQ2FBIN'
#define FREQ2FBIN(x, y)         ((y) ? ((x) - 2300) : (((x) - 4800) / 5))
                                                       ~~~~~~~~~~~~~^~~
/home/cross/kernel/android_kernel_xiaomi_lavender/drivers/net/wireless/ath/ath9k/ar9003_eeprom.c:1908:3: warning: implicit conversion from 'int' to 'u8' (aka 'unsigned char') changes value from -472 to 40 [-Wconstant-conversion]
                FREQ2FBIN(2437, 1),
                ^~~~~~~~~~~~~~~~~~
/home/cross/kernel/android_kernel_xiaomi_lavender/drivers/net/wireless/ath/ath9k/eeprom.h:98:62: note: expanded from macro 'FREQ2FBIN'
#define FREQ2FBIN(x, y)         ((y) ? ((x) - 2300) : (((x) - 4800) / 5))
                                                       ~~~~~~~~~~~~~^~~
/home/cross/kernel/android_kernel_xiaomi_lavender/drivers/net/wireless/ath/ath9k/ar9003_eeprom.c:1909:3: warning: implicit conversion from 'int' to 'u8' (aka 'unsigned char') changes value from -465 to 47 [-Wconstant-conversion]
                FREQ2FBIN(2472, 1)
                ^~~~~~~~~~~~~~~~~~
/home/cross/kernel/android_kernel_xiaomi_lavender/drivers/net/wireless/ath/ath9k/eeprom.h:98:62: note: expanded from macro 'FREQ2FBIN'
#define FREQ2FBIN(x, y)         ((y) ? ((x) - 2300) : (((x) - 4800) / 5))
                                                       ~~~~~~~~~~~~~^~~
/home/cross/kernel/android_kernel_xiaomi_lavender/drivers/net/wireless/ath/ath9k/ar9003_eeprom.c:1938:4: warning: implicit conversion from 'int' to 'u8' (aka 'unsigned char') changes value from -477 to 35 [-Wconstant-conversion]
                        FREQ2FBIN(2412, 1),
                        ^~~~~~~~~~~~~~~~~~
/home/cross/kernel/android_kernel_xiaomi_lavender/drivers/net/wireless/ath/ath9k/eeprom.h:98:62: note: expanded from macro 'FREQ2FBIN'
#define FREQ2FBIN(x, y)         ((y) ? ((x) - 2300) : (((x) - 4800) / 5))
                                                       ~~~~~~~~~~~~~^~~
/home/cross/kernel/android_kernel_xiaomi_lavender/drivers/net/wireless/ath/ath9k/ar9003_eeprom.c:1939:4: warning: implicit conversion from 'int' to 'u8' (aka 'unsigned char') changes value from -476 to 36 [-Wconstant-conversion]
                        FREQ2FBIN(2417, 1),
                        ^~~~~~~~~~~~~~~~~~
/home/cross/kernel/android_kernel_xiaomi_lavender/drivers/net/wireless/ath/ath9k/eeprom.h:98:62: note: expanded from macro 'FREQ2FBIN'
#define FREQ2FBIN(x, y)         ((y) ? ((x) - 2300) : (((x) - 4800) / 5))
                                                       ~~~~~~~~~~~~~^~~
/home/cross/kernel/android_kernel_xiaomi_lavender/drivers/net/wireless/ath/ath9k/ar9003_eeprom.c:1940:4: warning: implicit conversion from 'int' to 'u8' (aka 'unsigned char') changes value from -468 to 44 [-Wconstant-conversion]
                        FREQ2FBIN(2457, 1),
                        ^~~~~~~~~~~~~~~~~~
/home/cross/kernel/android_kernel_xiaomi_lavender/drivers/net/wireless/ath/ath9k/eeprom.h:98:62: note: expanded from macro 'FREQ2FBIN'
#define FREQ2FBIN(x, y)         ((y) ? ((x) - 2300) : (((x) - 4800) / 5))
                                                       ~~~~~~~~~~~~~^~~
/home/cross/kernel/android_kernel_xiaomi_lavender/drivers/net/wireless/ath/ath9k/ar9003_eeprom.c:1941:4: warning: implicit conversion from 'int' to 'u8' (aka 'unsigned char') changes value from -467 to 45 [-Wconstant-conversion]
                        FREQ2FBIN(2462, 1)
                        ^~~~~~~~~~~~~~~~~~
/home/cross/kernel/android_kernel_xiaomi_lavender/drivers/net/wireless/ath/ath9k/eeprom.h:98:62: note: expanded from macro 'FREQ2FBIN'
#define FREQ2FBIN(x, y)         ((y) ? ((x) - 2300) : (((x) - 4800) / 5))
                                                       ~~~~~~~~~~~~~^~~
/home/cross/kernel/android_kernel_xiaomi_lavender/drivers/net/wireless/ath/ath9k/ar9003_eeprom.c:1944:4: warning: implicit conversion from 'int' to 'u8' (aka 'unsigned char') changes value from -477 to 35 [-Wconstant-conversion]
                        FREQ2FBIN(2412, 1),
                        ^~~~~~~~~~~~~~~~~~
/home/cross/kernel/android_kernel_xiaomi_lavender/drivers/net/wireless/ath/ath9k/eeprom.h:98:62: note: expanded from macro 'FREQ2FBIN'
#define FREQ2FBIN(x, y)         ((y) ? ((x) - 2300) : (((x) - 4800) / 5))
                                                       ~~~~~~~~~~~~~^~~
/home/cross/kernel/android_kernel_xiaomi_lavender/drivers/net/wireless/ath/ath9k/ar9003_eeprom.c:1945:4: warning: implicit conversion from 'int' to 'u8' (aka 'unsigned char') changes value from -476 to 36 [-Wconstant-conversion]
                        FREQ2FBIN(2417, 1),
                        ^~~~~~~~~~~~~~~~~~
/home/cross/kernel/android_kernel_xiaomi_lavender/drivers/net/wireless/ath/ath9k/eeprom.h:98:62: note: expanded from macro 'FREQ2FBIN'
#define FREQ2FBIN(x, y)         ((y) ? ((x) - 2300) : (((x) - 4800) / 5))
                                                       ~~~~~~~~~~~~~^~~
/home/cross/kernel/android_kernel_xiaomi_lavender/drivers/net/wireless/ath/ath9k/ar9003_eeprom.c:1946:4: warning: implicit conversion from 'int' to 'u8' (aka 'unsigned char') changes value from -467 to 45 [-Wconstant-conversion]
                        FREQ2FBIN(2462, 1),
                        ^~~~~~~~~~~~~~~~~~
/home/cross/kernel/android_kernel_xiaomi_lavender/drivers/net/wireless/ath/ath9k/eeprom.h:98:62: note: expanded from macro 'FREQ2FBIN'
#define FREQ2FBIN(x, y)         ((y) ? ((x) - 2300) : (((x) - 4800) / 5))
                                                       ~~~~~~~~~~~~~^~~
/home/cross/kernel/android_kernel_xiaomi_lavender/drivers/net/wireless/ath/ath9k/ar9003_eeprom.c:1951:4: warning: implicit conversion from 'int' to 'u8' (aka 'unsigned char') changes value from -477 to 35 [-Wconstant-conversion]
                        FREQ2FBIN(2412, 1),
                        ^~~~~~~~~~~~~~~~~~
/home/cross/kernel/android_kernel_xiaomi_lavender/drivers/net/wireless/ath/ath9k/eeprom.h:98:62: note: expanded from macro 'FREQ2FBIN'
#define FREQ2FBIN(x, y)         ((y) ? ((x) - 2300) : (((x) - 4800) / 5))
                                                       ~~~~~~~~~~~~~^~~
/home/cross/kernel/android_kernel_xiaomi_lavender/drivers/net/wireless/ath/ath9k/ar9003_eeprom.c:1952:4: warning: implicit conversion from 'int' to 'u8' (aka 'unsigned char') changes value from -476 to 36 [-Wconstant-conversion]
                        FREQ2FBIN(2417, 1),
                        ^~~~~~~~~~~~~~~~~~
/home/cross/kernel/android_kernel_xiaomi_lavender/drivers/net/wireless/ath/ath9k/eeprom.h:98:62: note: expanded from macro 'FREQ2FBIN'
#define FREQ2FBIN(x, y)         ((y) ? ((x) - 2300) : (((x) - 4800) / 5))
                                                       ~~~~~~~~~~~~~^~~
/home/cross/kernel/android_kernel_xiaomi_lavender/drivers/net/wireless/ath/ath9k/ar9003_eeprom.c:1953:4: warning: implicit conversion from 'int' to 'u8' (aka 'unsigned char') changes value from -467 to 45 [-Wconstant-conversion]
                        FREQ2FBIN(2462, 1),
                        ^~~~~~~~~~~~~~~~~~
/home/cross/kernel/android_kernel_xiaomi_lavender/drivers/net/wireless/ath/ath9k/eeprom.h:98:62: note: expanded from macro 'FREQ2FBIN'
#define FREQ2FBIN(x, y)         ((y) ? ((x) - 2300) : (((x) - 4800) / 5))
                                                       ~~~~~~~~~~~~~^~~
/home/cross/kernel/android_kernel_xiaomi_lavender/drivers/net/wireless/ath/ath9k/ar9003_eeprom.c:1957:4: warning: implicit conversion from 'int' to 'u8' (aka 'unsigned char') changes value from -475 to 37 [-Wconstant-conversion]
                        FREQ2FBIN(2422, 1),
                        ^~~~~~~~~~~~~~~~~~
/home/cross/kernel/android_kernel_xiaomi_lavender/drivers/net/wireless/ath/ath9k/eeprom.h:98:62: note: expanded from macro 'FREQ2FBIN'
#define FREQ2FBIN(x, y)         ((y) ? ((x) - 2300) : (((x) - 4800) / 5))
                                                       ~~~~~~~~~~~~~^~~
/home/cross/kernel/android_kernel_xiaomi_lavender/drivers/net/wireless/ath/ath9k/ar9003_eeprom.c:1958:4: warning: implicit conversion from 'int' to 'u8' (aka 'unsigned char') changes value from -474 to 38 [-Wconstant-conversion]
                        FREQ2FBIN(2427, 1),
                        ^~~~~~~~~~~~~~~~~~
/home/cross/kernel/android_kernel_xiaomi_lavender/drivers/net/wireless/ath/ath9k/eeprom.h:98:62: note: expanded from macro 'FREQ2FBIN'
#define FREQ2FBIN(x, y)         ((y) ? ((x) - 2300) : (((x) - 4800) / 5))
                                                       ~~~~~~~~~~~~~^~~
/home/cross/kernel/android_kernel_xiaomi_lavender/drivers/net/wireless/ath/ath9k/ar9003_eeprom.c:1959:4: warning: implicit conversion from 'int' to 'u8' (aka 'unsigned char') changes value from -470 to 42 [-Wconstant-conversion]
                        FREQ2FBIN(2447, 1),
                        ^~~~~~~~~~~~~~~~~~
/home/cross/kernel/android_kernel_xiaomi_lavender/drivers/net/wireless/ath/ath9k/eeprom.h:98:62: note: expanded from macro 'FREQ2FBIN'
#define FREQ2FBIN(x, y)         ((y) ? ((x) - 2300) : (((x) - 4800) / 5))
                                                       ~~~~~~~~~~~~~^~~
/home/cross/kernel/android_kernel_xiaomi_lavender/drivers/net/wireless/ath/ath9k/ar9003_eeprom.c:1960:4: warning: implicit conversion from 'int' to 'u8' (aka 'unsigned char') changes value from -469 to 43 [-Wconstant-conversion]
                        FREQ2FBIN(2452, 1)
                        ^~~~~~~~~~~~~~~~~~
/home/cross/kernel/android_kernel_xiaomi_lavender/drivers/net/wireless/ath/ath9k/eeprom.h:98:62: note: expanded from macro 'FREQ2FBIN'
#define FREQ2FBIN(x, y)         ((y) ? ((x) - 2300) : (((x) - 4800) / 5))
                                                       ~~~~~~~~~~~~~^~~
/home/cross/kernel/android_kernel_xiaomi_lavender/drivers/net/wireless/ath/ath9k/ar9003_eeprom.c:1964:39: warning: implicit conversion from 'int' to 'u8' (aka 'unsigned char') changes value from -477 to 35 [-Wconstant-conversion]
                        /* Data[4].ctledges[0].bchannel */ FREQ2FBIN(2412, 1),
                                                           ^~~~~~~~~~~~~~~~~~
/home/cross/kernel/android_kernel_xiaomi_lavender/drivers/net/wireless/ath/ath9k/eeprom.h:98:62: note: expanded from macro 'FREQ2FBIN'
#define FREQ2FBIN(x, y)         ((y) ? ((x) - 2300) : (((x) - 4800) / 5))
                                                       ~~~~~~~~~~~~~^~~
/home/cross/kernel/android_kernel_xiaomi_lavender/drivers/net/wireless/ath/ath9k/ar9003_eeprom.c:1965:39: warning: implicit conversion from 'int' to 'u8' (aka 'unsigned char') changes value from -476 to 36 [-Wconstant-conversion]
                        /* Data[4].ctledges[1].bchannel */ FREQ2FBIN(2417, 1),
                                                           ^~~~~~~~~~~~~~~~~~
/home/cross/kernel/android_kernel_xiaomi_lavender/drivers/net/wireless/ath/ath9k/eeprom.h:98:62: note: expanded from macro 'FREQ2FBIN'
#define FREQ2FBIN(x, y)         ((y) ? ((x) - 2300) : (((x) - 4800) / 5))
                                                       ~~~~~~~~~~~~~^~~
/home/cross/kernel/android_kernel_xiaomi_lavender/drivers/net/wireless/ath/ath9k/ar9003_eeprom.c:1966:39: warning: implicit conversion from 'int' to 'u8' (aka 'unsigned char') changes value from -465 to 47 [-Wconstant-conversion]
                        /* Data[4].ctledges[2].bchannel */ FREQ2FBIN(2472, 1),
                                                           ^~~~~~~~~~~~~~~~~~
/home/cross/kernel/android_kernel_xiaomi_lavender/drivers/net/wireless/ath/ath9k/eeprom.h:98:62: note: expanded from macro 'FREQ2FBIN'
#define FREQ2FBIN(x, y)         ((y) ? ((x) - 2300) : (((x) - 4800) / 5))
                                                       ~~~~~~~~~~~~~^~~
/home/cross/kernel/android_kernel_xiaomi_lavender/drivers/net/wireless/ath/ath9k/ar9003_eeprom.c:1967:39: warning: implicit conversion from 'int' to 'u8' (aka 'unsigned char') changes value from -463 to 49 [-Wconstant-conversion]
                        /* Data[4].ctledges[3].bchannel */ FREQ2FBIN(2484, 1),
                                                           ^~~~~~~~~~~~~~~~~~
/home/cross/kernel/android_kernel_xiaomi_lavender/drivers/net/wireless/ath/ath9k/eeprom.h:98:62: note: expanded from macro 'FREQ2FBIN'
#define FREQ2FBIN(x, y)         ((y) ? ((x) - 2300) : (((x) - 4800) / 5))
                                                       ~~~~~~~~~~~~~^~~
/home/cross/kernel/android_kernel_xiaomi_lavender/drivers/net/wireless/ath/ath9k/ar9003_eeprom.c:1971:39: warning: implicit conversion from 'int' to 'u8' (aka 'unsigned char') changes value from -477 to 35 [-Wconstant-conversion]
                        /* Data[5].ctledges[0].bchannel */ FREQ2FBIN(2412, 1),
                                                           ^~~~~~~~~~~~~~~~~~
/home/cross/kernel/android_kernel_xiaomi_lavender/drivers/net/wireless/ath/ath9k/eeprom.h:98:62: note: expanded from macro 'FREQ2FBIN'
#define FREQ2FBIN(x, y)         ((y) ? ((x) - 2300) : (((x) - 4800) / 5))
                                                       ~~~~~~~~~~~~~^~~
/home/cross/kernel/android_kernel_xiaomi_lavender/drivers/net/wireless/ath/ath9k/ar9003_eeprom.c:1972:39: warning: implicit conversion from 'int' to 'u8' (aka 'unsigned char') changes value from -476 to 36 [-Wconstant-conversion]
                        /* Data[5].ctledges[1].bchannel */ FREQ2FBIN(2417, 1),
                                                           ^~~~~~~~~~~~~~~~~~
/home/cross/kernel/android_kernel_xiaomi_lavender/drivers/net/wireless/ath/ath9k/eeprom.h:98:62: note: expanded from macro 'FREQ2FBIN'
#define FREQ2FBIN(x, y)         ((y) ? ((x) - 2300) : (((x) - 4800) / 5))
                                                       ~~~~~~~~~~~~~^~~
/home/cross/kernel/android_kernel_xiaomi_lavender/drivers/net/wireless/ath/ath9k/ar9003_eeprom.c:1973:39: warning: implicit conversion from 'int' to 'u8' (aka 'unsigned char') changes value from -465 to 47 [-Wconstant-conversion]
                        /* Data[5].ctledges[2].bchannel */ FREQ2FBIN(2472, 1),
                                                           ^~~~~~~~~~~~~~~~~~
/home/cross/kernel/android_kernel_xiaomi_lavender/drivers/net/wireless/ath/ath9k/eeprom.h:98:62: note: expanded from macro 'FREQ2FBIN'
#define FREQ2FBIN(x, y)         ((y) ? ((x) - 2300) : (((x) - 4800) / 5))
                                                       ~~~~~~~~~~~~~^~~
/home/cross/kernel/android_kernel_xiaomi_lavender/drivers/net/wireless/ath/ath9k/ar9003_eeprom.c:1978:39: warning: implicit conversion from 'int' to 'u8' (aka 'unsigned char') changes value from -477 to 35 [-Wconstant-conversion]
                        /* Data[6].ctledges[0].bchannel */ FREQ2FBIN(2412, 1),
                                                           ^~~~~~~~~~~~~~~~~~
/home/cross/kernel/android_kernel_xiaomi_lavender/drivers/net/wireless/ath/ath9k/eeprom.h:98:62: note: expanded from macro 'FREQ2FBIN'
#define FREQ2FBIN(x, y)         ((y) ? ((x) - 2300) : (((x) - 4800) / 5))
                                                       ~~~~~~~~~~~~~^~~
/home/cross/kernel/android_kernel_xiaomi_lavender/drivers/net/wireless/ath/ath9k/ar9003_eeprom.c:1979:39: warning: implicit conversion from 'int' to 'u8' (aka 'unsigned char') changes value from -476 to 36 [-Wconstant-conversion]
                        /* Data[6].ctledges[1].bchannel */ FREQ2FBIN(2417, 1),
                                                           ^~~~~~~~~~~~~~~~~~
/home/cross/kernel/android_kernel_xiaomi_lavender/drivers/net/wireless/ath/ath9k/eeprom.h:98:62: note: expanded from macro 'FREQ2FBIN'
#define FREQ2FBIN(x, y)         ((y) ? ((x) - 2300) : (((x) - 4800) / 5))
                                                       ~~~~~~~~~~~~~^~~
/home/cross/kernel/android_kernel_xiaomi_lavender/drivers/net/wireless/ath/ath9k/ar9003_eeprom.c:1980:4: warning: implicit conversion from 'int' to 'u8' (aka 'unsigned char') changes value from -465 to 47 [-Wconstant-conversion]
                        FREQ2FBIN(2472, 1),
                        ^~~~~~~~~~~~~~~~~~
/home/cross/kernel/android_kernel_xiaomi_lavender/drivers/net/wireless/ath/ath9k/eeprom.h:98:62: note: expanded from macro 'FREQ2FBIN'
#define FREQ2FBIN(x, y)         ((y) ? ((x) - 2300) : (((x) - 4800) / 5))
                                                       ~~~~~~~~~~~~~^~~
/home/cross/kernel/android_kernel_xiaomi_lavender/drivers/net/wireless/ath/ath9k/ar9003_eeprom.c:1985:39: warning: implicit conversion from 'int' to 'u8' (aka 'unsigned char') changes value from -475 to 37 [-Wconstant-conversion]
                        /* Data[7].ctledges[0].bchannel */ FREQ2FBIN(2422, 1),
                                                           ^~~~~~~~~~~~~~~~~~
/home/cross/kernel/android_kernel_xiaomi_lavender/drivers/net/wireless/ath/ath9k/eeprom.h:98:62: note: expanded from macro 'FREQ2FBIN'
#define FREQ2FBIN(x, y)         ((y) ? ((x) - 2300) : (((x) - 4800) / 5))
                                                       ~~~~~~~~~~~~~^~~
/home/cross/kernel/android_kernel_xiaomi_lavender/drivers/net/wireless/ath/ath9k/ar9003_eeprom.c:1986:39: warning: implicit conversion from 'int' to 'u8' (aka 'unsigned char') changes value from -474 to 38 [-Wconstant-conversion]
                        /* Data[7].ctledges[1].bchannel */ FREQ2FBIN(2427, 1),
                                                           ^~~~~~~~~~~~~~~~~~
/home/cross/kernel/android_kernel_xiaomi_lavender/drivers/net/wireless/ath/ath9k/eeprom.h:98:62: note: expanded from macro 'FREQ2FBIN'
#define FREQ2FBIN(x, y)         ((y) ? ((x) - 2300) : (((x) - 4800) / 5))
                                                       ~~~~~~~~~~~~~^~~
/home/cross/kernel/android_kernel_xiaomi_lavender/drivers/net/wireless/ath/ath9k/ar9003_eeprom.c:1987:39: warning: implicit conversion from 'int' to 'u8' (aka 'unsigned char') changes value from -470 to 42 [-Wconstant-conversion]
                        /* Data[7].ctledges[2].bchannel */ FREQ2FBIN(2447, 1),
                                                           ^~~~~~~~~~~~~~~~~~
/home/cross/kernel/android_kernel_xiaomi_lavender/drivers/net/wireless/ath/ath9k/eeprom.h:98:62: note: expanded from macro 'FREQ2FBIN'
#define FREQ2FBIN(x, y)         ((y) ? ((x) - 2300) : (((x) - 4800) / 5))
                                                       ~~~~~~~~~~~~~^~~
/home/cross/kernel/android_kernel_xiaomi_lavender/drivers/net/wireless/ath/ath9k/ar9003_eeprom.c:1988:39: warning: implicit conversion from 'int' to 'u8' (aka 'unsigned char') changes value from -467 to 45 [-Wconstant-conversion]
                        /* Data[7].ctledges[3].bchannel */ FREQ2FBIN(2462, 1),
                                                           ^~~~~~~~~~~~~~~~~~
/home/cross/kernel/android_kernel_xiaomi_lavender/drivers/net/wireless/ath/ath9k/eeprom.h:98:62: note: expanded from macro 'FREQ2FBIN'
#define FREQ2FBIN(x, y)         ((y) ? ((x) - 2300) : (((x) - 4800) / 5))
                                                       ~~~~~~~~~~~~~^~~
/home/cross/kernel/android_kernel_xiaomi_lavender/drivers/net/wireless/ath/ath9k/ar9003_eeprom.c:1992:39: warning: implicit conversion from 'int' to 'u8' (aka 'unsigned char') changes value from -477 to 35 [-Wconstant-conversion]
                        /* Data[8].ctledges[0].bchannel */ FREQ2FBIN(2412, 1),
                                                           ^~~~~~~~~~~~~~~~~~
/home/cross/kernel/android_kernel_xiaomi_lavender/drivers/net/wireless/ath/ath9k/eeprom.h:98:62: note: expanded from macro 'FREQ2FBIN'
#define FREQ2FBIN(x, y)         ((y) ? ((x) - 2300) : (((x) - 4800) / 5))
                                                       ~~~~~~~~~~~~~^~~
/home/cross/kernel/android_kernel_xiaomi_lavender/drivers/net/wireless/ath/ath9k/ar9003_eeprom.c:1993:39: warning: implicit conversion from 'int' to 'u8' (aka 'unsigned char') changes value from -476 to 36 [-Wconstant-conversion]
                        /* Data[8].ctledges[1].bchannel */ FREQ2FBIN(2417, 1),
                                                           ^~~~~~~~~~~~~~~~~~
/home/cross/kernel/android_kernel_xiaomi_lavender/drivers/net/wireless/ath/ath9k/eeprom.h:98:62: note: expanded from macro 'FREQ2FBIN'
#define FREQ2FBIN(x, y)         ((y) ? ((x) - 2300) : (((x) - 4800) / 5))
                                                       ~~~~~~~~~~~~~^~~
/home/cross/kernel/android_kernel_xiaomi_lavender/drivers/net/wireless/ath/ath9k/ar9003_eeprom.c:1994:39: warning: implicit conversion from 'int' to 'u8' (aka 'unsigned char') changes value from -465 to 47 [-Wconstant-conversion]
                        /* Data[8].ctledges[2].bchannel */ FREQ2FBIN(2472, 1),
                                                           ^~~~~~~~~~~~~~~~~~
/home/cross/kernel/android_kernel_xiaomi_lavender/drivers/net/wireless/ath/ath9k/eeprom.h:98:62: note: expanded from macro 'FREQ2FBIN'
#define FREQ2FBIN(x, y)         ((y) ? ((x) - 2300) : (((x) - 4800) / 5))
                                                       ~~~~~~~~~~~~~^~~
/home/cross/kernel/android_kernel_xiaomi_lavender/drivers/net/wireless/ath/ath9k/ar9003_eeprom.c:1998:39: warning: implicit conversion from 'int' to 'u8' (aka 'unsigned char') changes value from -477 to 35 [-Wconstant-conversion]
                        /* Data[9].ctledges[0].bchannel */ FREQ2FBIN(2412, 1),
                                                           ^~~~~~~~~~~~~~~~~~
/home/cross/kernel/android_kernel_xiaomi_lavender/drivers/net/wireless/ath/ath9k/eeprom.h:98:62: note: expanded from macro 'FREQ2FBIN'
#define FREQ2FBIN(x, y)         ((y) ? ((x) - 2300) : (((x) - 4800) / 5))
                                                       ~~~~~~~~~~~~~^~~
/home/cross/kernel/android_kernel_xiaomi_lavender/drivers/net/wireless/ath/ath9k/ar9003_eeprom.c:1999:39: warning: implicit conversion from 'int' to 'u8' (aka 'unsigned char') changes value from -476 to 36 [-Wconstant-conversion]
                        /* Data[9].ctledges[1].bchannel */ FREQ2FBIN(2417, 1),
                                                           ^~~~~~~~~~~~~~~~~~
/home/cross/kernel/android_kernel_xiaomi_lavender/drivers/net/wireless/ath/ath9k/eeprom.h:98:62: note: expanded from macro 'FREQ2FBIN'
#define FREQ2FBIN(x, y)         ((y) ? ((x) - 2300) : (((x) - 4800) / 5))
                                                       ~~~~~~~~~~~~~^~~
/home/cross/kernel/android_kernel_xiaomi_lavender/drivers/net/wireless/ath/ath9k/ar9003_eeprom.c:2000:39: warning: implicit conversion from 'int' to 'u8' (aka 'unsigned char') changes value from -465 to 47 [-Wconstant-conversion]
                        /* Data[9].ctledges[2].bchannel */ FREQ2FBIN(2472, 1),
                                                           ^~~~~~~~~~~~~~~~~~
/home/cross/kernel/android_kernel_xiaomi_lavender/drivers/net/wireless/ath/ath9k/eeprom.h:98:62: note: expanded from macro 'FREQ2FBIN'
#define FREQ2FBIN(x, y)         ((y) ? ((x) - 2300) : (((x) - 4800) / 5))
                                                       ~~~~~~~~~~~~~^~~
/home/cross/kernel/android_kernel_xiaomi_lavender/drivers/net/wireless/ath/ath9k/ar9003_eeprom.c:2005:40: warning: implicit conversion from 'int' to 'u8' (aka 'unsigned char') changes value from -477 to 35 [-Wconstant-conversion]
                        /* Data[10].ctledges[0].bchannel */ FREQ2FBIN(2412, 1),
                                                            ^~~~~~~~~~~~~~~~~~
/home/cross/kernel/android_kernel_xiaomi_lavender/drivers/net/wireless/ath/ath9k/eeprom.h:98:62: note: expanded from macro 'FREQ2FBIN'
#define FREQ2FBIN(x, y)         ((y) ? ((x) - 2300) : (((x) - 4800) / 5))
                                                       ~~~~~~~~~~~~~^~~
/home/cross/kernel/android_kernel_xiaomi_lavender/drivers/net/wireless/ath/ath9k/ar9003_eeprom.c:2006:40: warning: implicit conversion from 'int' to 'u8' (aka 'unsigned char') changes value from -476 to 36 [-Wconstant-conversion]
                        /* Data[10].ctledges[1].bchannel */ FREQ2FBIN(2417, 1),
                                                            ^~~~~~~~~~~~~~~~~~
/home/cross/kernel/android_kernel_xiaomi_lavender/drivers/net/wireless/ath/ath9k/eeprom.h:98:62: note: expanded from macro 'FREQ2FBIN'
#define FREQ2FBIN(x, y)         ((y) ? ((x) - 2300) : (((x) - 4800) / 5))
                                                       ~~~~~~~~~~~~~^~~
/home/cross/kernel/android_kernel_xiaomi_lavender/drivers/net/wireless/ath/ath9k/ar9003_eeprom.c:2007:40: warning: implicit conversion from 'int' to 'u8' (aka 'unsigned char') changes value from -465 to 47 [-Wconstant-conversion]
                        /* Data[10].ctledges[2].bchannel */ FREQ2FBIN(2472, 1),
                                                            ^~~~~~~~~~~~~~~~~~
/home/cross/kernel/android_kernel_xiaomi_lavender/drivers/net/wireless/ath/ath9k/eeprom.h:98:62: note: expanded from macro 'FREQ2FBIN'
#define FREQ2FBIN(x, y)         ((y) ? ((x) - 2300) : (((x) - 4800) / 5))
                                                       ~~~~~~~~~~~~~^~~
/home/cross/kernel/android_kernel_xiaomi_lavender/drivers/net/wireless/ath/ath9k/ar9003_eeprom.c:2012:40: warning: implicit conversion from 'int' to 'u8' (aka 'unsigned char') changes value from -475 to 37 [-Wconstant-conversion]
                        /* Data[11].ctledges[0].bchannel */ FREQ2FBIN(2422, 1),
                                                            ^~~~~~~~~~~~~~~~~~
/home/cross/kernel/android_kernel_xiaomi_lavender/drivers/net/wireless/ath/ath9k/eeprom.h:98:62: note: expanded from macro 'FREQ2FBIN'
#define FREQ2FBIN(x, y)         ((y) ? ((x) - 2300) : (((x) - 4800) / 5))
                                                       ~~~~~~~~~~~~~^~~
/home/cross/kernel/android_kernel_xiaomi_lavender/drivers/net/wireless/ath/ath9k/ar9003_eeprom.c:2013:40: warning: implicit conversion from 'int' to 'u8' (aka 'unsigned char') changes value from -474 to 38 [-Wconstant-conversion]
                        /* Data[11].ctledges[1].bchannel */ FREQ2FBIN(2427, 1),
                                                            ^~~~~~~~~~~~~~~~~~
/home/cross/kernel/android_kernel_xiaomi_lavender/drivers/net/wireless/ath/ath9k/eeprom.h:98:62: note: expanded from macro 'FREQ2FBIN'
#define FREQ2FBIN(x, y)         ((y) ? ((x) - 2300) : (((x) - 4800) / 5))
                                                       ~~~~~~~~~~~~~^~~
/home/cross/kernel/android_kernel_xiaomi_lavender/drivers/net/wireless/ath/ath9k/ar9003_eeprom.c:2014:40: warning: implicit conversion from 'int' to 'u8' (aka 'unsigned char') changes value from -470 to 42 [-Wconstant-conversion]
                        /* Data[11].ctledges[2].bchannel */ FREQ2FBIN(2447, 1),
                                                            ^~~~~~~~~~~~~~~~~~
/home/cross/kernel/android_kernel_xiaomi_lavender/drivers/net/wireless/ath/ath9k/eeprom.h:98:62: note: expanded from macro 'FREQ2FBIN'
#define FREQ2FBIN(x, y)         ((y) ? ((x) - 2300) : (((x) - 4800) / 5))
                                                       ~~~~~~~~~~~~~^~~
/home/cross/kernel/android_kernel_xiaomi_lavender/drivers/net/wireless/ath/ath9k/ar9003_eeprom.c:2015:40: warning: implicit conversion from 'int' to 'u8' (aka 'unsigned char') changes value from -467 to 45 [-Wconstant-conversion]
                        /* Data[11].ctledges[3].bchannel */ FREQ2FBIN(2462, 1),
                                                            ^~~~~~~~~~~~~~~~~~
/home/cross/kernel/android_kernel_xiaomi_lavender/drivers/net/wireless/ath/ath9k/eeprom.h:98:62: note: expanded from macro 'FREQ2FBIN'
#define FREQ2FBIN(x, y)         ((y) ? ((x) - 2300) : (((x) - 4800) / 5))
                                                       ~~~~~~~~~~~~~^~~
/home/cross/kernel/android_kernel_xiaomi_lavender/drivers/net/wireless/ath/ath9k/ar9003_eeprom.c:2088:3: warning: implicit conversion from 'int' to 'u8' (aka 'unsigned char') changes value from 2880 to 64 [-Wconstant-conversion]
                FREQ2FBIN(5180, 0),
                ^~~~~~~~~~~~~~~~~~
/home/cross/kernel/android_kernel_xiaomi_lavender/drivers/net/wireless/ath/ath9k/eeprom.h:98:38: note: expanded from macro 'FREQ2FBIN'
#define FREQ2FBIN(x, y)         ((y) ? ((x) - 2300) : (((x) - 4800) / 5))
                                        ~~~~^~~~~~
/home/cross/kernel/android_kernel_xiaomi_lavender/drivers/net/wireless/ath/ath9k/ar9003_eeprom.c:2089:3: warning: implicit conversion from 'int' to 'u8' (aka 'unsigned char') changes value from 2920 to 104 [-Wconstant-conversion]
                FREQ2FBIN(5220, 0),
                ^~~~~~~~~~~~~~~~~~
/home/cross/kernel/android_kernel_xiaomi_lavender/drivers/net/wireless/ath/ath9k/eeprom.h:98:38: note: expanded from macro 'FREQ2FBIN'
#define FREQ2FBIN(x, y)         ((y) ? ((x) - 2300) : (((x) - 4800) / 5))
                                        ~~~~^~~~~~
/home/cross/kernel/android_kernel_xiaomi_lavender/drivers/net/wireless/ath/ath9k/ar9003_eeprom.c:2090:3: warning: implicit conversion from 'int' to 'u8' (aka 'unsigned char') changes value from 3020 to 204 [-Wconstant-conversion]
                FREQ2FBIN(5320, 0),
                ^~~~~~~~~~~~~~~~~~
/home/cross/kernel/android_kernel_xiaomi_lavender/drivers/net/wireless/ath/ath9k/eeprom.h:98:38: note: expanded from macro 'FREQ2FBIN'
#define FREQ2FBIN(x, y)         ((y) ? ((x) - 2300) : (((x) - 4800) / 5))
                                        ~~~~^~~~~~
/home/cross/kernel/android_kernel_xiaomi_lavender/drivers/net/wireless/ath/ath9k/ar9003_eeprom.c:2091:3: warning: implicit conversion from 'int' to 'u8' (aka 'unsigned char') changes value from 3100 to 28 [-Wconstant-conversion]
                FREQ2FBIN(5400, 0),
                ^~~~~~~~~~~~~~~~~~
/home/cross/kernel/android_kernel_xiaomi_lavender/drivers/net/wireless/ath/ath9k/eeprom.h:98:38: note: expanded from macro 'FREQ2FBIN'
#define FREQ2FBIN(x, y)         ((y) ? ((x) - 2300) : (((x) - 4800) / 5))
                                        ~~~~^~~~~~
/home/cross/kernel/android_kernel_xiaomi_lavender/drivers/net/wireless/ath/ath9k/ar9003_eeprom.c:2092:3: warning: implicit conversion from 'int' to 'u8' (aka 'unsigned char') changes value from 3200 to 128 [-Wconstant-conversion]
                FREQ2FBIN(5500, 0),
                ^~~~~~~~~~~~~~~~~~
/home/cross/kernel/android_kernel_xiaomi_lavender/drivers/net/wireless/ath/ath9k/eeprom.h:98:38: note: expanded from macro 'FREQ2FBIN'
#define FREQ2FBIN(x, y)         ((y) ? ((x) - 2300) : (((x) - 4800) / 5))
                                        ~~~~^~~~~~
/home/cross/kernel/android_kernel_xiaomi_lavender/drivers/net/wireless/ath/ath9k/ar9003_eeprom.c:2093:3: warning: implicit conversion from 'int' to 'u8' (aka 'unsigned char') changes value from 3300 to 228 [-Wconstant-conversion]
                FREQ2FBIN(5600, 0),
                ^~~~~~~~~~~~~~~~~~
/home/cross/kernel/android_kernel_xiaomi_lavender/drivers/net/wireless/ath/ath9k/eeprom.h:98:38: note: expanded from macro 'FREQ2FBIN'
#define FREQ2FBIN(x, y)         ((y) ? ((x) - 2300) : (((x) - 4800) / 5))
                                        ~~~~^~~~~~
/home/cross/kernel/android_kernel_xiaomi_lavender/drivers/net/wireless/ath/ath9k/ar9003_eeprom.c:2094:3: warning: implicit conversion from 'int' to 'u8' (aka 'unsigned char') changes value from 3400 to 72 [-Wconstant-conversion]
                FREQ2FBIN(5700, 0),
                ^~~~~~~~~~~~~~~~~~
/home/cross/kernel/android_kernel_xiaomi_lavender/drivers/net/wireless/ath/ath9k/eeprom.h:98:38: note: expanded from macro 'FREQ2FBIN'
#define FREQ2FBIN(x, y)         ((y) ? ((x) - 2300) : (((x) - 4800) / 5))
                                        ~~~~^~~~~~
/home/cross/kernel/android_kernel_xiaomi_lavender/drivers/net/wireless/ath/ath9k/ar9003_eeprom.c:2095:3: warning: implicit conversion from 'int' to 'u8' (aka 'unsigned char') changes value from 3485 to 157 [-Wconstant-conversion]
                FREQ2FBIN(5785, 0)
                ^~~~~~~~~~~~~~~~~~
/home/cross/kernel/android_kernel_xiaomi_lavender/drivers/net/wireless/ath/ath9k/eeprom.h:98:38: note: expanded from macro 'FREQ2FBIN'
#define FREQ2FBIN(x, y)         ((y) ? ((x) - 2300) : (((x) - 4800) / 5))
                                        ~~~~^~~~~~
/home/cross/kernel/android_kernel_xiaomi_lavender/drivers/net/wireless/ath/ath9k/ar9003_eeprom.c:2131:3: warning: implicit conversion from 'int' to 'u8' (aka 'unsigned char') changes value from 2880 to 64 [-Wconstant-conversion]
                FREQ2FBIN(5180, 0),
                ^~~~~~~~~~~~~~~~~~
/home/cross/kernel/android_kernel_xiaomi_lavender/drivers/net/wireless/ath/ath9k/eeprom.h:98:38: note: expanded from macro 'FREQ2FBIN'
#define FREQ2FBIN(x, y)         ((y) ? ((x) - 2300) : (((x) - 4800) / 5))
                                        ~~~~^~~~~~
/home/cross/kernel/android_kernel_xiaomi_lavender/drivers/net/wireless/ath/ath9k/ar9003_eeprom.c:2132:3: warning: implicit conversion from 'int' to 'u8' (aka 'unsigned char') changes value from 2920 to 104 [-Wconstant-conversion]
                FREQ2FBIN(5220, 0),
                ^~~~~~~~~~~~~~~~~~
/home/cross/kernel/android_kernel_xiaomi_lavender/drivers/net/wireless/ath/ath9k/eeprom.h:98:38: note: expanded from macro 'FREQ2FBIN'
#define FREQ2FBIN(x, y)         ((y) ? ((x) - 2300) : (((x) - 4800) / 5))
                                        ~~~~^~~~~~
/home/cross/kernel/android_kernel_xiaomi_lavender/drivers/net/wireless/ath/ath9k/ar9003_eeprom.c:2133:3: warning: implicit conversion from 'int' to 'u8' (aka 'unsigned char') changes value from 3020 to 204 [-Wconstant-conversion]
                FREQ2FBIN(5320, 0),
                ^~~~~~~~~~~~~~~~~~
/home/cross/kernel/android_kernel_xiaomi_lavender/drivers/net/wireless/ath/ath9k/eeprom.h:98:38: note: expanded from macro 'FREQ2FBIN'
#define FREQ2FBIN(x, y)         ((y) ? ((x) - 2300) : (((x) - 4800) / 5))
                                        ~~~~^~~~~~
/home/cross/kernel/android_kernel_xiaomi_lavender/drivers/net/wireless/ath/ath9k/ar9003_eeprom.c:2134:3: warning: implicit conversion from 'int' to 'u8' (aka 'unsigned char') changes value from 3100 to 28 [-Wconstant-conversion]
                FREQ2FBIN(5400, 0),
                ^~~~~~~~~~~~~~~~~~
/home/cross/kernel/android_kernel_xiaomi_lavender/drivers/net/wireless/ath/ath9k/eeprom.h:98:38: note: expanded from macro 'FREQ2FBIN'
#define FREQ2FBIN(x, y)         ((y) ? ((x) - 2300) : (((x) - 4800) / 5))
                                        ~~~~^~~~~~
/home/cross/kernel/android_kernel_xiaomi_lavender/drivers/net/wireless/ath/ath9k/ar9003_eeprom.c:2135:3: warning: implicit conversion from 'int' to 'u8' (aka 'unsigned char') changes value from 3200 to 128 [-Wconstant-conversion]
                FREQ2FBIN(5500, 0),
                ^~~~~~~~~~~~~~~~~~
/home/cross/kernel/android_kernel_xiaomi_lavender/drivers/net/wireless/ath/ath9k/eeprom.h:98:38: note: expanded from macro 'FREQ2FBIN'
#define FREQ2FBIN(x, y)         ((y) ? ((x) - 2300) : (((x) - 4800) / 5))
                                        ~~~~^~~~~~
/home/cross/kernel/android_kernel_xiaomi_lavender/drivers/net/wireless/ath/ath9k/ar9003_eeprom.c:2136:3: warning: implicit conversion from 'int' to 'u8' (aka 'unsigned char') changes value from 3300 to 228 [-Wconstant-conversion]
                FREQ2FBIN(5600, 0),
                ^~~~~~~~~~~~~~~~~~
/home/cross/kernel/android_kernel_xiaomi_lavender/drivers/net/wireless/ath/ath9k/eeprom.h:98:38: note: expanded from macro 'FREQ2FBIN'
#define FREQ2FBIN(x, y)         ((y) ? ((x) - 2300) : (((x) - 4800) / 5))
                                        ~~~~^~~~~~
/home/cross/kernel/android_kernel_xiaomi_lavender/drivers/net/wireless/ath/ath9k/ar9003_eeprom.c:2137:3: warning: implicit conversion from 'int' to 'u8' (aka 'unsigned char') changes value from 3425 to 97 [-Wconstant-conversion]
                FREQ2FBIN(5725, 0),
                ^~~~~~~~~~~~~~~~~~
/home/cross/kernel/android_kernel_xiaomi_lavender/drivers/net/wireless/ath/ath9k/eeprom.h:98:38: note: expanded from macro 'FREQ2FBIN'
#define FREQ2FBIN(x, y)         ((y) ? ((x) - 2300) : (((x) - 4800) / 5))
                                        ~~~~^~~~~~
/home/cross/kernel/android_kernel_xiaomi_lavender/drivers/net/wireless/ath/ath9k/ar9003_eeprom.c:2138:3: warning: implicit conversion from 'int' to 'u8' (aka 'unsigned char') changes value from 3525 to 197 [-Wconstant-conversion]
                FREQ2FBIN(5825, 0)
                ^~~~~~~~~~~~~~~~~~
/home/cross/kernel/android_kernel_xiaomi_lavender/drivers/net/wireless/ath/ath9k/eeprom.h:98:38: note: expanded from macro 'FREQ2FBIN'
#define FREQ2FBIN(x, y)         ((y) ? ((x) - 2300) : (((x) - 4800) / 5))
                                        ~~~~^~~~~~
/home/cross/kernel/android_kernel_xiaomi_lavender/drivers/net/wireless/ath/ath9k/ar9003_eeprom.c:2141:3: warning: implicit conversion from 'int' to 'u8' (aka 'unsigned char') changes value from 2880 to 64 [-Wconstant-conversion]
                FREQ2FBIN(5180, 0),
                ^~~~~~~~~~~~~~~~~~
/home/cross/kernel/android_kernel_xiaomi_lavender/drivers/net/wireless/ath/ath9k/eeprom.h:98:38: note: expanded from macro 'FREQ2FBIN'
#define FREQ2FBIN(x, y)         ((y) ? ((x) - 2300) : (((x) - 4800) / 5))
                                        ~~~~^~~~~~
/home/cross/kernel/android_kernel_xiaomi_lavender/drivers/net/wireless/ath/ath9k/ar9003_eeprom.c:2142:3: warning: implicit conversion from 'int' to 'u8' (aka 'unsigned char') changes value from 2920 to 104 [-Wconstant-conversion]
                FREQ2FBIN(5220, 0),
                ^~~~~~~~~~~~~~~~~~
/home/cross/kernel/android_kernel_xiaomi_lavender/drivers/net/wireless/ath/ath9k/eeprom.h:98:38: note: expanded from macro 'FREQ2FBIN'
#define FREQ2FBIN(x, y)         ((y) ? ((x) - 2300) : (((x) - 4800) / 5))
                                        ~~~~^~~~~~
/home/cross/kernel/android_kernel_xiaomi_lavender/drivers/net/wireless/ath/ath9k/ar9003_eeprom.c:2143:3: warning: implicit conversion from 'int' to 'u8' (aka 'unsigned char') changes value from 3020 to 204 [-Wconstant-conversion]
                FREQ2FBIN(5320, 0),
                ^~~~~~~~~~~~~~~~~~
/home/cross/kernel/android_kernel_xiaomi_lavender/drivers/net/wireless/ath/ath9k/eeprom.h:98:38: note: expanded from macro 'FREQ2FBIN'
#define FREQ2FBIN(x, y)         ((y) ? ((x) - 2300) : (((x) - 4800) / 5))
                                        ~~~~^~~~~~
/home/cross/kernel/android_kernel_xiaomi_lavender/drivers/net/wireless/ath/ath9k/ar9003_eeprom.c:2144:3: warning: implicit conversion from 'int' to 'u8' (aka 'unsigned char') changes value from 3100 to 28 [-Wconstant-conversion]
                FREQ2FBIN(5400, 0),
                ^~~~~~~~~~~~~~~~~~
/home/cross/kernel/android_kernel_xiaomi_lavender/drivers/net/wireless/ath/ath9k/eeprom.h:98:38: note: expanded from macro 'FREQ2FBIN'
#define FREQ2FBIN(x, y)         ((y) ? ((x) - 2300) : (((x) - 4800) / 5))
                                        ~~~~^~~~~~
/home/cross/kernel/android_kernel_xiaomi_lavender/drivers/net/wireless/ath/ath9k/ar9003_eeprom.c:2145:3: warning: implicit conversion from 'int' to 'u8' (aka 'unsigned char') changes value from 3200 to 128 [-Wconstant-conversion]
                FREQ2FBIN(5500, 0),
                ^~~~~~~~~~~~~~~~~~
/home/cross/kernel/android_kernel_xiaomi_lavender/drivers/net/wireless/ath/ath9k/eeprom.h:98:38: note: expanded from macro 'FREQ2FBIN'
#define FREQ2FBIN(x, y)         ((y) ? ((x) - 2300) : (((x) - 4800) / 5))
                                        ~~~~^~~~~~
/home/cross/kernel/android_kernel_xiaomi_lavender/drivers/net/wireless/ath/ath9k/ar9003_eeprom.c:2146:3: warning: implicit conversion from 'int' to 'u8' (aka 'unsigned char') changes value from 3300 to 228 [-Wconstant-conversion]
                FREQ2FBIN(5600, 0),
                ^~~~~~~~~~~~~~~~~~
/home/cross/kernel/android_kernel_xiaomi_lavender/drivers/net/wireless/ath/ath9k/eeprom.h:98:38: note: expanded from macro 'FREQ2FBIN'
#define FREQ2FBIN(x, y)         ((y) ? ((x) - 2300) : (((x) - 4800) / 5))
                                        ~~~~^~~~~~
/home/cross/kernel/android_kernel_xiaomi_lavender/drivers/net/wireless/ath/ath9k/ar9003_eeprom.c:2147:3: warning: implicit conversion from 'int' to 'u8' (aka 'unsigned char') changes value from 3425 to 97 [-Wconstant-conversion]
                FREQ2FBIN(5725, 0),
                ^~~~~~~~~~~~~~~~~~
/home/cross/kernel/android_kernel_xiaomi_lavender/drivers/net/wireless/ath/ath9k/eeprom.h:98:38: note: expanded from macro 'FREQ2FBIN'
#define FREQ2FBIN(x, y)         ((y) ? ((x) - 2300) : (((x) - 4800) / 5))
                                        ~~~~^~~~~~
/home/cross/kernel/android_kernel_xiaomi_lavender/drivers/net/wireless/ath/ath9k/ar9003_eeprom.c:2148:3: warning: implicit conversion from 'int' to 'u8' (aka 'unsigned char') changes value from 3525 to 197 [-Wconstant-conversion]
                FREQ2FBIN(5825, 0)
                ^~~~~~~~~~~~~~~~~~
/home/cross/kernel/android_kernel_xiaomi_lavender/drivers/net/wireless/ath/ath9k/eeprom.h:98:38: note: expanded from macro 'FREQ2FBIN'
#define FREQ2FBIN(x, y)         ((y) ? ((x) - 2300) : (((x) - 4800) / 5))
                                        ~~~~^~~~~~
/home/cross/kernel/android_kernel_xiaomi_lavender/drivers/net/wireless/ath/ath9k/ar9003_eeprom.c:2151:3: warning: implicit conversion from 'int' to 'u8' (aka 'unsigned char') changes value from 2880 to 64 [-Wconstant-conversion]
                FREQ2FBIN(5180, 0),
                ^~~~~~~~~~~~~~~~~~
/home/cross/kernel/android_kernel_xiaomi_lavender/drivers/net/wireless/ath/ath9k/eeprom.h:98:38: note: expanded from macro 'FREQ2FBIN'
#define FREQ2FBIN(x, y)         ((y) ? ((x) - 2300) : (((x) - 4800) / 5))
                                        ~~~~^~~~~~
/home/cross/kernel/android_kernel_xiaomi_lavender/drivers/net/wireless/ath/ath9k/ar9003_eeprom.c:2152:3: warning: implicit conversion from 'int' to 'u8' (aka 'unsigned char') changes value from 2920 to 104 [-Wconstant-conversion]
                FREQ2FBIN(5220, 0),
                ^~~~~~~~~~~~~~~~~~
/home/cross/kernel/android_kernel_xiaomi_lavender/drivers/net/wireless/ath/ath9k/eeprom.h:98:38: note: expanded from macro 'FREQ2FBIN'
#define FREQ2FBIN(x, y)         ((y) ? ((x) - 2300) : (((x) - 4800) / 5))
                                        ~~~~^~~~~~
/home/cross/kernel/android_kernel_xiaomi_lavender/drivers/net/wireless/ath/ath9k/ar9003_eeprom.c:2153:3: warning: implicit conversion from 'int' to 'u8' (aka 'unsigned char') changes value from 3020 to 204 [-Wconstant-conversion]
                FREQ2FBIN(5320, 0),
                ^~~~~~~~~~~~~~~~~~
/home/cross/kernel/android_kernel_xiaomi_lavender/drivers/net/wireless/ath/ath9k/eeprom.h:98:38: note: expanded from macro 'FREQ2FBIN'
#define FREQ2FBIN(x, y)         ((y) ? ((x) - 2300) : (((x) - 4800) / 5))
                                        ~~~~^~~~~~
/home/cross/kernel/android_kernel_xiaomi_lavender/drivers/net/wireless/ath/ath9k/ar9003_eeprom.c:2154:3: warning: implicit conversion from 'int' to 'u8' (aka 'unsigned char') changes value from 3100 to 28 [-Wconstant-conversion]
                FREQ2FBIN(5400, 0),
                ^~~~~~~~~~~~~~~~~~
/home/cross/kernel/android_kernel_xiaomi_lavender/drivers/net/wireless/ath/ath9k/eeprom.h:98:38: note: expanded from macro 'FREQ2FBIN'
#define FREQ2FBIN(x, y)         ((y) ? ((x) - 2300) : (((x) - 4800) / 5))
                                        ~~~~^~~~~~
/home/cross/kernel/android_kernel_xiaomi_lavender/drivers/net/wireless/ath/ath9k/ar9003_eeprom.c:2155:3: warning: implicit conversion from 'int' to 'u8' (aka 'unsigned char') changes value from 3200 to 128 [-Wconstant-conversion]
                FREQ2FBIN(5500, 0),
                ^~~~~~~~~~~~~~~~~~
/home/cross/kernel/android_kernel_xiaomi_lavender/drivers/net/wireless/ath/ath9k/eeprom.h:98:38: note: expanded from macro 'FREQ2FBIN'
#define FREQ2FBIN(x, y)         ((y) ? ((x) - 2300) : (((x) - 4800) / 5))
                                        ~~~~^~~~~~
/home/cross/kernel/android_kernel_xiaomi_lavender/drivers/net/wireless/ath/ath9k/ar9003_eeprom.c:2156:3: warning: implicit conversion from 'int' to 'u8' (aka 'unsigned char') changes value from 3300 to 228 [-Wconstant-conversion]
                FREQ2FBIN(5600, 0),
                ^~~~~~~~~~~~~~~~~~
/home/cross/kernel/android_kernel_xiaomi_lavender/drivers/net/wireless/ath/ath9k/eeprom.h:98:38: note: expanded from macro 'FREQ2FBIN'
#define FREQ2FBIN(x, y)         ((y) ? ((x) - 2300) : (((x) - 4800) / 5))
                                        ~~~~^~~~~~
/home/cross/kernel/android_kernel_xiaomi_lavender/drivers/net/wireless/ath/ath9k/ar9003_eeprom.c:2157:3: warning: implicit conversion from 'int' to 'u8' (aka 'unsigned char') changes value from 3425 to 97 [-Wconstant-conversion]
                FREQ2FBIN(5725, 0),
                ^~~~~~~~~~~~~~~~~~
/home/cross/kernel/android_kernel_xiaomi_lavender/drivers/net/wireless/ath/ath9k/eeprom.h:98:38: note: expanded from macro 'FREQ2FBIN'
#define FREQ2FBIN(x, y)         ((y) ? ((x) - 2300) : (((x) - 4800) / 5))
                                        ~~~~^~~~~~
/home/cross/kernel/android_kernel_xiaomi_lavender/drivers/net/wireless/ath/ath9k/ar9003_eeprom.c:2158:3: warning: implicit conversion from 'int' to 'u8' (aka 'unsigned char') changes value from 3525 to 197 [-Wconstant-conversion]
                FREQ2FBIN(5825, 0)
                ^~~~~~~~~~~~~~~~~~
/home/cross/kernel/android_kernel_xiaomi_lavender/drivers/net/wireless/ath/ath9k/eeprom.h:98:38: note: expanded from macro 'FREQ2FBIN'
#define FREQ2FBIN(x, y)         ((y) ? ((x) - 2300) : (((x) - 4800) / 5))
                                        ~~~~^~~~~~
/home/cross/kernel/android_kernel_xiaomi_lavender/drivers/net/wireless/ath/ath9k/ar9003_eeprom.c:2205:39: warning: implicit conversion from 'int' to 'u8' (aka 'unsigned char') changes value from 2880 to 64 [-Wconstant-conversion]
                        /* Data[0].ctledges[0].bchannel */ FREQ2FBIN(5180, 0),
                                                           ^~~~~~~~~~~~~~~~~~
/home/cross/kernel/android_kernel_xiaomi_lavender/drivers/net/wireless/ath/ath9k/eeprom.h:98:38: note: expanded from macro 'FREQ2FBIN'
#define FREQ2FBIN(x, y)         ((y) ? ((x) - 2300) : (((x) - 4800) / 5))
                                        ~~~~^~~~~~
/home/cross/kernel/android_kernel_xiaomi_lavender/drivers/net/wireless/ath/ath9k/ar9003_eeprom.c:2206:39: warning: implicit conversion from 'int' to 'u8' (aka 'unsigned char') changes value from 2960 to 144 [-Wconstant-conversion]
                        /* Data[0].ctledges[1].bchannel */ FREQ2FBIN(5260, 0),
                                                           ^~~~~~~~~~~~~~~~~~
/home/cross/kernel/android_kernel_xiaomi_lavender/drivers/net/wireless/ath/ath9k/eeprom.h:98:38: note: expanded from macro 'FREQ2FBIN'
#define FREQ2FBIN(x, y)         ((y) ? ((x) - 2300) : (((x) - 4800) / 5))
                                        ~~~~^~~~~~
/home/cross/kernel/android_kernel_xiaomi_lavender/drivers/net/wireless/ath/ath9k/ar9003_eeprom.c:2207:39: warning: implicit conversion from 'int' to 'u8' (aka 'unsigned char') changes value from 2980 to 164 [-Wconstant-conversion]
                        /* Data[0].ctledges[2].bchannel */ FREQ2FBIN(5280, 0),
                                                           ^~~~~~~~~~~~~~~~~~
/home/cross/kernel/android_kernel_xiaomi_lavender/drivers/net/wireless/ath/ath9k/eeprom.h:98:38: note: expanded from macro 'FREQ2FBIN'
#define FREQ2FBIN(x, y)         ((y) ? ((x) - 2300) : (((x) - 4800) / 5))
                                        ~~~~^~~~~~
/home/cross/kernel/android_kernel_xiaomi_lavender/drivers/net/wireless/ath/ath9k/ar9003_eeprom.c:2208:39: warning: implicit conversion from 'int' to 'u8' (aka 'unsigned char') changes value from 3200 to 128 [-Wconstant-conversion]
                        /* Data[0].ctledges[3].bchannel */ FREQ2FBIN(5500, 0),
                                                           ^~~~~~~~~~~~~~~~~~
/home/cross/kernel/android_kernel_xiaomi_lavender/drivers/net/wireless/ath/ath9k/eeprom.h:98:38: note: expanded from macro 'FREQ2FBIN'
#define FREQ2FBIN(x, y)         ((y) ? ((x) - 2300) : (((x) - 4800) / 5))
                                        ~~~~^~~~~~
/home/cross/kernel/android_kernel_xiaomi_lavender/drivers/net/wireless/ath/ath9k/ar9003_eeprom.c:2209:39: warning: implicit conversion from 'int' to 'u8' (aka 'unsigned char') changes value from 3300 to 228 [-Wconstant-conversion]
                        /* Data[0].ctledges[4].bchannel */ FREQ2FBIN(5600, 0),
                                                           ^~~~~~~~~~~~~~~~~~
/home/cross/kernel/android_kernel_xiaomi_lavender/drivers/net/wireless/ath/ath9k/eeprom.h:98:38: note: expanded from macro 'FREQ2FBIN'
#define FREQ2FBIN(x, y)         ((y) ? ((x) - 2300) : (((x) - 4800) / 5))
                                        ~~~~^~~~~~
/home/cross/kernel/android_kernel_xiaomi_lavender/drivers/net/wireless/ath/ath9k/ar9003_eeprom.c:2210:39: warning: implicit conversion from 'int' to 'u8' (aka 'unsigned char') changes value from 3400 to 72 [-Wconstant-conversion]
                        /* Data[0].ctledges[5].bchannel */ FREQ2FBIN(5700, 0),
                                                           ^~~~~~~~~~~~~~~~~~
/home/cross/kernel/android_kernel_xiaomi_lavender/drivers/net/wireless/ath/ath9k/eeprom.h:98:38: note: expanded from macro 'FREQ2FBIN'
#define FREQ2FBIN(x, y)         ((y) ? ((x) - 2300) : (((x) - 4800) / 5))
                                        ~~~~^~~~~~
/home/cross/kernel/android_kernel_xiaomi_lavender/drivers/net/wireless/ath/ath9k/ar9003_eeprom.c:2211:39: warning: implicit conversion from 'int' to 'u8' (aka 'unsigned char') changes value from 3445 to 117 [-Wconstant-conversion]
                        /* Data[0].ctledges[6].bchannel */ FREQ2FBIN(5745, 0),
                                                           ^~~~~~~~~~~~~~~~~~
/home/cross/kernel/android_kernel_xiaomi_lavender/drivers/net/wireless/ath/ath9k/eeprom.h:98:38: note: expanded from macro 'FREQ2FBIN'
#define FREQ2FBIN(x, y)         ((y) ? ((x) - 2300) : (((x) - 4800) / 5))
                                        ~~~~^~~~~~
/home/cross/kernel/android_kernel_xiaomi_lavender/drivers/net/wireless/ath/ath9k/ar9003_eeprom.c:2212:39: warning: implicit conversion from 'int' to 'u8' (aka 'unsigned char') changes value from 3525 to 197 [-Wconstant-conversion]
                        /* Data[0].ctledges[7].bchannel */ FREQ2FBIN(5825, 0)
                                                           ^~~~~~~~~~~~~~~~~~
/home/cross/kernel/android_kernel_xiaomi_lavender/drivers/net/wireless/ath/ath9k/eeprom.h:98:38: note: expanded from macro 'FREQ2FBIN'
#define FREQ2FBIN(x, y)         ((y) ? ((x) - 2300) : (((x) - 4800) / 5))
                                        ~~~~^~~~~~
/home/cross/kernel/android_kernel_xiaomi_lavender/drivers/net/wireless/ath/ath9k/ar9003_eeprom.c:2215:39: warning: implicit conversion from 'int' to 'u8' (aka 'unsigned char') changes value from 2880 to 64 [-Wconstant-conversion]
                        /* Data[1].ctledges[0].bchannel */ FREQ2FBIN(5180, 0),
                                                           ^~~~~~~~~~~~~~~~~~
/home/cross/kernel/android_kernel_xiaomi_lavender/drivers/net/wireless/ath/ath9k/eeprom.h:98:38: note: expanded from macro 'FREQ2FBIN'
#define FREQ2FBIN(x, y)         ((y) ? ((x) - 2300) : (((x) - 4800) / 5))
                                        ~~~~^~~~~~
/home/cross/kernel/android_kernel_xiaomi_lavender/drivers/net/wireless/ath/ath9k/ar9003_eeprom.c:2216:39: warning: implicit conversion from 'int' to 'u8' (aka 'unsigned char') changes value from 2960 to 144 [-Wconstant-conversion]
                        /* Data[1].ctledges[1].bchannel */ FREQ2FBIN(5260, 0),
                                                           ^~~~~~~~~~~~~~~~~~
/home/cross/kernel/android_kernel_xiaomi_lavender/drivers/net/wireless/ath/ath9k/eeprom.h:98:38: note: expanded from macro 'FREQ2FBIN'
#define FREQ2FBIN(x, y)         ((y) ? ((x) - 2300) : (((x) - 4800) / 5))
                                        ~~~~^~~~~~
/home/cross/kernel/android_kernel_xiaomi_lavender/drivers/net/wireless/ath/ath9k/ar9003_eeprom.c:2217:39: warning: implicit conversion from 'int' to 'u8' (aka 'unsigned char') changes value from 2980 to 164 [-Wconstant-conversion]
                        /* Data[1].ctledges[2].bchannel */ FREQ2FBIN(5280, 0),
                                                           ^~~~~~~~~~~~~~~~~~
/home/cross/kernel/android_kernel_xiaomi_lavender/drivers/net/wireless/ath/ath9k/eeprom.h:98:38: note: expanded from macro 'FREQ2FBIN'
#define FREQ2FBIN(x, y)         ((y) ? ((x) - 2300) : (((x) - 4800) / 5))
                                        ~~~~^~~~~~
/home/cross/kernel/android_kernel_xiaomi_lavender/drivers/net/wireless/ath/ath9k/ar9003_eeprom.c:2218:39: warning: implicit conversion from 'int' to 'u8' (aka 'unsigned char') changes value from 3200 to 128 [-Wconstant-conversion]
                        /* Data[1].ctledges[3].bchannel */ FREQ2FBIN(5500, 0),
                                                           ^~~~~~~~~~~~~~~~~~
/home/cross/kernel/android_kernel_xiaomi_lavender/drivers/net/wireless/ath/ath9k/eeprom.h:98:38: note: expanded from macro 'FREQ2FBIN'
#define FREQ2FBIN(x, y)         ((y) ? ((x) - 2300) : (((x) - 4800) / 5))
                                        ~~~~^~~~~~
/home/cross/kernel/android_kernel_xiaomi_lavender/drivers/net/wireless/ath/ath9k/ar9003_eeprom.c:2219:39: warning: implicit conversion from 'int' to 'u8' (aka 'unsigned char') changes value from 3220 to 148 [-Wconstant-conversion]
                        /* Data[1].ctledges[4].bchannel */ FREQ2FBIN(5520, 0),
                                                           ^~~~~~~~~~~~~~~~~~
/home/cross/kernel/android_kernel_xiaomi_lavender/drivers/net/wireless/ath/ath9k/eeprom.h:98:38: note: expanded from macro 'FREQ2FBIN'
#define FREQ2FBIN(x, y)         ((y) ? ((x) - 2300) : (((x) - 4800) / 5))
                                        ~~~~^~~~~~
/home/cross/kernel/android_kernel_xiaomi_lavender/drivers/net/wireless/ath/ath9k/ar9003_eeprom.c:2220:39: warning: implicit conversion from 'int' to 'u8' (aka 'unsigned char') changes value from 3400 to 72 [-Wconstant-conversion]
                        /* Data[1].ctledges[5].bchannel */ FREQ2FBIN(5700, 0),
                                                           ^~~~~~~~~~~~~~~~~~
/home/cross/kernel/android_kernel_xiaomi_lavender/drivers/net/wireless/ath/ath9k/eeprom.h:98:38: note: expanded from macro 'FREQ2FBIN'
#define FREQ2FBIN(x, y)         ((y) ? ((x) - 2300) : (((x) - 4800) / 5))
                                        ~~~~^~~~~~
/home/cross/kernel/android_kernel_xiaomi_lavender/drivers/net/wireless/ath/ath9k/ar9003_eeprom.c:2221:39: warning: implicit conversion from 'int' to 'u8' (aka 'unsigned char') changes value from 3445 to 117 [-Wconstant-conversion]
                        /* Data[1].ctledges[6].bchannel */ FREQ2FBIN(5745, 0),
                                                           ^~~~~~~~~~~~~~~~~~
/home/cross/kernel/android_kernel_xiaomi_lavender/drivers/net/wireless/ath/ath9k/eeprom.h:98:38: note: expanded from macro 'FREQ2FBIN'
#define FREQ2FBIN(x, y)         ((y) ? ((x) - 2300) : (((x) - 4800) / 5))
                                        ~~~~^~~~~~
/home/cross/kernel/android_kernel_xiaomi_lavender/drivers/net/wireless/ath/ath9k/ar9003_eeprom.c:2222:39: warning: implicit conversion from 'int' to 'u8' (aka 'unsigned char') changes value from 3525 to 197 [-Wconstant-conversion]
                        /* Data[1].ctledges[7].bchannel */ FREQ2FBIN(5825, 0)
                                                           ^~~~~~~~~~~~~~~~~~
/home/cross/kernel/android_kernel_xiaomi_lavender/drivers/net/wireless/ath/ath9k/eeprom.h:98:38: note: expanded from macro 'FREQ2FBIN'
#define FREQ2FBIN(x, y)         ((y) ? ((x) - 2300) : (((x) - 4800) / 5))
                                        ~~~~^~~~~~
/home/cross/kernel/android_kernel_xiaomi_lavender/drivers/net/wireless/ath/ath9k/ar9003_eeprom.c:2226:39: warning: implicit conversion from 'int' to 'u8' (aka 'unsigned char') changes value from 2890 to 74 [-Wconstant-conversion]
                        /* Data[2].ctledges[0].bchannel */ FREQ2FBIN(5190, 0),
                                                           ^~~~~~~~~~~~~~~~~~
/home/cross/kernel/android_kernel_xiaomi_lavender/drivers/net/wireless/ath/ath9k/eeprom.h:98:38: note: expanded from macro 'FREQ2FBIN'
#define FREQ2FBIN(x, y)         ((y) ? ((x) - 2300) : (((x) - 4800) / 5))
                                        ~~~~^~~~~~
/home/cross/kernel/android_kernel_xiaomi_lavender/drivers/net/wireless/ath/ath9k/ar9003_eeprom.c:2227:39: warning: implicit conversion from 'int' to 'u8' (aka 'unsigned char') changes value from 2930 to 114 [-Wconstant-conversion]
                        /* Data[2].ctledges[1].bchannel */ FREQ2FBIN(5230, 0),
                                                           ^~~~~~~~~~~~~~~~~~
/home/cross/kernel/android_kernel_xiaomi_lavender/drivers/net/wireless/ath/ath9k/eeprom.h:98:38: note: expanded from macro 'FREQ2FBIN'
#define FREQ2FBIN(x, y)         ((y) ? ((x) - 2300) : (((x) - 4800) / 5))
                                        ~~~~^~~~~~
/home/cross/kernel/android_kernel_xiaomi_lavender/drivers/net/wireless/ath/ath9k/ar9003_eeprom.c:2228:39: warning: implicit conversion from 'int' to 'u8' (aka 'unsigned char') changes value from 2970 to 154 [-Wconstant-conversion]
                        /* Data[2].ctledges[2].bchannel */ FREQ2FBIN(5270, 0),
                                                           ^~~~~~~~~~~~~~~~~~
/home/cross/kernel/android_kernel_xiaomi_lavender/drivers/net/wireless/ath/ath9k/eeprom.h:98:38: note: expanded from macro 'FREQ2FBIN'
#define FREQ2FBIN(x, y)         ((y) ? ((x) - 2300) : (((x) - 4800) / 5))
                                        ~~~~^~~~~~
/home/cross/kernel/android_kernel_xiaomi_lavender/drivers/net/wireless/ath/ath9k/ar9003_eeprom.c:2229:39: warning: implicit conversion from 'int' to 'u8' (aka 'unsigned char') changes value from 3010 to 194 [-Wconstant-conversion]
                        /* Data[2].ctledges[3].bchannel */ FREQ2FBIN(5310, 0),
                                                           ^~~~~~~~~~~~~~~~~~
/home/cross/kernel/android_kernel_xiaomi_lavender/drivers/net/wireless/ath/ath9k/eeprom.h:98:38: note: expanded from macro 'FREQ2FBIN'
#define FREQ2FBIN(x, y)         ((y) ? ((x) - 2300) : (((x) - 4800) / 5))
                                        ~~~~^~~~~~
/home/cross/kernel/android_kernel_xiaomi_lavender/drivers/net/wireless/ath/ath9k/ar9003_eeprom.c:2230:39: warning: implicit conversion from 'int' to 'u8' (aka 'unsigned char') changes value from 3210 to 138 [-Wconstant-conversion]
                        /* Data[2].ctledges[4].bchannel */ FREQ2FBIN(5510, 0),
                                                           ^~~~~~~~~~~~~~~~~~
/home/cross/kernel/android_kernel_xiaomi_lavender/drivers/net/wireless/ath/ath9k/eeprom.h:98:38: note: expanded from macro 'FREQ2FBIN'
#define FREQ2FBIN(x, y)         ((y) ? ((x) - 2300) : (((x) - 4800) / 5))
                                        ~~~~^~~~~~
/home/cross/kernel/android_kernel_xiaomi_lavender/drivers/net/wireless/ath/ath9k/ar9003_eeprom.c:2231:39: warning: implicit conversion from 'int' to 'u8' (aka 'unsigned char') changes value from 3250 to 178 [-Wconstant-conversion]
                        /* Data[2].ctledges[5].bchannel */ FREQ2FBIN(5550, 0),
                                                           ^~~~~~~~~~~~~~~~~~
/home/cross/kernel/android_kernel_xiaomi_lavender/drivers/net/wireless/ath/ath9k/eeprom.h:98:38: note: expanded from macro 'FREQ2FBIN'
#define FREQ2FBIN(x, y)         ((y) ? ((x) - 2300) : (((x) - 4800) / 5))
                                        ~~~~^~~~~~
/home/cross/kernel/android_kernel_xiaomi_lavender/drivers/net/wireless/ath/ath9k/ar9003_eeprom.c:2232:39: warning: implicit conversion from 'int' to 'u8' (aka 'unsigned char') changes value from 3370 to 42 [-Wconstant-conversion]
                        /* Data[2].ctledges[6].bchannel */ FREQ2FBIN(5670, 0),
                                                           ^~~~~~~~~~~~~~~~~~
/home/cross/kernel/android_kernel_xiaomi_lavender/drivers/net/wireless/ath/ath9k/eeprom.h:98:38: note: expanded from macro 'FREQ2FBIN'
#define FREQ2FBIN(x, y)         ((y) ? ((x) - 2300) : (((x) - 4800) / 5))
                                        ~~~~^~~~~~
/home/cross/kernel/android_kernel_xiaomi_lavender/drivers/net/wireless/ath/ath9k/ar9003_eeprom.c:2233:39: warning: implicit conversion from 'int' to 'u8' (aka 'unsigned char') changes value from 3455 to 127 [-Wconstant-conversion]
                        /* Data[2].ctledges[7].bchannel */ FREQ2FBIN(5755, 0)
                                                           ^~~~~~~~~~~~~~~~~~
/home/cross/kernel/android_kernel_xiaomi_lavender/drivers/net/wireless/ath/ath9k/eeprom.h:98:38: note: expanded from macro 'FREQ2FBIN'
#define FREQ2FBIN(x, y)         ((y) ? ((x) - 2300) : (((x) - 4800) / 5))
                                        ~~~~^~~~~~
/home/cross/kernel/android_kernel_xiaomi_lavender/drivers/net/wireless/ath/ath9k/ar9003_eeprom.c:2237:39: warning: implicit conversion from 'int' to 'u8' (aka 'unsigned char') changes value from 2880 to 64 [-Wconstant-conversion]
                        /* Data[3].ctledges[0].bchannel */ FREQ2FBIN(5180, 0),
                                                           ^~~~~~~~~~~~~~~~~~
/home/cross/kernel/android_kernel_xiaomi_lavender/drivers/net/wireless/ath/ath9k/eeprom.h:98:38: note: expanded from macro 'FREQ2FBIN'
#define FREQ2FBIN(x, y)         ((y) ? ((x) - 2300) : (((x) - 4800) / 5))
                                        ~~~~^~~~~~
/home/cross/kernel/android_kernel_xiaomi_lavender/drivers/net/wireless/ath/ath9k/ar9003_eeprom.c:2238:39: warning: implicit conversion from 'int' to 'u8' (aka 'unsigned char') changes value from 2900 to 84 [-Wconstant-conversion]
                        /* Data[3].ctledges[1].bchannel */ FREQ2FBIN(5200, 0),
                                                           ^~~~~~~~~~~~~~~~~~
/home/cross/kernel/android_kernel_xiaomi_lavender/drivers/net/wireless/ath/ath9k/eeprom.h:98:38: note: expanded from macro 'FREQ2FBIN'
#define FREQ2FBIN(x, y)         ((y) ? ((x) - 2300) : (((x) - 4800) / 5))
                                        ~~~~^~~~~~
/home/cross/kernel/android_kernel_xiaomi_lavender/drivers/net/wireless/ath/ath9k/ar9003_eeprom.c:2239:39: warning: implicit conversion from 'int' to 'u8' (aka 'unsigned char') changes value from 2960 to 144 [-Wconstant-conversion]
                        /* Data[3].ctledges[2].bchannel */ FREQ2FBIN(5260, 0),
                                                           ^~~~~~~~~~~~~~~~~~
/home/cross/kernel/android_kernel_xiaomi_lavender/drivers/net/wireless/ath/ath9k/eeprom.h:98:38: note: expanded from macro 'FREQ2FBIN'
#define FREQ2FBIN(x, y)         ((y) ? ((x) - 2300) : (((x) - 4800) / 5))
                                        ~~~~^~~~~~
/home/cross/kernel/android_kernel_xiaomi_lavender/drivers/net/wireless/ath/ath9k/ar9003_eeprom.c:2240:39: warning: implicit conversion from 'int' to 'u8' (aka 'unsigned char') changes value from 3020 to 204 [-Wconstant-conversion]
                        /* Data[3].ctledges[3].bchannel */ FREQ2FBIN(5320, 0),
                                                           ^~~~~~~~~~~~~~~~~~
/home/cross/kernel/android_kernel_xiaomi_lavender/drivers/net/wireless/ath/ath9k/eeprom.h:98:38: note: expanded from macro 'FREQ2FBIN'
#define FREQ2FBIN(x, y)         ((y) ? ((x) - 2300) : (((x) - 4800) / 5))
                                        ~~~~^~~~~~
/home/cross/kernel/android_kernel_xiaomi_lavender/drivers/net/wireless/ath/ath9k/ar9003_eeprom.c:2241:39: warning: implicit conversion from 'int' to 'u8' (aka 'unsigned char') changes value from 3200 to 128 [-Wconstant-conversion]
                        /* Data[3].ctledges[4].bchannel */ FREQ2FBIN(5500, 0),
                                                           ^~~~~~~~~~~~~~~~~~
/home/cross/kernel/android_kernel_xiaomi_lavender/drivers/net/wireless/ath/ath9k/eeprom.h:98:38: note: expanded from macro 'FREQ2FBIN'
#define FREQ2FBIN(x, y)         ((y) ? ((x) - 2300) : (((x) - 4800) / 5))
                                        ~~~~^~~~~~
/home/cross/kernel/android_kernel_xiaomi_lavender/drivers/net/wireless/ath/ath9k/ar9003_eeprom.c:2242:39: warning: implicit conversion from 'int' to 'u8' (aka 'unsigned char') changes value from 3400 to 72 [-Wconstant-conversion]
                        /* Data[3].ctledges[5].bchannel */ FREQ2FBIN(5700, 0),
                                                           ^~~~~~~~~~~~~~~~~~
/home/cross/kernel/android_kernel_xiaomi_lavender/drivers/net/wireless/ath/ath9k/eeprom.h:98:38: note: expanded from macro 'FREQ2FBIN'
#define FREQ2FBIN(x, y)         ((y) ? ((x) - 2300) : (((x) - 4800) / 5))
                                        ~~~~^~~~~~
/home/cross/kernel/android_kernel_xiaomi_lavender/drivers/net/wireless/ath/ath9k/ar9003_eeprom.c:2248:39: warning: implicit conversion from 'int' to 'u8' (aka 'unsigned char') changes value from 2880 to 64 [-Wconstant-conversion]
                        /* Data[4].ctledges[0].bchannel */ FREQ2FBIN(5180, 0),
                                                           ^~~~~~~~~~~~~~~~~~
/home/cross/kernel/android_kernel_xiaomi_lavender/drivers/net/wireless/ath/ath9k/eeprom.h:98:38: note: expanded from macro 'FREQ2FBIN'
#define FREQ2FBIN(x, y)         ((y) ? ((x) - 2300) : (((x) - 4800) / 5))
                                        ~~~~^~~~~~
/home/cross/kernel/android_kernel_xiaomi_lavender/drivers/net/wireless/ath/ath9k/ar9003_eeprom.c:2249:39: warning: implicit conversion from 'int' to 'u8' (aka 'unsigned char') changes value from 2960 to 144 [-Wconstant-conversion]
                        /* Data[4].ctledges[1].bchannel */ FREQ2FBIN(5260, 0),
                                                           ^~~~~~~~~~~~~~~~~~
/home/cross/kernel/android_kernel_xiaomi_lavender/drivers/net/wireless/ath/ath9k/eeprom.h:98:38: note: expanded from macro 'FREQ2FBIN'
#define FREQ2FBIN(x, y)         ((y) ? ((x) - 2300) : (((x) - 4800) / 5))
                                        ~~~~^~~~~~
/home/cross/kernel/android_kernel_xiaomi_lavender/drivers/net/wireless/ath/ath9k/ar9003_eeprom.c:2250:39: warning: implicit conversion from 'int' to 'u8' (aka 'unsigned char') changes value from 3200 to 128 [-Wconstant-conversion]
                        /* Data[4].ctledges[2].bchannel */ FREQ2FBIN(5500, 0),
                                                           ^~~~~~~~~~~~~~~~~~
/home/cross/kernel/android_kernel_xiaomi_lavender/drivers/net/wireless/ath/ath9k/eeprom.h:98:38: note: expanded from macro 'FREQ2FBIN'
#define FREQ2FBIN(x, y)         ((y) ? ((x) - 2300) : (((x) - 4800) / 5))
                                        ~~~~^~~~~~
/home/cross/kernel/android_kernel_xiaomi_lavender/drivers/net/wireless/ath/ath9k/ar9003_eeprom.c:2251:39: warning: implicit conversion from 'int' to 'u8' (aka 'unsigned char') changes value from 3400 to 72 [-Wconstant-conversion]
                        /* Data[4].ctledges[3].bchannel */ FREQ2FBIN(5700, 0),
                                                           ^~~~~~~~~~~~~~~~~~
/home/cross/kernel/android_kernel_xiaomi_lavender/drivers/net/wireless/ath/ath9k/eeprom.h:98:38: note: expanded from macro 'FREQ2FBIN'
#define FREQ2FBIN(x, y)         ((y) ? ((x) - 2300) : (((x) - 4800) / 5))
                                        ~~~~^~~~~~
/home/cross/kernel/android_kernel_xiaomi_lavender/drivers/net/wireless/ath/ath9k/ar9003_eeprom.c:2259:39: warning: implicit conversion from 'int' to 'u8' (aka 'unsigned char') changes value from 2890 to 74 [-Wconstant-conversion]
                        /* Data[5].ctledges[0].bchannel */ FREQ2FBIN(5190, 0),
                                                           ^~~~~~~~~~~~~~~~~~
/home/cross/kernel/android_kernel_xiaomi_lavender/drivers/net/wireless/ath/ath9k/eeprom.h:98:38: note: expanded from macro 'FREQ2FBIN'
#define FREQ2FBIN(x, y)         ((y) ? ((x) - 2300) : (((x) - 4800) / 5))
                                        ~~~~^~~~~~
/home/cross/kernel/android_kernel_xiaomi_lavender/drivers/net/wireless/ath/ath9k/ar9003_eeprom.c:2260:39: warning: implicit conversion from 'int' to 'u8' (aka 'unsigned char') changes value from 2970 to 154 [-Wconstant-conversion]
                        /* Data[5].ctledges[1].bchannel */ FREQ2FBIN(5270, 0),
                                                           ^~~~~~~~~~~~~~~~~~
/home/cross/kernel/android_kernel_xiaomi_lavender/drivers/net/wireless/ath/ath9k/eeprom.h:98:38: note: expanded from macro 'FREQ2FBIN'
#define FREQ2FBIN(x, y)         ((y) ? ((x) - 2300) : (((x) - 4800) / 5))
                                        ~~~~^~~~~~
/home/cross/kernel/android_kernel_xiaomi_lavender/drivers/net/wireless/ath/ath9k/ar9003_eeprom.c:2261:39: warning: implicit conversion from 'int' to 'u8' (aka 'unsigned char') changes value from 3010 to 194 [-Wconstant-conversion]
                        /* Data[5].ctledges[2].bchannel */ FREQ2FBIN(5310, 0),
                                                           ^~~~~~~~~~~~~~~~~~
/home/cross/kernel/android_kernel_xiaomi_lavender/drivers/net/wireless/ath/ath9k/eeprom.h:98:38: note: expanded from macro 'FREQ2FBIN'
#define FREQ2FBIN(x, y)         ((y) ? ((x) - 2300) : (((x) - 4800) / 5))
                                        ~~~~^~~~~~
/home/cross/kernel/android_kernel_xiaomi_lavender/drivers/net/wireless/ath/ath9k/ar9003_eeprom.c:2262:39: warning: implicit conversion from 'int' to 'u8' (aka 'unsigned char') changes value from 3210 to 138 [-Wconstant-conversion]
                        /* Data[5].ctledges[3].bchannel */ FREQ2FBIN(5510, 0),
                                                           ^~~~~~~~~~~~~~~~~~
/home/cross/kernel/android_kernel_xiaomi_lavender/drivers/net/wireless/ath/ath9k/eeprom.h:98:38: note: expanded from macro 'FREQ2FBIN'
#define FREQ2FBIN(x, y)         ((y) ? ((x) - 2300) : (((x) - 4800) / 5))
                                        ~~~~^~~~~~
/home/cross/kernel/android_kernel_xiaomi_lavender/drivers/net/wireless/ath/ath9k/ar9003_eeprom.c:2263:39: warning: implicit conversion from 'int' to 'u8' (aka 'unsigned char') changes value from 3290 to 218 [-Wconstant-conversion]
                        /* Data[5].ctledges[4].bchannel */ FREQ2FBIN(5590, 0),
                                                           ^~~~~~~~~~~~~~~~~~
/home/cross/kernel/android_kernel_xiaomi_lavender/drivers/net/wireless/ath/ath9k/eeprom.h:98:38: note: expanded from macro 'FREQ2FBIN'
#define FREQ2FBIN(x, y)         ((y) ? ((x) - 2300) : (((x) - 4800) / 5))
                                        ~~~~^~~~~~
/home/cross/kernel/android_kernel_xiaomi_lavender/drivers/net/wireless/ath/ath9k/ar9003_eeprom.c:2264:39: warning: implicit conversion from 'int' to 'u8' (aka 'unsigned char') changes value from 3370 to 42 [-Wconstant-conversion]
                        /* Data[5].ctledges[5].bchannel */ FREQ2FBIN(5670, 0),
                                                           ^~~~~~~~~~~~~~~~~~
/home/cross/kernel/android_kernel_xiaomi_lavender/drivers/net/wireless/ath/ath9k/eeprom.h:98:38: note: expanded from macro 'FREQ2FBIN'
#define FREQ2FBIN(x, y)         ((y) ? ((x) - 2300) : (((x) - 4800) / 5))
                                        ~~~~^~~~~~
/home/cross/kernel/android_kernel_xiaomi_lavender/drivers/net/wireless/ath/ath9k/ar9003_eeprom.c:2270:39: warning: implicit conversion from 'int' to 'u8' (aka 'unsigned char') changes value from 2880 to 64 [-Wconstant-conversion]
                        /* Data[6].ctledges[0].bchannel */ FREQ2FBIN(5180, 0),
                                                           ^~~~~~~~~~~~~~~~~~
/home/cross/kernel/android_kernel_xiaomi_lavender/drivers/net/wireless/ath/ath9k/eeprom.h:98:38: note: expanded from macro 'FREQ2FBIN'
#define FREQ2FBIN(x, y)         ((y) ? ((x) - 2300) : (((x) - 4800) / 5))
                                        ~~~~^~~~~~
/home/cross/kernel/android_kernel_xiaomi_lavender/drivers/net/wireless/ath/ath9k/ar9003_eeprom.c:2271:39: warning: implicit conversion from 'int' to 'u8' (aka 'unsigned char') changes value from 2900 to 84 [-Wconstant-conversion]
                        /* Data[6].ctledges[1].bchannel */ FREQ2FBIN(5200, 0),
                                                           ^~~~~~~~~~~~~~~~~~
/home/cross/kernel/android_kernel_xiaomi_lavender/drivers/net/wireless/ath/ath9k/eeprom.h:98:38: note: expanded from macro 'FREQ2FBIN'
#define FREQ2FBIN(x, y)         ((y) ? ((x) - 2300) : (((x) - 4800) / 5))
                                        ~~~~^~~~~~
/home/cross/kernel/android_kernel_xiaomi_lavender/drivers/net/wireless/ath/ath9k/ar9003_eeprom.c:2272:39: warning: implicit conversion from 'int' to 'u8' (aka 'unsigned char') changes value from 2920 to 104 [-Wconstant-conversion]
                        /* Data[6].ctledges[2].bchannel */ FREQ2FBIN(5220, 0),
                                                           ^~~~~~~~~~~~~~~~~~
/home/cross/kernel/android_kernel_xiaomi_lavender/drivers/net/wireless/ath/ath9k/eeprom.h:98:38: note: expanded from macro 'FREQ2FBIN'
#define FREQ2FBIN(x, y)         ((y) ? ((x) - 2300) : (((x) - 4800) / 5))
                                        ~~~~^~~~~~
/home/cross/kernel/android_kernel_xiaomi_lavender/drivers/net/wireless/ath/ath9k/ar9003_eeprom.c:2273:39: warning: implicit conversion from 'int' to 'u8' (aka 'unsigned char') changes value from 2960 to 144 [-Wconstant-conversion]
                        /* Data[6].ctledges[3].bchannel */ FREQ2FBIN(5260, 0),
                                                           ^~~~~~~~~~~~~~~~~~
/home/cross/kernel/android_kernel_xiaomi_lavender/drivers/net/wireless/ath/ath9k/eeprom.h:98:38: note: expanded from macro 'FREQ2FBIN'
#define FREQ2FBIN(x, y)         ((y) ? ((x) - 2300) : (((x) - 4800) / 5))
                                        ~~~~^~~~~~
/home/cross/kernel/android_kernel_xiaomi_lavender/drivers/net/wireless/ath/ath9k/ar9003_eeprom.c:2274:39: warning: implicit conversion from 'int' to 'u8' (aka 'unsigned char') changes value from 3200 to 128 [-Wconstant-conversion]
                        /* Data[6].ctledges[4].bchannel */ FREQ2FBIN(5500, 0),
                                                           ^~~~~~~~~~~~~~~~~~
/home/cross/kernel/android_kernel_xiaomi_lavender/drivers/net/wireless/ath/ath9k/eeprom.h:98:38: note: expanded from macro 'FREQ2FBIN'
#define FREQ2FBIN(x, y)         ((y) ? ((x) - 2300) : (((x) - 4800) / 5))
                                        ~~~~^~~~~~
/home/cross/kernel/android_kernel_xiaomi_lavender/drivers/net/wireless/ath/ath9k/ar9003_eeprom.c:2275:39: warning: implicit conversion from 'int' to 'u8' (aka 'unsigned char') changes value from 3300 to 228 [-Wconstant-conversion]
                        /* Data[6].ctledges[5].bchannel */ FREQ2FBIN(5600, 0),
                                                           ^~~~~~~~~~~~~~~~~~
/home/cross/kernel/android_kernel_xiaomi_lavender/drivers/net/wireless/ath/ath9k/eeprom.h:98:38: note: expanded from macro 'FREQ2FBIN'
#define FREQ2FBIN(x, y)         ((y) ? ((x) - 2300) : (((x) - 4800) / 5))
                                        ~~~~^~~~~~
/home/cross/kernel/android_kernel_xiaomi_lavender/drivers/net/wireless/ath/ath9k/ar9003_eeprom.c:2276:39: warning: implicit conversion from 'int' to 'u8' (aka 'unsigned char') changes value from 3400 to 72 [-Wconstant-conversion]
                        /* Data[6].ctledges[6].bchannel */ FREQ2FBIN(5700, 0),
                                                           ^~~~~~~~~~~~~~~~~~
/home/cross/kernel/android_kernel_xiaomi_lavender/drivers/net/wireless/ath/ath9k/eeprom.h:98:38: note: expanded from macro 'FREQ2FBIN'
#define FREQ2FBIN(x, y)         ((y) ? ((x) - 2300) : (((x) - 4800) / 5))
                                        ~~~~^~~~~~
/home/cross/kernel/android_kernel_xiaomi_lavender/drivers/net/wireless/ath/ath9k/ar9003_eeprom.c:2277:39: warning: implicit conversion from 'int' to 'u8' (aka 'unsigned char') changes value from 3445 to 117 [-Wconstant-conversion]
                        /* Data[6].ctledges[7].bchannel */ FREQ2FBIN(5745, 0)
                                                           ^~~~~~~~~~~~~~~~~~
/home/cross/kernel/android_kernel_xiaomi_lavender/drivers/net/wireless/ath/ath9k/eeprom.h:98:38: note: expanded from macro 'FREQ2FBIN'
#define FREQ2FBIN(x, y)         ((y) ? ((x) - 2300) : (((x) - 4800) / 5))
                                        ~~~~^~~~~~
/home/cross/kernel/android_kernel_xiaomi_lavender/drivers/net/wireless/ath/ath9k/ar9003_eeprom.c:2281:39: warning: implicit conversion from 'int' to 'u8' (aka 'unsigned char') changes value from 2880 to 64 [-Wconstant-conversion]
                        /* Data[7].ctledges[0].bchannel */ FREQ2FBIN(5180, 0),
                                                           ^~~~~~~~~~~~~~~~~~
/home/cross/kernel/android_kernel_xiaomi_lavender/drivers/net/wireless/ath/ath9k/eeprom.h:98:38: note: expanded from macro 'FREQ2FBIN'
#define FREQ2FBIN(x, y)         ((y) ? ((x) - 2300) : (((x) - 4800) / 5))
                                        ~~~~^~~~~~
/home/cross/kernel/android_kernel_xiaomi_lavender/drivers/net/wireless/ath/ath9k/ar9003_eeprom.c:2282:39: warning: implicit conversion from 'int' to 'u8' (aka 'unsigned char') changes value from 2960 to 144 [-Wconstant-conversion]
                        /* Data[7].ctledges[1].bchannel */ FREQ2FBIN(5260, 0),
                                                           ^~~~~~~~~~~~~~~~~~
/home/cross/kernel/android_kernel_xiaomi_lavender/drivers/net/wireless/ath/ath9k/eeprom.h:98:38: note: expanded from macro 'FREQ2FBIN'
#define FREQ2FBIN(x, y)         ((y) ? ((x) - 2300) : (((x) - 4800) / 5))
                                        ~~~~^~~~~~
/home/cross/kernel/android_kernel_xiaomi_lavender/drivers/net/wireless/ath/ath9k/ar9003_eeprom.c:2283:39: warning: implicit conversion from 'int' to 'u8' (aka 'unsigned char') changes value from 3020 to 204 [-Wconstant-conversion]
                        /* Data[7].ctledges[2].bchannel */ FREQ2FBIN(5320, 0),
                                                           ^~~~~~~~~~~~~~~~~~
/home/cross/kernel/android_kernel_xiaomi_lavender/drivers/net/wireless/ath/ath9k/eeprom.h:98:38: note: expanded from macro 'FREQ2FBIN'
#define FREQ2FBIN(x, y)         ((y) ? ((x) - 2300) : (((x) - 4800) / 5))
                                        ~~~~^~~~~~
/home/cross/kernel/android_kernel_xiaomi_lavender/drivers/net/wireless/ath/ath9k/ar9003_eeprom.c:2284:39: warning: implicit conversion from 'int' to 'u8' (aka 'unsigned char') changes value from 3200 to 128 [-Wconstant-conversion]
                        /* Data[7].ctledges[3].bchannel */ FREQ2FBIN(5500, 0),
                                                           ^~~~~~~~~~~~~~~~~~
/home/cross/kernel/android_kernel_xiaomi_lavender/drivers/net/wireless/ath/ath9k/eeprom.h:98:38: note: expanded from macro 'FREQ2FBIN'
#define FREQ2FBIN(x, y)         ((y) ? ((x) - 2300) : (((x) - 4800) / 5))
                                        ~~~~^~~~~~
/home/cross/kernel/android_kernel_xiaomi_lavender/drivers/net/wireless/ath/ath9k/ar9003_eeprom.c:2285:39: warning: implicit conversion from 'int' to 'u8' (aka 'unsigned char') changes value from 3260 to 188 [-Wconstant-conversion]
                        /* Data[7].ctledges[4].bchannel */ FREQ2FBIN(5560, 0),
                                                           ^~~~~~~~~~~~~~~~~~
/home/cross/kernel/android_kernel_xiaomi_lavender/drivers/net/wireless/ath/ath9k/eeprom.h:98:38: note: expanded from macro 'FREQ2FBIN'
#define FREQ2FBIN(x, y)         ((y) ? ((x) - 2300) : (((x) - 4800) / 5))
                                        ~~~~^~~~~~
/home/cross/kernel/android_kernel_xiaomi_lavender/drivers/net/wireless/ath/ath9k/ar9003_eeprom.c:2286:39: warning: implicit conversion from 'int' to 'u8' (aka 'unsigned char') changes value from 3400 to 72 [-Wconstant-conversion]
                        /* Data[7].ctledges[5].bchannel */ FREQ2FBIN(5700, 0),
                                                           ^~~~~~~~~~~~~~~~~~
/home/cross/kernel/android_kernel_xiaomi_lavender/drivers/net/wireless/ath/ath9k/eeprom.h:98:38: note: expanded from macro 'FREQ2FBIN'
#define FREQ2FBIN(x, y)         ((y) ? ((x) - 2300) : (((x) - 4800) / 5))
                                        ~~~~^~~~~~
/home/cross/kernel/android_kernel_xiaomi_lavender/drivers/net/wireless/ath/ath9k/ar9003_eeprom.c:2287:39: warning: implicit conversion from 'int' to 'u8' (aka 'unsigned char') changes value from 3445 to 117 [-Wconstant-conversion]
                        /* Data[7].ctledges[6].bchannel */ FREQ2FBIN(5745, 0),
                                                           ^~~~~~~~~~~~~~~~~~
/home/cross/kernel/android_kernel_xiaomi_lavender/drivers/net/wireless/ath/ath9k/eeprom.h:98:38: note: expanded from macro 'FREQ2FBIN'
#define FREQ2FBIN(x, y)         ((y) ? ((x) - 2300) : (((x) - 4800) / 5))
                                        ~~~~^~~~~~
/home/cross/kernel/android_kernel_xiaomi_lavender/drivers/net/wireless/ath/ath9k/ar9003_eeprom.c:2288:39: warning: implicit conversion from 'int' to 'u8' (aka 'unsigned char') changes value from 3525 to 197 [-Wconstant-conversion]
                        /* Data[7].ctledges[7].bchannel */ FREQ2FBIN(5825, 0)
                                                           ^~~~~~~~~~~~~~~~~~
/home/cross/kernel/android_kernel_xiaomi_lavender/drivers/net/wireless/ath/ath9k/eeprom.h:98:38: note: expanded from macro 'FREQ2FBIN'
#define FREQ2FBIN(x, y)         ((y) ? ((x) - 2300) : (((x) - 4800) / 5))
                                        ~~~~^~~~~~
/home/cross/kernel/android_kernel_xiaomi_lavender/drivers/net/wireless/ath/ath9k/ar9003_eeprom.c:2292:39: warning: implicit conversion from 'int' to 'u8' (aka 'unsigned char') changes value from 2890 to 74 [-Wconstant-conversion]
                        /* Data[8].ctledges[0].bchannel */ FREQ2FBIN(5190, 0),
                                                           ^~~~~~~~~~~~~~~~~~
/home/cross/kernel/android_kernel_xiaomi_lavender/drivers/net/wireless/ath/ath9k/eeprom.h:98:38: note: expanded from macro 'FREQ2FBIN'
#define FREQ2FBIN(x, y)         ((y) ? ((x) - 2300) : (((x) - 4800) / 5))
                                        ~~~~^~~~~~
/home/cross/kernel/android_kernel_xiaomi_lavender/drivers/net/wireless/ath/ath9k/ar9003_eeprom.c:2293:39: warning: implicit conversion from 'int' to 'u8' (aka 'unsigned char') changes value from 2930 to 114 [-Wconstant-conversion]
                        /* Data[8].ctledges[1].bchannel */ FREQ2FBIN(5230, 0),
                                                           ^~~~~~~~~~~~~~~~~~
/home/cross/kernel/android_kernel_xiaomi_lavender/drivers/net/wireless/ath/ath9k/eeprom.h:98:38: note: expanded from macro 'FREQ2FBIN'
#define FREQ2FBIN(x, y)         ((y) ? ((x) - 2300) : (((x) - 4800) / 5))
                                        ~~~~^~~~~~
/home/cross/kernel/android_kernel_xiaomi_lavender/drivers/net/wireless/ath/ath9k/ar9003_eeprom.c:2294:39: warning: implicit conversion from 'int' to 'u8' (aka 'unsigned char') changes value from 2970 to 154 [-Wconstant-conversion]
                        /* Data[8].ctledges[2].bchannel */ FREQ2FBIN(5270, 0),
                                                           ^~~~~~~~~~~~~~~~~~
/home/cross/kernel/android_kernel_xiaomi_lavender/drivers/net/wireless/ath/ath9k/eeprom.h:98:38: note: expanded from macro 'FREQ2FBIN'
#define FREQ2FBIN(x, y)         ((y) ? ((x) - 2300) : (((x) - 4800) / 5))
                                        ~~~~^~~~~~
/home/cross/kernel/android_kernel_xiaomi_lavender/drivers/net/wireless/ath/ath9k/ar9003_eeprom.c:2295:39: warning: implicit conversion from 'int' to 'u8' (aka 'unsigned char') changes value from 3210 to 138 [-Wconstant-conversion]
                        /* Data[8].ctledges[3].bchannel */ FREQ2FBIN(5510, 0),
                                                           ^~~~~~~~~~~~~~~~~~
/home/cross/kernel/android_kernel_xiaomi_lavender/drivers/net/wireless/ath/ath9k/eeprom.h:98:38: note: expanded from macro 'FREQ2FBIN'
#define FREQ2FBIN(x, y)         ((y) ? ((x) - 2300) : (((x) - 4800) / 5))
                                        ~~~~^~~~~~
/home/cross/kernel/android_kernel_xiaomi_lavender/drivers/net/wireless/ath/ath9k/ar9003_eeprom.c:2296:39: warning: implicit conversion from 'int' to 'u8' (aka 'unsigned char') changes value from 3250 to 178 [-Wconstant-conversion]
                        /* Data[8].ctledges[4].bchannel */ FREQ2FBIN(5550, 0),
                                                           ^~~~~~~~~~~~~~~~~~
/home/cross/kernel/android_kernel_xiaomi_lavender/drivers/net/wireless/ath/ath9k/eeprom.h:98:38: note: expanded from macro 'FREQ2FBIN'
#define FREQ2FBIN(x, y)         ((y) ? ((x) - 2300) : (((x) - 4800) / 5))
                                        ~~~~^~~~~~
/home/cross/kernel/android_kernel_xiaomi_lavender/drivers/net/wireless/ath/ath9k/ar9003_eeprom.c:2297:39: warning: implicit conversion from 'int' to 'u8' (aka 'unsigned char') changes value from 3370 to 42 [-Wconstant-conversion]
                        /* Data[8].ctledges[5].bchannel */ FREQ2FBIN(5670, 0),
                                                           ^~~~~~~~~~~~~~~~~~
/home/cross/kernel/android_kernel_xiaomi_lavender/drivers/net/wireless/ath/ath9k/eeprom.h:98:38: note: expanded from macro 'FREQ2FBIN'
#define FREQ2FBIN(x, y)         ((y) ? ((x) - 2300) : (((x) - 4800) / 5))
                                        ~~~~^~~~~~
/home/cross/kernel/android_kernel_xiaomi_lavender/drivers/net/wireless/ath/ath9k/ar9003_eeprom.c:2298:39: warning: implicit conversion from 'int' to 'u8' (aka 'unsigned char') changes value from 3455 to 127 [-Wconstant-conversion]
                        /* Data[8].ctledges[6].bchannel */ FREQ2FBIN(5755, 0),
                                                           ^~~~~~~~~~~~~~~~~~
/home/cross/kernel/android_kernel_xiaomi_lavender/drivers/net/wireless/ath/ath9k/eeprom.h:98:38: note: expanded from macro 'FREQ2FBIN'
#define FREQ2FBIN(x, y)         ((y) ? ((x) - 2300) : (((x) - 4800) / 5))
                                        ~~~~^~~~~~
/home/cross/kernel/android_kernel_xiaomi_lavender/drivers/net/wireless/ath/ath9k/ar9003_eeprom.c:2299:39: warning: implicit conversion from 'int' to 'u8' (aka 'unsigned char') changes value from 3495 to 167 [-Wconstant-conversion]
                        /* Data[8].ctledges[7].bchannel */ FREQ2FBIN(5795, 0)
                                                           ^~~~~~~~~~~~~~~~~~
/home/cross/kernel/android_kernel_xiaomi_lavender/drivers/net/wireless/ath/ath9k/eeprom.h:98:38: note: expanded from macro 'FREQ2FBIN'
#define FREQ2FBIN(x, y)         ((y) ? ((x) - 2300) : (((x) - 4800) / 5))
                                        ~~~~^~~~~~
/home/cross/kernel/android_kernel_xiaomi_lavender/drivers/net/wireless/ath/ath9k/ar9003_eeprom.c:2426:17: warning: implicit conversion from 'int' to 'u8' (aka 'unsigned char') changes value from -467 to 45 [-Wconstant-conversion]
                .spurChans = {FREQ2FBIN(2464, 1), 0, 0, 0, 0},
                             ~^~~~~~~~~~~~~~~~~~
/home/cross/kernel/android_kernel_xiaomi_lavender/drivers/net/wireless/ath/ath9k/eeprom.h:98:62: note: expanded from macro 'FREQ2FBIN'
#define FREQ2FBIN(x, y)         ((y) ? ((x) - 2300) : (((x) - 4800) / 5))
                                                       ~~~~~~~~~~~~~^~~
/home/cross/kernel/android_kernel_xiaomi_lavender/drivers/net/wireless/ath/ath9k/ar9003_eeprom.c:2460:3: warning: implicit conversion from 'int' to 'u8' (aka 'unsigned char') changes value from -477 to 35 [-Wconstant-conversion]
                FREQ2FBIN(2412, 1),
                ^~~~~~~~~~~~~~~~~~
/home/cross/kernel/android_kernel_xiaomi_lavender/drivers/net/wireless/ath/ath9k/eeprom.h:98:62: note: expanded from macro 'FREQ2FBIN'
#define FREQ2FBIN(x, y)         ((y) ? ((x) - 2300) : (((x) - 4800) / 5))
                                                       ~~~~~~~~~~~~~^~~
/home/cross/kernel/android_kernel_xiaomi_lavender/drivers/net/wireless/ath/ath9k/ar9003_eeprom.c:2461:3: warning: implicit conversion from 'int' to 'u8' (aka 'unsigned char') changes value from -472 to 40 [-Wconstant-conversion]
                FREQ2FBIN(2437, 1),
                ^~~~~~~~~~~~~~~~~~
/home/cross/kernel/android_kernel_xiaomi_lavender/drivers/net/wireless/ath/ath9k/eeprom.h:98:62: note: expanded from macro 'FREQ2FBIN'
#define FREQ2FBIN(x, y)         ((y) ? ((x) - 2300) : (((x) - 4800) / 5))
                                                       ~~~~~~~~~~~~~^~~
/home/cross/kernel/android_kernel_xiaomi_lavender/drivers/net/wireless/ath/ath9k/ar9003_eeprom.c:2462:3: warning: implicit conversion from 'int' to 'u8' (aka 'unsigned char') changes value from -467 to 45 [-Wconstant-conversion]
                FREQ2FBIN(2462, 1),
                ^~~~~~~~~~~~~~~~~~
/home/cross/kernel/android_kernel_xiaomi_lavender/drivers/net/wireless/ath/ath9k/eeprom.h:98:62: note: expanded from macro 'FREQ2FBIN'
#define FREQ2FBIN(x, y)         ((y) ? ((x) - 2300) : (((x) - 4800) / 5))
                                                       ~~~~~~~~~~~~~^~~
/home/cross/kernel/android_kernel_xiaomi_lavender/drivers/net/wireless/ath/ath9k/ar9003_eeprom.c:2471:3: warning: implicit conversion from 'int' to 'u8' (aka 'unsigned char') changes value from -477 to 35 [-Wconstant-conversion]
                FREQ2FBIN(2412, 1),
                ^~~~~~~~~~~~~~~~~~
/home/cross/kernel/android_kernel_xiaomi_lavender/drivers/net/wireless/ath/ath9k/eeprom.h:98:62: note: expanded from macro 'FREQ2FBIN'
#define FREQ2FBIN(x, y)         ((y) ? ((x) - 2300) : (((x) - 4800) / 5))
                                                       ~~~~~~~~~~~~~^~~
/home/cross/kernel/android_kernel_xiaomi_lavender/drivers/net/wireless/ath/ath9k/ar9003_eeprom.c:2472:3: warning: implicit conversion from 'int' to 'u8' (aka 'unsigned char') changes value from -465 to 47 [-Wconstant-conversion]
                FREQ2FBIN(2472, 1),
                ^~~~~~~~~~~~~~~~~~
/home/cross/kernel/android_kernel_xiaomi_lavender/drivers/net/wireless/ath/ath9k/eeprom.h:98:62: note: expanded from macro 'FREQ2FBIN'
#define FREQ2FBIN(x, y)         ((y) ? ((x) - 2300) : (((x) - 4800) / 5))
                                                       ~~~~~~~~~~~~~^~~
/home/cross/kernel/android_kernel_xiaomi_lavender/drivers/net/wireless/ath/ath9k/ar9003_eeprom.c:2475:3: warning: implicit conversion from 'int' to 'u8' (aka 'unsigned char') changes value from -477 to 35 [-Wconstant-conversion]
                FREQ2FBIN(2412, 1),
                ^~~~~~~~~~~~~~~~~~
/home/cross/kernel/android_kernel_xiaomi_lavender/drivers/net/wireless/ath/ath9k/eeprom.h:98:62: note: expanded from macro 'FREQ2FBIN'
#define FREQ2FBIN(x, y)         ((y) ? ((x) - 2300) : (((x) - 4800) / 5))
                                                       ~~~~~~~~~~~~~^~~
/home/cross/kernel/android_kernel_xiaomi_lavender/drivers/net/wireless/ath/ath9k/ar9003_eeprom.c:2476:3: warning: implicit conversion from 'int' to 'u8' (aka 'unsigned char') changes value from -472 to 40 [-Wconstant-conversion]
                FREQ2FBIN(2437, 1),
                ^~~~~~~~~~~~~~~~~~
/home/cross/kernel/android_kernel_xiaomi_lavender/drivers/net/wireless/ath/ath9k/eeprom.h:98:62: note: expanded from macro 'FREQ2FBIN'
#define FREQ2FBIN(x, y)         ((y) ? ((x) - 2300) : (((x) - 4800) / 5))
                                                       ~~~~~~~~~~~~~^~~
/home/cross/kernel/android_kernel_xiaomi_lavender/drivers/net/wireless/ath/ath9k/ar9003_eeprom.c:2477:3: warning: implicit conversion from 'int' to 'u8' (aka 'unsigned char') changes value from -465 to 47 [-Wconstant-conversion]
                FREQ2FBIN(2472, 1)
                ^~~~~~~~~~~~~~~~~~
/home/cross/kernel/android_kernel_xiaomi_lavender/drivers/net/wireless/ath/ath9k/eeprom.h:98:62: note: expanded from macro 'FREQ2FBIN'
#define FREQ2FBIN(x, y)         ((y) ? ((x) - 2300) : (((x) - 4800) / 5))
                                                       ~~~~~~~~~~~~~^~~
/home/cross/kernel/android_kernel_xiaomi_lavender/drivers/net/wireless/ath/ath9k/ar9003_eeprom.c:2480:3: warning: implicit conversion from 'int' to 'u8' (aka 'unsigned char') changes value from -477 to 35 [-Wconstant-conversion]
                FREQ2FBIN(2412, 1),
                ^~~~~~~~~~~~~~~~~~
/home/cross/kernel/android_kernel_xiaomi_lavender/drivers/net/wireless/ath/ath9k/eeprom.h:98:62: note: expanded from macro 'FREQ2FBIN'
#define FREQ2FBIN(x, y)         ((y) ? ((x) - 2300) : (((x) - 4800) / 5))
                                                       ~~~~~~~~~~~~~^~~
/home/cross/kernel/android_kernel_xiaomi_lavender/drivers/net/wireless/ath/ath9k/ar9003_eeprom.c:2481:3: warning: implicit conversion from 'int' to 'u8' (aka 'unsigned char') changes value from -472 to 40 [-Wconstant-conversion]
                FREQ2FBIN(2437, 1),
                ^~~~~~~~~~~~~~~~~~
/home/cross/kernel/android_kernel_xiaomi_lavender/drivers/net/wireless/ath/ath9k/eeprom.h:98:62: note: expanded from macro 'FREQ2FBIN'
#define FREQ2FBIN(x, y)         ((y) ? ((x) - 2300) : (((x) - 4800) / 5))
                                                       ~~~~~~~~~~~~~^~~
/home/cross/kernel/android_kernel_xiaomi_lavender/drivers/net/wireless/ath/ath9k/ar9003_eeprom.c:2482:3: warning: implicit conversion from 'int' to 'u8' (aka 'unsigned char') changes value from -465 to 47 [-Wconstant-conversion]
                FREQ2FBIN(2472, 1)
                ^~~~~~~~~~~~~~~~~~
/home/cross/kernel/android_kernel_xiaomi_lavender/drivers/net/wireless/ath/ath9k/eeprom.h:98:62: note: expanded from macro 'FREQ2FBIN'
#define FREQ2FBIN(x, y)         ((y) ? ((x) - 2300) : (((x) - 4800) / 5))
                                                       ~~~~~~~~~~~~~^~~
/home/cross/kernel/android_kernel_xiaomi_lavender/drivers/net/wireless/ath/ath9k/ar9003_eeprom.c:2485:3: warning: implicit conversion from 'int' to 'u8' (aka 'unsigned char') changes value from -477 to 35 [-Wconstant-conversion]
                FREQ2FBIN(2412, 1),
                ^~~~~~~~~~~~~~~~~~
/home/cross/kernel/android_kernel_xiaomi_lavender/drivers/net/wireless/ath/ath9k/eeprom.h:98:62: note: expanded from macro 'FREQ2FBIN'
#define FREQ2FBIN(x, y)         ((y) ? ((x) - 2300) : (((x) - 4800) / 5))
                                                       ~~~~~~~~~~~~~^~~
/home/cross/kernel/android_kernel_xiaomi_lavender/drivers/net/wireless/ath/ath9k/ar9003_eeprom.c:2486:3: warning: implicit conversion from 'int' to 'u8' (aka 'unsigned char') changes value from -472 to 40 [-Wconstant-conversion]
                FREQ2FBIN(2437, 1),
                ^~~~~~~~~~~~~~~~~~
/home/cross/kernel/android_kernel_xiaomi_lavender/drivers/net/wireless/ath/ath9k/eeprom.h:98:62: note: expanded from macro 'FREQ2FBIN'
#define FREQ2FBIN(x, y)         ((y) ? ((x) - 2300) : (((x) - 4800) / 5))
                                                       ~~~~~~~~~~~~~^~~
/home/cross/kernel/android_kernel_xiaomi_lavender/drivers/net/wireless/ath/ath9k/ar9003_eeprom.c:2487:3: warning: implicit conversion from 'int' to 'u8' (aka 'unsigned char') changes value from -465 to 47 [-Wconstant-conversion]
                FREQ2FBIN(2472, 1)
                ^~~~~~~~~~~~~~~~~~
/home/cross/kernel/android_kernel_xiaomi_lavender/drivers/net/wireless/ath/ath9k/eeprom.h:98:62: note: expanded from macro 'FREQ2FBIN'
#define FREQ2FBIN(x, y)         ((y) ? ((x) - 2300) : (((x) - 4800) / 5))
                                                       ~~~~~~~~~~~~~^~~
/home/cross/kernel/android_kernel_xiaomi_lavender/drivers/net/wireless/ath/ath9k/ar9003_eeprom.c:2516:4: warning: implicit conversion from 'int' to 'u8' (aka 'unsigned char') changes value from -477 to 35 [-Wconstant-conversion]
                        FREQ2FBIN(2412, 1),
                        ^~~~~~~~~~~~~~~~~~
/home/cross/kernel/android_kernel_xiaomi_lavender/drivers/net/wireless/ath/ath9k/eeprom.h:98:62: note: expanded from macro 'FREQ2FBIN'
#define FREQ2FBIN(x, y)         ((y) ? ((x) - 2300) : (((x) - 4800) / 5))
                                                       ~~~~~~~~~~~~~^~~
/home/cross/kernel/android_kernel_xiaomi_lavender/drivers/net/wireless/ath/ath9k/ar9003_eeprom.c:2517:4: warning: implicit conversion from 'int' to 'u8' (aka 'unsigned char') changes value from -476 to 36 [-Wconstant-conversion]
                        FREQ2FBIN(2417, 1),
                        ^~~~~~~~~~~~~~~~~~
/home/cross/kernel/android_kernel_xiaomi_lavender/drivers/net/wireless/ath/ath9k/eeprom.h:98:62: note: expanded from macro 'FREQ2FBIN'
#define FREQ2FBIN(x, y)         ((y) ? ((x) - 2300) : (((x) - 4800) / 5))
                                                       ~~~~~~~~~~~~~^~~
/home/cross/kernel/android_kernel_xiaomi_lavender/drivers/net/wireless/ath/ath9k/ar9003_eeprom.c:2518:4: warning: implicit conversion from 'int' to 'u8' (aka 'unsigned char') changes value from -468 to 44 [-Wconstant-conversion]
                        FREQ2FBIN(2457, 1),
                        ^~~~~~~~~~~~~~~~~~
/home/cross/kernel/android_kernel_xiaomi_lavender/drivers/net/wireless/ath/ath9k/eeprom.h:98:62: note: expanded from macro 'FREQ2FBIN'
#define FREQ2FBIN(x, y)         ((y) ? ((x) - 2300) : (((x) - 4800) / 5))
                                                       ~~~~~~~~~~~~~^~~
/home/cross/kernel/android_kernel_xiaomi_lavender/drivers/net/wireless/ath/ath9k/ar9003_eeprom.c:2519:4: warning: implicit conversion from 'int' to 'u8' (aka 'unsigned char') changes value from -467 to 45 [-Wconstant-conversion]
                        FREQ2FBIN(2462, 1)
                        ^~~~~~~~~~~~~~~~~~
/home/cross/kernel/android_kernel_xiaomi_lavender/drivers/net/wireless/ath/ath9k/eeprom.h:98:62: note: expanded from macro 'FREQ2FBIN'
#define FREQ2FBIN(x, y)         ((y) ? ((x) - 2300) : (((x) - 4800) / 5))
                                                       ~~~~~~~~~~~~~^~~
/home/cross/kernel/android_kernel_xiaomi_lavender/drivers/net/wireless/ath/ath9k/ar9003_eeprom.c:2522:4: warning: implicit conversion from 'int' to 'u8' (aka 'unsigned char') changes value from -477 to 35 [-Wconstant-conversion]
                        FREQ2FBIN(2412, 1),
                        ^~~~~~~~~~~~~~~~~~
/home/cross/kernel/android_kernel_xiaomi_lavender/drivers/net/wireless/ath/ath9k/eeprom.h:98:62: note: expanded from macro 'FREQ2FBIN'
#define FREQ2FBIN(x, y)         ((y) ? ((x) - 2300) : (((x) - 4800) / 5))
                                                       ~~~~~~~~~~~~~^~~
/home/cross/kernel/android_kernel_xiaomi_lavender/drivers/net/wireless/ath/ath9k/ar9003_eeprom.c:2523:4: warning: implicit conversion from 'int' to 'u8' (aka 'unsigned char') changes value from -476 to 36 [-Wconstant-conversion]
                        FREQ2FBIN(2417, 1),
                        ^~~~~~~~~~~~~~~~~~
/home/cross/kernel/android_kernel_xiaomi_lavender/drivers/net/wireless/ath/ath9k/eeprom.h:98:62: note: expanded from macro 'FREQ2FBIN'
#define FREQ2FBIN(x, y)         ((y) ? ((x) - 2300) : (((x) - 4800) / 5))
                                                       ~~~~~~~~~~~~~^~~
/home/cross/kernel/android_kernel_xiaomi_lavender/drivers/net/wireless/ath/ath9k/ar9003_eeprom.c:2524:4: warning: implicit conversion from 'int' to 'u8' (aka 'unsigned char') changes value from -467 to 45 [-Wconstant-conversion]
                        FREQ2FBIN(2462, 1),
                        ^~~~~~~~~~~~~~~~~~
/home/cross/kernel/android_kernel_xiaomi_lavender/drivers/net/wireless/ath/ath9k/eeprom.h:98:62: note: expanded from macro 'FREQ2FBIN'
#define FREQ2FBIN(x, y)         ((y) ? ((x) - 2300) : (((x) - 4800) / 5))
                                                       ~~~~~~~~~~~~~^~~
/home/cross/kernel/android_kernel_xiaomi_lavender/drivers/net/wireless/ath/ath9k/ar9003_eeprom.c:2529:4: warning: implicit conversion from 'int' to 'u8' (aka 'unsigned char') changes value from -477 to 35 [-Wconstant-conversion]
                        FREQ2FBIN(2412, 1),
                        ^~~~~~~~~~~~~~~~~~
/home/cross/kernel/android_kernel_xiaomi_lavender/drivers/net/wireless/ath/ath9k/eeprom.h:98:62: note: expanded from macro 'FREQ2FBIN'
#define FREQ2FBIN(x, y)         ((y) ? ((x) - 2300) : (((x) - 4800) / 5))
                                                       ~~~~~~~~~~~~~^~~
/home/cross/kernel/android_kernel_xiaomi_lavender/drivers/net/wireless/ath/ath9k/ar9003_eeprom.c:2530:4: warning: implicit conversion from 'int' to 'u8' (aka 'unsigned char') changes value from -476 to 36 [-Wconstant-conversion]
                        FREQ2FBIN(2417, 1),
                        ^~~~~~~~~~~~~~~~~~
/home/cross/kernel/android_kernel_xiaomi_lavender/drivers/net/wireless/ath/ath9k/eeprom.h:98:62: note: expanded from macro 'FREQ2FBIN'
#define FREQ2FBIN(x, y)         ((y) ? ((x) - 2300) : (((x) - 4800) / 5))
                                                       ~~~~~~~~~~~~~^~~
/home/cross/kernel/android_kernel_xiaomi_lavender/drivers/net/wireless/ath/ath9k/ar9003_eeprom.c:2531:4: warning: implicit conversion from 'int' to 'u8' (aka 'unsigned char') changes value from -467 to 45 [-Wconstant-conversion]
                        FREQ2FBIN(2462, 1),
                        ^~~~~~~~~~~~~~~~~~
/home/cross/kernel/android_kernel_xiaomi_lavender/drivers/net/wireless/ath/ath9k/eeprom.h:98:62: note: expanded from macro 'FREQ2FBIN'
#define FREQ2FBIN(x, y)         ((y) ? ((x) - 2300) : (((x) - 4800) / 5))
                                                       ~~~~~~~~~~~~~^~~
/home/cross/kernel/android_kernel_xiaomi_lavender/drivers/net/wireless/ath/ath9k/ar9003_eeprom.c:2535:4: warning: implicit conversion from 'int' to 'u8' (aka 'unsigned char') changes value from -475 to 37 [-Wconstant-conversion]
                        FREQ2FBIN(2422, 1),
                        ^~~~~~~~~~~~~~~~~~
/home/cross/kernel/android_kernel_xiaomi_lavender/drivers/net/wireless/ath/ath9k/eeprom.h:98:62: note: expanded from macro 'FREQ2FBIN'
#define FREQ2FBIN(x, y)         ((y) ? ((x) - 2300) : (((x) - 4800) / 5))
                                                       ~~~~~~~~~~~~~^~~
/home/cross/kernel/android_kernel_xiaomi_lavender/drivers/net/wireless/ath/ath9k/ar9003_eeprom.c:2536:4: warning: implicit conversion from 'int' to 'u8' (aka 'unsigned char') changes value from -474 to 38 [-Wconstant-conversion]
                        FREQ2FBIN(2427, 1),
                        ^~~~~~~~~~~~~~~~~~
/home/cross/kernel/android_kernel_xiaomi_lavender/drivers/net/wireless/ath/ath9k/eeprom.h:98:62: note: expanded from macro 'FREQ2FBIN'
#define FREQ2FBIN(x, y)         ((y) ? ((x) - 2300) : (((x) - 4800) / 5))
                                                       ~~~~~~~~~~~~~^~~
/home/cross/kernel/android_kernel_xiaomi_lavender/drivers/net/wireless/ath/ath9k/ar9003_eeprom.c:2537:4: warning: implicit conversion from 'int' to 'u8' (aka 'unsigned char') changes value from -470 to 42 [-Wconstant-conversion]
                        FREQ2FBIN(2447, 1),
                        ^~~~~~~~~~~~~~~~~~
/home/cross/kernel/android_kernel_xiaomi_lavender/drivers/net/wireless/ath/ath9k/eeprom.h:98:62: note: expanded from macro 'FREQ2FBIN'
#define FREQ2FBIN(x, y)         ((y) ? ((x) - 2300) : (((x) - 4800) / 5))
                                                       ~~~~~~~~~~~~~^~~
/home/cross/kernel/android_kernel_xiaomi_lavender/drivers/net/wireless/ath/ath9k/ar9003_eeprom.c:2538:4: warning: implicit conversion from 'int' to 'u8' (aka 'unsigned char') changes value from -469 to 43 [-Wconstant-conversion]
                        FREQ2FBIN(2452, 1)
                        ^~~~~~~~~~~~~~~~~~
/home/cross/kernel/android_kernel_xiaomi_lavender/drivers/net/wireless/ath/ath9k/eeprom.h:98:62: note: expanded from macro 'FREQ2FBIN'
#define FREQ2FBIN(x, y)         ((y) ? ((x) - 2300) : (((x) - 4800) / 5))
                                                       ~~~~~~~~~~~~~^~~
/home/cross/kernel/android_kernel_xiaomi_lavender/drivers/net/wireless/ath/ath9k/ar9003_eeprom.c:2542:39: warning: implicit conversion from 'int' to 'u8' (aka 'unsigned char') changes value from -477 to 35 [-Wconstant-conversion]
                        /* Data[4].ctlEdges[0].bChannel */ FREQ2FBIN(2412, 1),
                                                           ^~~~~~~~~~~~~~~~~~
/home/cross/kernel/android_kernel_xiaomi_lavender/drivers/net/wireless/ath/ath9k/eeprom.h:98:62: note: expanded from macro 'FREQ2FBIN'
#define FREQ2FBIN(x, y)         ((y) ? ((x) - 2300) : (((x) - 4800) / 5))
                                                       ~~~~~~~~~~~~~^~~
/home/cross/kernel/android_kernel_xiaomi_lavender/drivers/net/wireless/ath/ath9k/ar9003_eeprom.c:2543:39: warning: implicit conversion from 'int' to 'u8' (aka 'unsigned char') changes value from -476 to 36 [-Wconstant-conversion]
                        /* Data[4].ctlEdges[1].bChannel */ FREQ2FBIN(2417, 1),
                                                           ^~~~~~~~~~~~~~~~~~
/home/cross/kernel/android_kernel_xiaomi_lavender/drivers/net/wireless/ath/ath9k/eeprom.h:98:62: note: expanded from macro 'FREQ2FBIN'
#define FREQ2FBIN(x, y)         ((y) ? ((x) - 2300) : (((x) - 4800) / 5))
                                                       ~~~~~~~~~~~~~^~~
/home/cross/kernel/android_kernel_xiaomi_lavender/drivers/net/wireless/ath/ath9k/ar9003_eeprom.c:2544:39: warning: implicit conversion from 'int' to 'u8' (aka 'unsigned char') changes value from -465 to 47 [-Wconstant-conversion]
                        /* Data[4].ctlEdges[2].bChannel */ FREQ2FBIN(2472, 1),
                                                           ^~~~~~~~~~~~~~~~~~
/home/cross/kernel/android_kernel_xiaomi_lavender/drivers/net/wireless/ath/ath9k/eeprom.h:98:62: note: expanded from macro 'FREQ2FBIN'
#define FREQ2FBIN(x, y)         ((y) ? ((x) - 2300) : (((x) - 4800) / 5))
                                                       ~~~~~~~~~~~~~^~~
/home/cross/kernel/android_kernel_xiaomi_lavender/drivers/net/wireless/ath/ath9k/ar9003_eeprom.c:2545:39: warning: implicit conversion from 'int' to 'u8' (aka 'unsigned char') changes value from -463 to 49 [-Wconstant-conversion]
                        /* Data[4].ctlEdges[3].bChannel */ FREQ2FBIN(2484, 1),
                                                           ^~~~~~~~~~~~~~~~~~
/home/cross/kernel/android_kernel_xiaomi_lavender/drivers/net/wireless/ath/ath9k/eeprom.h:98:62: note: expanded from macro 'FREQ2FBIN'
#define FREQ2FBIN(x, y)         ((y) ? ((x) - 2300) : (((x) - 4800) / 5))
                                                       ~~~~~~~~~~~~~^~~
/home/cross/kernel/android_kernel_xiaomi_lavender/drivers/net/wireless/ath/ath9k/ar9003_eeprom.c:2549:39: warning: implicit conversion from 'int' to 'u8' (aka 'unsigned char') changes value from -477 to 35 [-Wconstant-conversion]
                        /* Data[5].ctlEdges[0].bChannel */ FREQ2FBIN(2412, 1),
                                                           ^~~~~~~~~~~~~~~~~~
/home/cross/kernel/android_kernel_xiaomi_lavender/drivers/net/wireless/ath/ath9k/eeprom.h:98:62: note: expanded from macro 'FREQ2FBIN'
#define FREQ2FBIN(x, y)         ((y) ? ((x) - 2300) : (((x) - 4800) / 5))
                                                       ~~~~~~~~~~~~~^~~
/home/cross/kernel/android_kernel_xiaomi_lavender/drivers/net/wireless/ath/ath9k/ar9003_eeprom.c:2550:39: warning: implicit conversion from 'int' to 'u8' (aka 'unsigned char') changes value from -476 to 36 [-Wconstant-conversion]
                        /* Data[5].ctlEdges[1].bChannel */ FREQ2FBIN(2417, 1),
                                                           ^~~~~~~~~~~~~~~~~~
/home/cross/kernel/android_kernel_xiaomi_lavender/drivers/net/wireless/ath/ath9k/eeprom.h:98:62: note: expanded from macro 'FREQ2FBIN'
#define FREQ2FBIN(x, y)         ((y) ? ((x) - 2300) : (((x) - 4800) / 5))
                                                       ~~~~~~~~~~~~~^~~
/home/cross/kernel/android_kernel_xiaomi_lavender/drivers/net/wireless/ath/ath9k/ar9003_eeprom.c:2551:39: warning: implicit conversion from 'int' to 'u8' (aka 'unsigned char') changes value from -465 to 47 [-Wconstant-conversion]
                        /* Data[5].ctlEdges[2].bChannel */ FREQ2FBIN(2472, 1),
                                                           ^~~~~~~~~~~~~~~~~~
/home/cross/kernel/android_kernel_xiaomi_lavender/drivers/net/wireless/ath/ath9k/eeprom.h:98:62: note: expanded from macro 'FREQ2FBIN'
#define FREQ2FBIN(x, y)         ((y) ? ((x) - 2300) : (((x) - 4800) / 5))
                                                       ~~~~~~~~~~~~~^~~
/home/cross/kernel/android_kernel_xiaomi_lavender/drivers/net/wireless/ath/ath9k/ar9003_eeprom.c:2556:39: warning: implicit conversion from 'int' to 'u8' (aka 'unsigned char') changes value from -477 to 35 [-Wconstant-conversion]
                        /* Data[6].ctlEdges[0].bChannel */ FREQ2FBIN(2412, 1),
                                                           ^~~~~~~~~~~~~~~~~~
/home/cross/kernel/android_kernel_xiaomi_lavender/drivers/net/wireless/ath/ath9k/eeprom.h:98:62: note: expanded from macro 'FREQ2FBIN'
#define FREQ2FBIN(x, y)         ((y) ? ((x) - 2300) : (((x) - 4800) / 5))
                                                       ~~~~~~~~~~~~~^~~
/home/cross/kernel/android_kernel_xiaomi_lavender/drivers/net/wireless/ath/ath9k/ar9003_eeprom.c:2557:39: warning: implicit conversion from 'int' to 'u8' (aka 'unsigned char') changes value from -476 to 36 [-Wconstant-conversion]
                        /* Data[6].ctlEdges[1].bChannel */ FREQ2FBIN(2417, 1),
                                                           ^~~~~~~~~~~~~~~~~~
/home/cross/kernel/android_kernel_xiaomi_lavender/drivers/net/wireless/ath/ath9k/eeprom.h:98:62: note: expanded from macro 'FREQ2FBIN'
#define FREQ2FBIN(x, y)         ((y) ? ((x) - 2300) : (((x) - 4800) / 5))
                                                       ~~~~~~~~~~~~~^~~
/home/cross/kernel/android_kernel_xiaomi_lavender/drivers/net/wireless/ath/ath9k/ar9003_eeprom.c:2558:4: warning: implicit conversion from 'int' to 'u8' (aka 'unsigned char') changes value from -465 to 47 [-Wconstant-conversion]
                        FREQ2FBIN(2472, 1),
                        ^~~~~~~~~~~~~~~~~~
/home/cross/kernel/android_kernel_xiaomi_lavender/drivers/net/wireless/ath/ath9k/eeprom.h:98:62: note: expanded from macro 'FREQ2FBIN'
#define FREQ2FBIN(x, y)         ((y) ? ((x) - 2300) : (((x) - 4800) / 5))
                                                       ~~~~~~~~~~~~~^~~
/home/cross/kernel/android_kernel_xiaomi_lavender/drivers/net/wireless/ath/ath9k/ar9003_eeprom.c:2563:39: warning: implicit conversion from 'int' to 'u8' (aka 'unsigned char') changes value from -475 to 37 [-Wconstant-conversion]
                        /* Data[7].ctlEdges[0].bChannel */ FREQ2FBIN(2422, 1),
                                                           ^~~~~~~~~~~~~~~~~~
/home/cross/kernel/android_kernel_xiaomi_lavender/drivers/net/wireless/ath/ath9k/eeprom.h:98:62: note: expanded from macro 'FREQ2FBIN'
#define FREQ2FBIN(x, y)         ((y) ? ((x) - 2300) : (((x) - 4800) / 5))
                                                       ~~~~~~~~~~~~~^~~
/home/cross/kernel/android_kernel_xiaomi_lavender/drivers/net/wireless/ath/ath9k/ar9003_eeprom.c:2564:39: warning: implicit conversion from 'int' to 'u8' (aka 'unsigned char') changes value from -474 to 38 [-Wconstant-conversion]
                        /* Data[7].ctlEdges[1].bChannel */ FREQ2FBIN(2427, 1),
                                                           ^~~~~~~~~~~~~~~~~~
/home/cross/kernel/android_kernel_xiaomi_lavender/drivers/net/wireless/ath/ath9k/eeprom.h:98:62: note: expanded from macro 'FREQ2FBIN'
#define FREQ2FBIN(x, y)         ((y) ? ((x) - 2300) : (((x) - 4800) / 5))
                                                       ~~~~~~~~~~~~~^~~
/home/cross/kernel/android_kernel_xiaomi_lavender/drivers/net/wireless/ath/ath9k/ar9003_eeprom.c:2565:39: warning: implicit conversion from 'int' to 'u8' (aka 'unsigned char') changes value from -470 to 42 [-Wconstant-conversion]
                        /* Data[7].ctlEdges[2].bChannel */ FREQ2FBIN(2447, 1),
                                                           ^~~~~~~~~~~~~~~~~~
/home/cross/kernel/android_kernel_xiaomi_lavender/drivers/net/wireless/ath/ath9k/eeprom.h:98:62: note: expanded from macro 'FREQ2FBIN'
#define FREQ2FBIN(x, y)         ((y) ? ((x) - 2300) : (((x) - 4800) / 5))
                                                       ~~~~~~~~~~~~~^~~
/home/cross/kernel/android_kernel_xiaomi_lavender/drivers/net/wireless/ath/ath9k/ar9003_eeprom.c:2566:39: warning: implicit conversion from 'int' to 'u8' (aka 'unsigned char') changes value from -467 to 45 [-Wconstant-conversion]
                        /* Data[7].ctlEdges[3].bChannel */ FREQ2FBIN(2462, 1),
                                                           ^~~~~~~~~~~~~~~~~~
/home/cross/kernel/android_kernel_xiaomi_lavender/drivers/net/wireless/ath/ath9k/eeprom.h:98:62: note: expanded from macro 'FREQ2FBIN'
#define FREQ2FBIN(x, y)         ((y) ? ((x) - 2300) : (((x) - 4800) / 5))
                                                       ~~~~~~~~~~~~~^~~
/home/cross/kernel/android_kernel_xiaomi_lavender/drivers/net/wireless/ath/ath9k/ar9003_eeprom.c:2570:39: warning: implicit conversion from 'int' to 'u8' (aka 'unsigned char') changes value from -477 to 35 [-Wconstant-conversion]
                        /* Data[8].ctlEdges[0].bChannel */ FREQ2FBIN(2412, 1),
                                                           ^~~~~~~~~~~~~~~~~~
/home/cross/kernel/android_kernel_xiaomi_lavender/drivers/net/wireless/ath/ath9k/eeprom.h:98:62: note: expanded from macro 'FREQ2FBIN'
#define FREQ2FBIN(x, y)         ((y) ? ((x) - 2300) : (((x) - 4800) / 5))
                                                       ~~~~~~~~~~~~~^~~
/home/cross/kernel/android_kernel_xiaomi_lavender/drivers/net/wireless/ath/ath9k/ar9003_eeprom.c:2571:39: warning: implicit conversion from 'int' to 'u8' (aka 'unsigned char') changes value from -476 to 36 [-Wconstant-conversion]
                        /* Data[8].ctlEdges[1].bChannel */ FREQ2FBIN(2417, 1),
                                                           ^~~~~~~~~~~~~~~~~~
/home/cross/kernel/android_kernel_xiaomi_lavender/drivers/net/wireless/ath/ath9k/eeprom.h:98:62: note: expanded from macro 'FREQ2FBIN'
#define FREQ2FBIN(x, y)         ((y) ? ((x) - 2300) : (((x) - 4800) / 5))
                                                       ~~~~~~~~~~~~~^~~
/home/cross/kernel/android_kernel_xiaomi_lavender/drivers/net/wireless/ath/ath9k/ar9003_eeprom.c:2572:39: warning: implicit conversion from 'int' to 'u8' (aka 'unsigned char') changes value from -465 to 47 [-Wconstant-conversion]
                        /* Data[8].ctlEdges[2].bChannel */ FREQ2FBIN(2472, 1),
                                                           ^~~~~~~~~~~~~~~~~~
/home/cross/kernel/android_kernel_xiaomi_lavender/drivers/net/wireless/ath/ath9k/eeprom.h:98:62: note: expanded from macro 'FREQ2FBIN'
#define FREQ2FBIN(x, y)         ((y) ? ((x) - 2300) : (((x) - 4800) / 5))
                                                       ~~~~~~~~~~~~~^~~
/home/cross/kernel/android_kernel_xiaomi_lavender/drivers/net/wireless/ath/ath9k/ar9003_eeprom.c:2576:39: warning: implicit conversion from 'int' to 'u8' (aka 'unsigned char') changes value from -477 to 35 [-Wconstant-conversion]
                        /* Data[9].ctlEdges[0].bChannel */ FREQ2FBIN(2412, 1),
                                                           ^~~~~~~~~~~~~~~~~~
/home/cross/kernel/android_kernel_xiaomi_lavender/drivers/net/wireless/ath/ath9k/eeprom.h:98:62: note: expanded from macro 'FREQ2FBIN'
#define FREQ2FBIN(x, y)         ((y) ? ((x) - 2300) : (((x) - 4800) / 5))
                                                       ~~~~~~~~~~~~~^~~
/home/cross/kernel/android_kernel_xiaomi_lavender/drivers/net/wireless/ath/ath9k/ar9003_eeprom.c:2577:39: warning: implicit conversion from 'int' to 'u8' (aka 'unsigned char') changes value from -476 to 36 [-Wconstant-conversion]
                        /* Data[9].ctlEdges[1].bChannel */ FREQ2FBIN(2417, 1),
                                                           ^~~~~~~~~~~~~~~~~~
/home/cross/kernel/android_kernel_xiaomi_lavender/drivers/net/wireless/ath/ath9k/eeprom.h:98:62: note: expanded from macro 'FREQ2FBIN'
#define FREQ2FBIN(x, y)         ((y) ? ((x) - 2300) : (((x) - 4800) / 5))
                                                       ~~~~~~~~~~~~~^~~
/home/cross/kernel/android_kernel_xiaomi_lavender/drivers/net/wireless/ath/ath9k/ar9003_eeprom.c:2578:39: warning: implicit conversion from 'int' to 'u8' (aka 'unsigned char') changes value from -465 to 47 [-Wconstant-conversion]
                        /* Data[9].ctlEdges[2].bChannel */ FREQ2FBIN(2472, 1),
                                                           ^~~~~~~~~~~~~~~~~~
/home/cross/kernel/android_kernel_xiaomi_lavender/drivers/net/wireless/ath/ath9k/eeprom.h:98:62: note: expanded from macro 'FREQ2FBIN'
#define FREQ2FBIN(x, y)         ((y) ? ((x) - 2300) : (((x) - 4800) / 5))
                                                       ~~~~~~~~~~~~~^~~
/home/cross/kernel/android_kernel_xiaomi_lavender/drivers/net/wireless/ath/ath9k/ar9003_eeprom.c:2583:40: warning: implicit conversion from 'int' to 'u8' (aka 'unsigned char') changes value from -477 to 35 [-Wconstant-conversion]
                        /* Data[10].ctlEdges[0].bChannel */ FREQ2FBIN(2412, 1),
                                                            ^~~~~~~~~~~~~~~~~~
/home/cross/kernel/android_kernel_xiaomi_lavender/drivers/net/wireless/ath/ath9k/eeprom.h:98:62: note: expanded from macro 'FREQ2FBIN'
#define FREQ2FBIN(x, y)         ((y) ? ((x) - 2300) : (((x) - 4800) / 5))
                                                       ~~~~~~~~~~~~~^~~
/home/cross/kernel/android_kernel_xiaomi_lavender/drivers/net/wireless/ath/ath9k/ar9003_eeprom.c:2584:40: warning: implicit conversion from 'int' to 'u8' (aka 'unsigned char') changes value from -476 to 36 [-Wconstant-conversion]
                        /* Data[10].ctlEdges[1].bChannel */ FREQ2FBIN(2417, 1),
                                                            ^~~~~~~~~~~~~~~~~~
/home/cross/kernel/android_kernel_xiaomi_lavender/drivers/net/wireless/ath/ath9k/eeprom.h:98:62: note: expanded from macro 'FREQ2FBIN'
#define FREQ2FBIN(x, y)         ((y) ? ((x) - 2300) : (((x) - 4800) / 5))
                                                       ~~~~~~~~~~~~~^~~
/home/cross/kernel/android_kernel_xiaomi_lavender/drivers/net/wireless/ath/ath9k/ar9003_eeprom.c:2585:40: warning: implicit conversion from 'int' to 'u8' (aka 'unsigned char') changes value from -465 to 47 [-Wconstant-conversion]
                        /* Data[10].ctlEdges[2].bChannel */ FREQ2FBIN(2472, 1),
                                                            ^~~~~~~~~~~~~~~~~~
/home/cross/kernel/android_kernel_xiaomi_lavender/drivers/net/wireless/ath/ath9k/eeprom.h:98:62: note: expanded from macro 'FREQ2FBIN'
#define FREQ2FBIN(x, y)         ((y) ? ((x) - 2300) : (((x) - 4800) / 5))
                                                       ~~~~~~~~~~~~~^~~
/home/cross/kernel/android_kernel_xiaomi_lavender/drivers/net/wireless/ath/ath9k/ar9003_eeprom.c:2590:40: warning: implicit conversion from 'int' to 'u8' (aka 'unsigned char') changes value from -475 to 37 [-Wconstant-conversion]
                        /* Data[11].ctlEdges[0].bChannel */ FREQ2FBIN(2422, 1),
                                                            ^~~~~~~~~~~~~~~~~~
/home/cross/kernel/android_kernel_xiaomi_lavender/drivers/net/wireless/ath/ath9k/eeprom.h:98:62: note: expanded from macro 'FREQ2FBIN'
#define FREQ2FBIN(x, y)         ((y) ? ((x) - 2300) : (((x) - 4800) / 5))
                                                       ~~~~~~~~~~~~~^~~
/home/cross/kernel/android_kernel_xiaomi_lavender/drivers/net/wireless/ath/ath9k/ar9003_eeprom.c:2591:40: warning: implicit conversion from 'int' to 'u8' (aka 'unsigned char') changes value from -474 to 38 [-Wconstant-conversion]
                        /* Data[11].ctlEdges[1].bChannel */ FREQ2FBIN(2427, 1),
                                                            ^~~~~~~~~~~~~~~~~~
/home/cross/kernel/android_kernel_xiaomi_lavender/drivers/net/wireless/ath/ath9k/eeprom.h:98:62: note: expanded from macro 'FREQ2FBIN'
#define FREQ2FBIN(x, y)         ((y) ? ((x) - 2300) : (((x) - 4800) / 5))
                                                       ~~~~~~~~~~~~~^~~
/home/cross/kernel/android_kernel_xiaomi_lavender/drivers/net/wireless/ath/ath9k/ar9003_eeprom.c:2592:40: warning: implicit conversion from 'int' to 'u8' (aka 'unsigned char') changes value from -470 to 42 [-Wconstant-conversion]
                        /* Data[11].ctlEdges[2].bChannel */ FREQ2FBIN(2447, 1),
                                                            ^~~~~~~~~~~~~~~~~~
/home/cross/kernel/android_kernel_xiaomi_lavender/drivers/net/wireless/ath/ath9k/eeprom.h:98:62: note: expanded from macro 'FREQ2FBIN'
#define FREQ2FBIN(x, y)         ((y) ? ((x) - 2300) : (((x) - 4800) / 5))
                                                       ~~~~~~~~~~~~~^~~
/home/cross/kernel/android_kernel_xiaomi_lavender/drivers/net/wireless/ath/ath9k/ar9003_eeprom.c:2593:40: warning: implicit conversion from 'int' to 'u8' (aka 'unsigned char') changes value from -467 to 45 [-Wconstant-conversion]
                        /* Data[11].ctlEdges[3].bChannel */ FREQ2FBIN(2462, 1),
                                                            ^~~~~~~~~~~~~~~~~~
/home/cross/kernel/android_kernel_xiaomi_lavender/drivers/net/wireless/ath/ath9k/eeprom.h:98:62: note: expanded from macro 'FREQ2FBIN'
#define FREQ2FBIN(x, y)         ((y) ? ((x) - 2300) : (((x) - 4800) / 5))
                                                       ~~~~~~~~~~~~~^~~
/home/cross/kernel/android_kernel_xiaomi_lavender/drivers/net/wireless/ath/ath9k/ar9003_eeprom.c:2666:3: warning: implicit conversion from 'int' to 'u8' (aka 'unsigned char') changes value from 2860 to 44 [-Wconstant-conversion]
                FREQ2FBIN(5160, 0),
                ^~~~~~~~~~~~~~~~~~
/home/cross/kernel/android_kernel_xiaomi_lavender/drivers/net/wireless/ath/ath9k/eeprom.h:98:38: note: expanded from macro 'FREQ2FBIN'
#define FREQ2FBIN(x, y)         ((y) ? ((x) - 2300) : (((x) - 4800) / 5))
                                        ~~~~^~~~~~
/home/cross/kernel/android_kernel_xiaomi_lavender/drivers/net/wireless/ath/ath9k/ar9003_eeprom.c:2667:3: warning: implicit conversion from 'int' to 'u8' (aka 'unsigned char') changes value from 2920 to 104 [-Wconstant-conversion]
                FREQ2FBIN(5220, 0),
                ^~~~~~~~~~~~~~~~~~
/home/cross/kernel/android_kernel_xiaomi_lavender/drivers/net/wireless/ath/ath9k/eeprom.h:98:38: note: expanded from macro 'FREQ2FBIN'
#define FREQ2FBIN(x, y)         ((y) ? ((x) - 2300) : (((x) - 4800) / 5))
                                        ~~~~^~~~~~
/home/cross/kernel/android_kernel_xiaomi_lavender/drivers/net/wireless/ath/ath9k/ar9003_eeprom.c:2668:3: warning: implicit conversion from 'int' to 'u8' (aka 'unsigned char') changes value from 3020 to 204 [-Wconstant-conversion]
                FREQ2FBIN(5320, 0),
                ^~~~~~~~~~~~~~~~~~
/home/cross/kernel/android_kernel_xiaomi_lavender/drivers/net/wireless/ath/ath9k/eeprom.h:98:38: note: expanded from macro 'FREQ2FBIN'
#define FREQ2FBIN(x, y)         ((y) ? ((x) - 2300) : (((x) - 4800) / 5))
                                        ~~~~^~~~~~
/home/cross/kernel/android_kernel_xiaomi_lavender/drivers/net/wireless/ath/ath9k/ar9003_eeprom.c:2669:3: warning: implicit conversion from 'int' to 'u8' (aka 'unsigned char') changes value from 3100 to 28 [-Wconstant-conversion]
                FREQ2FBIN(5400, 0),
                ^~~~~~~~~~~~~~~~~~
/home/cross/kernel/android_kernel_xiaomi_lavender/drivers/net/wireless/ath/ath9k/eeprom.h:98:38: note: expanded from macro 'FREQ2FBIN'
#define FREQ2FBIN(x, y)         ((y) ? ((x) - 2300) : (((x) - 4800) / 5))
                                        ~~~~^~~~~~
/home/cross/kernel/android_kernel_xiaomi_lavender/drivers/net/wireless/ath/ath9k/ar9003_eeprom.c:2670:3: warning: implicit conversion from 'int' to 'u8' (aka 'unsigned char') changes value from 3200 to 128 [-Wconstant-conversion]
                FREQ2FBIN(5500, 0),
                ^~~~~~~~~~~~~~~~~~
/home/cross/kernel/android_kernel_xiaomi_lavender/drivers/net/wireless/ath/ath9k/eeprom.h:98:38: note: expanded from macro 'FREQ2FBIN'
#define FREQ2FBIN(x, y)         ((y) ? ((x) - 2300) : (((x) - 4800) / 5))
                                        ~~~~^~~~~~
/home/cross/kernel/android_kernel_xiaomi_lavender/drivers/net/wireless/ath/ath9k/ar9003_eeprom.c:2671:3: warning: implicit conversion from 'int' to 'u8' (aka 'unsigned char') changes value from 3300 to 228 [-Wconstant-conversion]
                FREQ2FBIN(5600, 0),
                ^~~~~~~~~~~~~~~~~~
/home/cross/kernel/android_kernel_xiaomi_lavender/drivers/net/wireless/ath/ath9k/eeprom.h:98:38: note: expanded from macro 'FREQ2FBIN'
#define FREQ2FBIN(x, y)         ((y) ? ((x) - 2300) : (((x) - 4800) / 5))
                                        ~~~~^~~~~~
/home/cross/kernel/android_kernel_xiaomi_lavender/drivers/net/wireless/ath/ath9k/ar9003_eeprom.c:2672:3: warning: implicit conversion from 'int' to 'u8' (aka 'unsigned char') changes value from 3400 to 72 [-Wconstant-conversion]
                FREQ2FBIN(5700, 0),
                ^~~~~~~~~~~~~~~~~~
/home/cross/kernel/android_kernel_xiaomi_lavender/drivers/net/wireless/ath/ath9k/eeprom.h:98:38: note: expanded from macro 'FREQ2FBIN'
#define FREQ2FBIN(x, y)         ((y) ? ((x) - 2300) : (((x) - 4800) / 5))
                                        ~~~~^~~~~~
/home/cross/kernel/android_kernel_xiaomi_lavender/drivers/net/wireless/ath/ath9k/ar9003_eeprom.c:2673:3: warning: implicit conversion from 'int' to 'u8' (aka 'unsigned char') changes value from 3485 to 157 [-Wconstant-conversion]
                FREQ2FBIN(5785, 0)
                ^~~~~~~~~~~~~~~~~~
/home/cross/kernel/android_kernel_xiaomi_lavender/drivers/net/wireless/ath/ath9k/eeprom.h:98:38: note: expanded from macro 'FREQ2FBIN'
#define FREQ2FBIN(x, y)         ((y) ? ((x) - 2300) : (((x) - 4800) / 5))
                                        ~~~~^~~~~~
/home/cross/kernel/android_kernel_xiaomi_lavender/drivers/net/wireless/ath/ath9k/ar9003_eeprom.c:2709:3: warning: implicit conversion from 'int' to 'u8' (aka 'unsigned char') changes value from 2880 to 64 [-Wconstant-conversion]
                FREQ2FBIN(5180, 0),
                ^~~~~~~~~~~~~~~~~~
/home/cross/kernel/android_kernel_xiaomi_lavender/drivers/net/wireless/ath/ath9k/eeprom.h:98:38: note: expanded from macro 'FREQ2FBIN'
#define FREQ2FBIN(x, y)         ((y) ? ((x) - 2300) : (((x) - 4800) / 5))
                                        ~~~~^~~~~~
/home/cross/kernel/android_kernel_xiaomi_lavender/drivers/net/wireless/ath/ath9k/ar9003_eeprom.c:2710:3: warning: implicit conversion from 'int' to 'u8' (aka 'unsigned char') changes value from 2940 to 124 [-Wconstant-conversion]
                FREQ2FBIN(5240, 0),
                ^~~~~~~~~~~~~~~~~~
/home/cross/kernel/android_kernel_xiaomi_lavender/drivers/net/wireless/ath/ath9k/eeprom.h:98:38: note: expanded from macro 'FREQ2FBIN'
#define FREQ2FBIN(x, y)         ((y) ? ((x) - 2300) : (((x) - 4800) / 5))
                                        ~~~~^~~~~~
/home/cross/kernel/android_kernel_xiaomi_lavender/drivers/net/wireless/ath/ath9k/ar9003_eeprom.c:2711:3: warning: implicit conversion from 'int' to 'u8' (aka 'unsigned char') changes value from 3020 to 204 [-Wconstant-conversion]
                FREQ2FBIN(5320, 0),
                ^~~~~~~~~~~~~~~~~~
/home/cross/kernel/android_kernel_xiaomi_lavender/drivers/net/wireless/ath/ath9k/eeprom.h:98:38: note: expanded from macro 'FREQ2FBIN'
#define FREQ2FBIN(x, y)         ((y) ? ((x) - 2300) : (((x) - 4800) / 5))
                                        ~~~~^~~~~~
/home/cross/kernel/android_kernel_xiaomi_lavender/drivers/net/wireless/ath/ath9k/ar9003_eeprom.c:2712:3: warning: implicit conversion from 'int' to 'u8' (aka 'unsigned char') changes value from 3100 to 28 [-Wconstant-conversion]
                FREQ2FBIN(5400, 0),
                ^~~~~~~~~~~~~~~~~~
/home/cross/kernel/android_kernel_xiaomi_lavender/drivers/net/wireless/ath/ath9k/eeprom.h:98:38: note: expanded from macro 'FREQ2FBIN'
#define FREQ2FBIN(x, y)         ((y) ? ((x) - 2300) : (((x) - 4800) / 5))
                                        ~~~~^~~~~~
/home/cross/kernel/android_kernel_xiaomi_lavender/drivers/net/wireless/ath/ath9k/ar9003_eeprom.c:2713:3: warning: implicit conversion from 'int' to 'u8' (aka 'unsigned char') changes value from 3200 to 128 [-Wconstant-conversion]
                FREQ2FBIN(5500, 0),
                ^~~~~~~~~~~~~~~~~~
/home/cross/kernel/android_kernel_xiaomi_lavender/drivers/net/wireless/ath/ath9k/eeprom.h:98:38: note: expanded from macro 'FREQ2FBIN'
#define FREQ2FBIN(x, y)         ((y) ? ((x) - 2300) : (((x) - 4800) / 5))
                                        ~~~~^~~~~~
/home/cross/kernel/android_kernel_xiaomi_lavender/drivers/net/wireless/ath/ath9k/ar9003_eeprom.c:2714:3: warning: implicit conversion from 'int' to 'u8' (aka 'unsigned char') changes value from 3300 to 228 [-Wconstant-conversion]
                FREQ2FBIN(5600, 0),
                ^~~~~~~~~~~~~~~~~~
/home/cross/kernel/android_kernel_xiaomi_lavender/drivers/net/wireless/ath/ath9k/eeprom.h:98:38: note: expanded from macro 'FREQ2FBIN'
#define FREQ2FBIN(x, y)         ((y) ? ((x) - 2300) : (((x) - 4800) / 5))
                                        ~~~~^~~~~~
/home/cross/kernel/android_kernel_xiaomi_lavender/drivers/net/wireless/ath/ath9k/ar9003_eeprom.c:2715:3: warning: implicit conversion from 'int' to 'u8' (aka 'unsigned char') changes value from 3400 to 72 [-Wconstant-conversion]
                FREQ2FBIN(5700, 0),
                ^~~~~~~~~~~~~~~~~~
/home/cross/kernel/android_kernel_xiaomi_lavender/drivers/net/wireless/ath/ath9k/eeprom.h:98:38: note: expanded from macro 'FREQ2FBIN'
#define FREQ2FBIN(x, y)         ((y) ? ((x) - 2300) : (((x) - 4800) / 5))
                                        ~~~~^~~~~~
/home/cross/kernel/android_kernel_xiaomi_lavender/drivers/net/wireless/ath/ath9k/ar9003_eeprom.c:2716:3: warning: implicit conversion from 'int' to 'u8' (aka 'unsigned char') changes value from 3525 to 197 [-Wconstant-conversion]
                FREQ2FBIN(5825, 0)
                ^~~~~~~~~~~~~~~~~~
/home/cross/kernel/android_kernel_xiaomi_lavender/drivers/net/wireless/ath/ath9k/eeprom.h:98:38: note: expanded from macro 'FREQ2FBIN'
#define FREQ2FBIN(x, y)         ((y) ? ((x) - 2300) : (((x) - 4800) / 5))
                                        ~~~~^~~~~~
/home/cross/kernel/android_kernel_xiaomi_lavender/drivers/net/wireless/ath/ath9k/ar9003_eeprom.c:2719:3: warning: implicit conversion from 'int' to 'u8' (aka 'unsigned char') changes value from 2880 to 64 [-Wconstant-conversion]
                FREQ2FBIN(5180, 0),
                ^~~~~~~~~~~~~~~~~~
/home/cross/kernel/android_kernel_xiaomi_lavender/drivers/net/wireless/ath/ath9k/eeprom.h:98:38: note: expanded from macro 'FREQ2FBIN'
#define FREQ2FBIN(x, y)         ((y) ? ((x) - 2300) : (((x) - 4800) / 5))
                                        ~~~~^~~~~~
/home/cross/kernel/android_kernel_xiaomi_lavender/drivers/net/wireless/ath/ath9k/ar9003_eeprom.c:2720:3: warning: implicit conversion from 'int' to 'u8' (aka 'unsigned char') changes value from 2940 to 124 [-Wconstant-conversion]
                FREQ2FBIN(5240, 0),
                ^~~~~~~~~~~~~~~~~~
/home/cross/kernel/android_kernel_xiaomi_lavender/drivers/net/wireless/ath/ath9k/eeprom.h:98:38: note: expanded from macro 'FREQ2FBIN'
#define FREQ2FBIN(x, y)         ((y) ? ((x) - 2300) : (((x) - 4800) / 5))
                                        ~~~~^~~~~~
/home/cross/kernel/android_kernel_xiaomi_lavender/drivers/net/wireless/ath/ath9k/ar9003_eeprom.c:2721:3: warning: implicit conversion from 'int' to 'u8' (aka 'unsigned char') changes value from 3020 to 204 [-Wconstant-conversion]
                FREQ2FBIN(5320, 0),
                ^~~~~~~~~~~~~~~~~~
/home/cross/kernel/android_kernel_xiaomi_lavender/drivers/net/wireless/ath/ath9k/eeprom.h:98:38: note: expanded from macro 'FREQ2FBIN'
#define FREQ2FBIN(x, y)         ((y) ? ((x) - 2300) : (((x) - 4800) / 5))
                                        ~~~~^~~~~~
/home/cross/kernel/android_kernel_xiaomi_lavender/drivers/net/wireless/ath/ath9k/ar9003_eeprom.c:2722:3: warning: implicit conversion from 'int' to 'u8' (aka 'unsigned char') changes value from 3100 to 28 [-Wconstant-conversion]
                FREQ2FBIN(5400, 0),
                ^~~~~~~~~~~~~~~~~~
/home/cross/kernel/android_kernel_xiaomi_lavender/drivers/net/wireless/ath/ath9k/eeprom.h:98:38: note: expanded from macro 'FREQ2FBIN'
#define FREQ2FBIN(x, y)         ((y) ? ((x) - 2300) : (((x) - 4800) / 5))
                                        ~~~~^~~~~~
/home/cross/kernel/android_kernel_xiaomi_lavender/drivers/net/wireless/ath/ath9k/ar9003_eeprom.c:2723:3: warning: implicit conversion from 'int' to 'u8' (aka 'unsigned char') changes value from 3200 to 128 [-Wconstant-conversion]
                FREQ2FBIN(5500, 0),
                ^~~~~~~~~~~~~~~~~~
/home/cross/kernel/android_kernel_xiaomi_lavender/drivers/net/wireless/ath/ath9k/eeprom.h:98:38: note: expanded from macro 'FREQ2FBIN'
#define FREQ2FBIN(x, y)         ((y) ? ((x) - 2300) : (((x) - 4800) / 5))
                                        ~~~~^~~~~~
/home/cross/kernel/android_kernel_xiaomi_lavender/drivers/net/wireless/ath/ath9k/ar9003_eeprom.c:2724:3: warning: implicit conversion from 'int' to 'u8' (aka 'unsigned char') changes value from 3400 to 72 [-Wconstant-conversion]
                FREQ2FBIN(5700, 0),
                ^~~~~~~~~~~~~~~~~~
/home/cross/kernel/android_kernel_xiaomi_lavender/drivers/net/wireless/ath/ath9k/eeprom.h:98:38: note: expanded from macro 'FREQ2FBIN'
#define FREQ2FBIN(x, y)         ((y) ? ((x) - 2300) : (((x) - 4800) / 5))
                                        ~~~~^~~~~~
/home/cross/kernel/android_kernel_xiaomi_lavender/drivers/net/wireless/ath/ath9k/ar9003_eeprom.c:2725:3: warning: implicit conversion from 'int' to 'u8' (aka 'unsigned char') changes value from 3445 to 117 [-Wconstant-conversion]
                FREQ2FBIN(5745, 0),
                ^~~~~~~~~~~~~~~~~~
/home/cross/kernel/android_kernel_xiaomi_lavender/drivers/net/wireless/ath/ath9k/eeprom.h:98:38: note: expanded from macro 'FREQ2FBIN'
#define FREQ2FBIN(x, y)         ((y) ? ((x) - 2300) : (((x) - 4800) / 5))
                                        ~~~~^~~~~~
/home/cross/kernel/android_kernel_xiaomi_lavender/drivers/net/wireless/ath/ath9k/ar9003_eeprom.c:2726:3: warning: implicit conversion from 'int' to 'u8' (aka 'unsigned char') changes value from 3525 to 197 [-Wconstant-conversion]
                FREQ2FBIN(5825, 0)
                ^~~~~~~~~~~~~~~~~~
/home/cross/kernel/android_kernel_xiaomi_lavender/drivers/net/wireless/ath/ath9k/eeprom.h:98:38: note: expanded from macro 'FREQ2FBIN'
#define FREQ2FBIN(x, y)         ((y) ? ((x) - 2300) : (((x) - 4800) / 5))
                                        ~~~~^~~~~~
/home/cross/kernel/android_kernel_xiaomi_lavender/drivers/net/wireless/ath/ath9k/ar9003_eeprom.c:2729:3: warning: implicit conversion from 'int' to 'u8' (aka 'unsigned char') changes value from 2880 to 64 [-Wconstant-conversion]
                FREQ2FBIN(5180, 0),
                ^~~~~~~~~~~~~~~~~~
/home/cross/kernel/android_kernel_xiaomi_lavender/drivers/net/wireless/ath/ath9k/eeprom.h:98:38: note: expanded from macro 'FREQ2FBIN'
#define FREQ2FBIN(x, y)         ((y) ? ((x) - 2300) : (((x) - 4800) / 5))
                                        ~~~~^~~~~~
/home/cross/kernel/android_kernel_xiaomi_lavender/drivers/net/wireless/ath/ath9k/ar9003_eeprom.c:2730:3: warning: implicit conversion from 'int' to 'u8' (aka 'unsigned char') changes value from 2940 to 124 [-Wconstant-conversion]
                FREQ2FBIN(5240, 0),
                ^~~~~~~~~~~~~~~~~~
/home/cross/kernel/android_kernel_xiaomi_lavender/drivers/net/wireless/ath/ath9k/eeprom.h:98:38: note: expanded from macro 'FREQ2FBIN'
#define FREQ2FBIN(x, y)         ((y) ? ((x) - 2300) : (((x) - 4800) / 5))
                                        ~~~~^~~~~~
/home/cross/kernel/android_kernel_xiaomi_lavender/drivers/net/wireless/ath/ath9k/ar9003_eeprom.c:2731:3: warning: implicit conversion from 'int' to 'u8' (aka 'unsigned char') changes value from 3020 to 204 [-Wconstant-conversion]
                FREQ2FBIN(5320, 0),
                ^~~~~~~~~~~~~~~~~~
/home/cross/kernel/android_kernel_xiaomi_lavender/drivers/net/wireless/ath/ath9k/eeprom.h:98:38: note: expanded from macro 'FREQ2FBIN'
#define FREQ2FBIN(x, y)         ((y) ? ((x) - 2300) : (((x) - 4800) / 5))
                                        ~~~~^~~~~~
/home/cross/kernel/android_kernel_xiaomi_lavender/drivers/net/wireless/ath/ath9k/ar9003_eeprom.c:2732:3: warning: implicit conversion from 'int' to 'u8' (aka 'unsigned char') changes value from 3100 to 28 [-Wconstant-conversion]
                FREQ2FBIN(5400, 0),
                ^~~~~~~~~~~~~~~~~~
/home/cross/kernel/android_kernel_xiaomi_lavender/drivers/net/wireless/ath/ath9k/eeprom.h:98:38: note: expanded from macro 'FREQ2FBIN'
#define FREQ2FBIN(x, y)         ((y) ? ((x) - 2300) : (((x) - 4800) / 5))
                                        ~~~~^~~~~~
/home/cross/kernel/android_kernel_xiaomi_lavender/drivers/net/wireless/ath/ath9k/ar9003_eeprom.c:2733:3: warning: implicit conversion from 'int' to 'u8' (aka 'unsigned char') changes value from 3200 to 128 [-Wconstant-conversion]
                FREQ2FBIN(5500, 0),
                ^~~~~~~~~~~~~~~~~~
/home/cross/kernel/android_kernel_xiaomi_lavender/drivers/net/wireless/ath/ath9k/eeprom.h:98:38: note: expanded from macro 'FREQ2FBIN'
#define FREQ2FBIN(x, y)         ((y) ? ((x) - 2300) : (((x) - 4800) / 5))
                                        ~~~~^~~~~~
/home/cross/kernel/android_kernel_xiaomi_lavender/drivers/net/wireless/ath/ath9k/ar9003_eeprom.c:2734:3: warning: implicit conversion from 'int' to 'u8' (aka 'unsigned char') changes value from 3400 to 72 [-Wconstant-conversion]
                FREQ2FBIN(5700, 0),
                ^~~~~~~~~~~~~~~~~~
/home/cross/kernel/android_kernel_xiaomi_lavender/drivers/net/wireless/ath/ath9k/eeprom.h:98:38: note: expanded from macro 'FREQ2FBIN'
#define FREQ2FBIN(x, y)         ((y) ? ((x) - 2300) : (((x) - 4800) / 5))
                                        ~~~~^~~~~~
/home/cross/kernel/android_kernel_xiaomi_lavender/drivers/net/wireless/ath/ath9k/ar9003_eeprom.c:2735:3: warning: implicit conversion from 'int' to 'u8' (aka 'unsigned char') changes value from 3445 to 117 [-Wconstant-conversion]
                FREQ2FBIN(5745, 0),
                ^~~~~~~~~~~~~~~~~~
/home/cross/kernel/android_kernel_xiaomi_lavender/drivers/net/wireless/ath/ath9k/eeprom.h:98:38: note: expanded from macro 'FREQ2FBIN'
#define FREQ2FBIN(x, y)         ((y) ? ((x) - 2300) : (((x) - 4800) / 5))
                                        ~~~~^~~~~~
/home/cross/kernel/android_kernel_xiaomi_lavender/drivers/net/wireless/ath/ath9k/ar9003_eeprom.c:2736:3: warning: implicit conversion from 'int' to 'u8' (aka 'unsigned char') changes value from 3525 to 197 [-Wconstant-conversion]
                FREQ2FBIN(5825, 0)
                ^~~~~~~~~~~~~~~~~~
/home/cross/kernel/android_kernel_xiaomi_lavender/drivers/net/wireless/ath/ath9k/eeprom.h:98:38: note: expanded from macro 'FREQ2FBIN'
#define FREQ2FBIN(x, y)         ((y) ? ((x) - 2300) : (((x) - 4800) / 5))
                                        ~~~~^~~~~~
/home/cross/kernel/android_kernel_xiaomi_lavender/drivers/net/wireless/ath/ath9k/ar9003_eeprom.c:2783:39: warning: implicit conversion from 'int' to 'u8' (aka 'unsigned char') changes value from 2880 to 64 [-Wconstant-conversion]
                        /* Data[0].ctlEdges[0].bChannel */ FREQ2FBIN(5180, 0),
                                                           ^~~~~~~~~~~~~~~~~~
/home/cross/kernel/android_kernel_xiaomi_lavender/drivers/net/wireless/ath/ath9k/eeprom.h:98:38: note: expanded from macro 'FREQ2FBIN'
#define FREQ2FBIN(x, y)         ((y) ? ((x) - 2300) : (((x) - 4800) / 5))
                                        ~~~~^~~~~~
/home/cross/kernel/android_kernel_xiaomi_lavender/drivers/net/wireless/ath/ath9k/ar9003_eeprom.c:2784:39: warning: implicit conversion from 'int' to 'u8' (aka 'unsigned char') changes value from 2960 to 144 [-Wconstant-conversion]
                        /* Data[0].ctlEdges[1].bChannel */ FREQ2FBIN(5260, 0),
                                                           ^~~~~~~~~~~~~~~~~~
/home/cross/kernel/android_kernel_xiaomi_lavender/drivers/net/wireless/ath/ath9k/eeprom.h:98:38: note: expanded from macro 'FREQ2FBIN'
#define FREQ2FBIN(x, y)         ((y) ? ((x) - 2300) : (((x) - 4800) / 5))
                                        ~~~~^~~~~~
/home/cross/kernel/android_kernel_xiaomi_lavender/drivers/net/wireless/ath/ath9k/ar9003_eeprom.c:2785:39: warning: implicit conversion from 'int' to 'u8' (aka 'unsigned char') changes value from 2980 to 164 [-Wconstant-conversion]
                        /* Data[0].ctlEdges[2].bChannel */ FREQ2FBIN(5280, 0),
                                                           ^~~~~~~~~~~~~~~~~~
/home/cross/kernel/android_kernel_xiaomi_lavender/drivers/net/wireless/ath/ath9k/eeprom.h:98:38: note: expanded from macro 'FREQ2FBIN'
#define FREQ2FBIN(x, y)         ((y) ? ((x) - 2300) : (((x) - 4800) / 5))
                                        ~~~~^~~~~~
/home/cross/kernel/android_kernel_xiaomi_lavender/drivers/net/wireless/ath/ath9k/ar9003_eeprom.c:2786:39: warning: implicit conversion from 'int' to 'u8' (aka 'unsigned char') changes value from 3200 to 128 [-Wconstant-conversion]
                        /* Data[0].ctlEdges[3].bChannel */ FREQ2FBIN(5500, 0),
                                                           ^~~~~~~~~~~~~~~~~~
/home/cross/kernel/android_kernel_xiaomi_lavender/drivers/net/wireless/ath/ath9k/eeprom.h:98:38: note: expanded from macro 'FREQ2FBIN'
#define FREQ2FBIN(x, y)         ((y) ? ((x) - 2300) : (((x) - 4800) / 5))
                                        ~~~~^~~~~~
/home/cross/kernel/android_kernel_xiaomi_lavender/drivers/net/wireless/ath/ath9k/ar9003_eeprom.c:2787:39: warning: implicit conversion from 'int' to 'u8' (aka 'unsigned char') changes value from 3300 to 228 [-Wconstant-conversion]
                        /* Data[0].ctlEdges[4].bChannel */ FREQ2FBIN(5600, 0),
                                                           ^~~~~~~~~~~~~~~~~~
/home/cross/kernel/android_kernel_xiaomi_lavender/drivers/net/wireless/ath/ath9k/eeprom.h:98:38: note: expanded from macro 'FREQ2FBIN'
#define FREQ2FBIN(x, y)         ((y) ? ((x) - 2300) : (((x) - 4800) / 5))
                                        ~~~~^~~~~~
/home/cross/kernel/android_kernel_xiaomi_lavender/drivers/net/wireless/ath/ath9k/ar9003_eeprom.c:2788:39: warning: implicit conversion from 'int' to 'u8' (aka 'unsigned char') changes value from 3400 to 72 [-Wconstant-conversion]
                        /* Data[0].ctlEdges[5].bChannel */ FREQ2FBIN(5700, 0),
                                                           ^~~~~~~~~~~~~~~~~~
/home/cross/kernel/android_kernel_xiaomi_lavender/drivers/net/wireless/ath/ath9k/eeprom.h:98:38: note: expanded from macro 'FREQ2FBIN'
#define FREQ2FBIN(x, y)         ((y) ? ((x) - 2300) : (((x) - 4800) / 5))
                                        ~~~~^~~~~~
/home/cross/kernel/android_kernel_xiaomi_lavender/drivers/net/wireless/ath/ath9k/ar9003_eeprom.c:2789:39: warning: implicit conversion from 'int' to 'u8' (aka 'unsigned char') changes value from 3445 to 117 [-Wconstant-conversion]
                        /* Data[0].ctlEdges[6].bChannel */ FREQ2FBIN(5745, 0),
                                                           ^~~~~~~~~~~~~~~~~~
/home/cross/kernel/android_kernel_xiaomi_lavender/drivers/net/wireless/ath/ath9k/eeprom.h:98:38: note: expanded from macro 'FREQ2FBIN'
#define FREQ2FBIN(x, y)         ((y) ? ((x) - 2300) : (((x) - 4800) / 5))
                                        ~~~~^~~~~~
/home/cross/kernel/android_kernel_xiaomi_lavender/drivers/net/wireless/ath/ath9k/ar9003_eeprom.c:2790:39: warning: implicit conversion from 'int' to 'u8' (aka 'unsigned char') changes value from 3525 to 197 [-Wconstant-conversion]
                        /* Data[0].ctlEdges[7].bChannel */ FREQ2FBIN(5825, 0)
                                                           ^~~~~~~~~~~~~~~~~~
/home/cross/kernel/android_kernel_xiaomi_lavender/drivers/net/wireless/ath/ath9k/eeprom.h:98:38: note: expanded from macro 'FREQ2FBIN'
#define FREQ2FBIN(x, y)         ((y) ? ((x) - 2300) : (((x) - 4800) / 5))
                                        ~~~~^~~~~~
/home/cross/kernel/android_kernel_xiaomi_lavender/drivers/net/wireless/ath/ath9k/ar9003_eeprom.c:2793:39: warning: implicit conversion from 'int' to 'u8' (aka 'unsigned char') changes value from 2880 to 64 [-Wconstant-conversion]
                        /* Data[1].ctlEdges[0].bChannel */ FREQ2FBIN(5180, 0),
                                                           ^~~~~~~~~~~~~~~~~~
/home/cross/kernel/android_kernel_xiaomi_lavender/drivers/net/wireless/ath/ath9k/eeprom.h:98:38: note: expanded from macro 'FREQ2FBIN'
#define FREQ2FBIN(x, y)         ((y) ? ((x) - 2300) : (((x) - 4800) / 5))
                                        ~~~~^~~~~~
/home/cross/kernel/android_kernel_xiaomi_lavender/drivers/net/wireless/ath/ath9k/ar9003_eeprom.c:2794:39: warning: implicit conversion from 'int' to 'u8' (aka 'unsigned char') changes value from 2960 to 144 [-Wconstant-conversion]
                        /* Data[1].ctlEdges[1].bChannel */ FREQ2FBIN(5260, 0),
                                                           ^~~~~~~~~~~~~~~~~~
/home/cross/kernel/android_kernel_xiaomi_lavender/drivers/net/wireless/ath/ath9k/eeprom.h:98:38: note: expanded from macro 'FREQ2FBIN'
#define FREQ2FBIN(x, y)         ((y) ? ((x) - 2300) : (((x) - 4800) / 5))
                                        ~~~~^~~~~~
/home/cross/kernel/android_kernel_xiaomi_lavender/drivers/net/wireless/ath/ath9k/ar9003_eeprom.c:2795:39: warning: implicit conversion from 'int' to 'u8' (aka 'unsigned char') changes value from 2980 to 164 [-Wconstant-conversion]
                        /* Data[1].ctlEdges[2].bChannel */ FREQ2FBIN(5280, 0),
                                                           ^~~~~~~~~~~~~~~~~~
/home/cross/kernel/android_kernel_xiaomi_lavender/drivers/net/wireless/ath/ath9k/eeprom.h:98:38: note: expanded from macro 'FREQ2FBIN'
#define FREQ2FBIN(x, y)         ((y) ? ((x) - 2300) : (((x) - 4800) / 5))
                                        ~~~~^~~~~~
/home/cross/kernel/android_kernel_xiaomi_lavender/drivers/net/wireless/ath/ath9k/ar9003_eeprom.c:2796:39: warning: implicit conversion from 'int' to 'u8' (aka 'unsigned char') changes value from 3200 to 128 [-Wconstant-conversion]
                        /* Data[1].ctlEdges[3].bChannel */ FREQ2FBIN(5500, 0),
                                                           ^~~~~~~~~~~~~~~~~~
/home/cross/kernel/android_kernel_xiaomi_lavender/drivers/net/wireless/ath/ath9k/eeprom.h:98:38: note: expanded from macro 'FREQ2FBIN'
#define FREQ2FBIN(x, y)         ((y) ? ((x) - 2300) : (((x) - 4800) / 5))
                                        ~~~~^~~~~~
/home/cross/kernel/android_kernel_xiaomi_lavender/drivers/net/wireless/ath/ath9k/ar9003_eeprom.c:2797:39: warning: implicit conversion from 'int' to 'u8' (aka 'unsigned char') changes value from 3220 to 148 [-Wconstant-conversion]
                        /* Data[1].ctlEdges[4].bChannel */ FREQ2FBIN(5520, 0),
                                                           ^~~~~~~~~~~~~~~~~~
/home/cross/kernel/android_kernel_xiaomi_lavender/drivers/net/wireless/ath/ath9k/eeprom.h:98:38: note: expanded from macro 'FREQ2FBIN'
#define FREQ2FBIN(x, y)         ((y) ? ((x) - 2300) : (((x) - 4800) / 5))
                                        ~~~~^~~~~~
/home/cross/kernel/android_kernel_xiaomi_lavender/drivers/net/wireless/ath/ath9k/ar9003_eeprom.c:2798:39: warning: implicit conversion from 'int' to 'u8' (aka 'unsigned char') changes value from 3400 to 72 [-Wconstant-conversion]
                        /* Data[1].ctlEdges[5].bChannel */ FREQ2FBIN(5700, 0),
                                                           ^~~~~~~~~~~~~~~~~~
/home/cross/kernel/android_kernel_xiaomi_lavender/drivers/net/wireless/ath/ath9k/eeprom.h:98:38: note: expanded from macro 'FREQ2FBIN'
#define FREQ2FBIN(x, y)         ((y) ? ((x) - 2300) : (((x) - 4800) / 5))
                                        ~~~~^~~~~~
/home/cross/kernel/android_kernel_xiaomi_lavender/drivers/net/wireless/ath/ath9k/ar9003_eeprom.c:2799:39: warning: implicit conversion from 'int' to 'u8' (aka 'unsigned char') changes value from 3445 to 117 [-Wconstant-conversion]
                        /* Data[1].ctlEdges[6].bChannel */ FREQ2FBIN(5745, 0),
                                                           ^~~~~~~~~~~~~~~~~~
/home/cross/kernel/android_kernel_xiaomi_lavender/drivers/net/wireless/ath/ath9k/eeprom.h:98:38: note: expanded from macro 'FREQ2FBIN'
#define FREQ2FBIN(x, y)         ((y) ? ((x) - 2300) : (((x) - 4800) / 5))
                                        ~~~~^~~~~~
/home/cross/kernel/android_kernel_xiaomi_lavender/drivers/net/wireless/ath/ath9k/ar9003_eeprom.c:2800:39: warning: implicit conversion from 'int' to 'u8' (aka 'unsigned char') changes value from 3525 to 197 [-Wconstant-conversion]
                        /* Data[1].ctlEdges[7].bChannel */ FREQ2FBIN(5825, 0)
                                                           ^~~~~~~~~~~~~~~~~~
/home/cross/kernel/android_kernel_xiaomi_lavender/drivers/net/wireless/ath/ath9k/eeprom.h:98:38: note: expanded from macro 'FREQ2FBIN'
#define FREQ2FBIN(x, y)         ((y) ? ((x) - 2300) : (((x) - 4800) / 5))
                                        ~~~~^~~~~~
/home/cross/kernel/android_kernel_xiaomi_lavender/drivers/net/wireless/ath/ath9k/ar9003_eeprom.c:2804:39: warning: implicit conversion from 'int' to 'u8' (aka 'unsigned char') changes value from 2890 to 74 [-Wconstant-conversion]
                        /* Data[2].ctlEdges[0].bChannel */ FREQ2FBIN(5190, 0),
                                                           ^~~~~~~~~~~~~~~~~~
/home/cross/kernel/android_kernel_xiaomi_lavender/drivers/net/wireless/ath/ath9k/eeprom.h:98:38: note: expanded from macro 'FREQ2FBIN'
#define FREQ2FBIN(x, y)         ((y) ? ((x) - 2300) : (((x) - 4800) / 5))
                                        ~~~~^~~~~~
/home/cross/kernel/android_kernel_xiaomi_lavender/drivers/net/wireless/ath/ath9k/ar9003_eeprom.c:2805:39: warning: implicit conversion from 'int' to 'u8' (aka 'unsigned char') changes value from 2930 to 114 [-Wconstant-conversion]
                        /* Data[2].ctlEdges[1].bChannel */ FREQ2FBIN(5230, 0),
                                                           ^~~~~~~~~~~~~~~~~~
/home/cross/kernel/android_kernel_xiaomi_lavender/drivers/net/wireless/ath/ath9k/eeprom.h:98:38: note: expanded from macro 'FREQ2FBIN'
#define FREQ2FBIN(x, y)         ((y) ? ((x) - 2300) : (((x) - 4800) / 5))
                                        ~~~~^~~~~~
/home/cross/kernel/android_kernel_xiaomi_lavender/drivers/net/wireless/ath/ath9k/ar9003_eeprom.c:2806:39: warning: implicit conversion from 'int' to 'u8' (aka 'unsigned char') changes value from 2970 to 154 [-Wconstant-conversion]
                        /* Data[2].ctlEdges[2].bChannel */ FREQ2FBIN(5270, 0),
                                                           ^~~~~~~~~~~~~~~~~~
/home/cross/kernel/android_kernel_xiaomi_lavender/drivers/net/wireless/ath/ath9k/eeprom.h:98:38: note: expanded from macro 'FREQ2FBIN'
#define FREQ2FBIN(x, y)         ((y) ? ((x) - 2300) : (((x) - 4800) / 5))
                                        ~~~~^~~~~~
/home/cross/kernel/android_kernel_xiaomi_lavender/drivers/net/wireless/ath/ath9k/ar9003_eeprom.c:2807:39: warning: implicit conversion from 'int' to 'u8' (aka 'unsigned char') changes value from 3010 to 194 [-Wconstant-conversion]
                        /* Data[2].ctlEdges[3].bChannel */ FREQ2FBIN(5310, 0),
                                                           ^~~~~~~~~~~~~~~~~~
/home/cross/kernel/android_kernel_xiaomi_lavender/drivers/net/wireless/ath/ath9k/eeprom.h:98:38: note: expanded from macro 'FREQ2FBIN'
#define FREQ2FBIN(x, y)         ((y) ? ((x) - 2300) : (((x) - 4800) / 5))
                                        ~~~~^~~~~~
/home/cross/kernel/android_kernel_xiaomi_lavender/drivers/net/wireless/ath/ath9k/ar9003_eeprom.c:2808:39: warning: implicit conversion from 'int' to 'u8' (aka 'unsigned char') changes value from 3210 to 138 [-Wconstant-conversion]
                        /* Data[2].ctlEdges[4].bChannel */ FREQ2FBIN(5510, 0),
                                                           ^~~~~~~~~~~~~~~~~~
/home/cross/kernel/android_kernel_xiaomi_lavender/drivers/net/wireless/ath/ath9k/eeprom.h:98:38: note: expanded from macro 'FREQ2FBIN'
#define FREQ2FBIN(x, y)         ((y) ? ((x) - 2300) : (((x) - 4800) / 5))
                                        ~~~~^~~~~~
/home/cross/kernel/android_kernel_xiaomi_lavender/drivers/net/wireless/ath/ath9k/ar9003_eeprom.c:2809:39: warning: implicit conversion from 'int' to 'u8' (aka 'unsigned char') changes value from 3250 to 178 [-Wconstant-conversion]
                        /* Data[2].ctlEdges[5].bChannel */ FREQ2FBIN(5550, 0),
                                                           ^~~~~~~~~~~~~~~~~~
/home/cross/kernel/android_kernel_xiaomi_lavender/drivers/net/wireless/ath/ath9k/eeprom.h:98:38: note: expanded from macro 'FREQ2FBIN'
#define FREQ2FBIN(x, y)         ((y) ? ((x) - 2300) : (((x) - 4800) / 5))
                                        ~~~~^~~~~~
/home/cross/kernel/android_kernel_xiaomi_lavender/drivers/net/wireless/ath/ath9k/ar9003_eeprom.c:2810:39: warning: implicit conversion from 'int' to 'u8' (aka 'unsigned char') changes value from 3370 to 42 [-Wconstant-conversion]
                        /* Data[2].ctlEdges[6].bChannel */ FREQ2FBIN(5670, 0),
                                                           ^~~~~~~~~~~~~~~~~~
/home/cross/kernel/android_kernel_xiaomi_lavender/drivers/net/wireless/ath/ath9k/eeprom.h:98:38: note: expanded from macro 'FREQ2FBIN'
#define FREQ2FBIN(x, y)         ((y) ? ((x) - 2300) : (((x) - 4800) / 5))
                                        ~~~~^~~~~~
/home/cross/kernel/android_kernel_xiaomi_lavender/drivers/net/wireless/ath/ath9k/ar9003_eeprom.c:2811:39: warning: implicit conversion from 'int' to 'u8' (aka 'unsigned char') changes value from 3455 to 127 [-Wconstant-conversion]
                        /* Data[2].ctlEdges[7].bChannel */ FREQ2FBIN(5755, 0)
                                                           ^~~~~~~~~~~~~~~~~~
/home/cross/kernel/android_kernel_xiaomi_lavender/drivers/net/wireless/ath/ath9k/eeprom.h:98:38: note: expanded from macro 'FREQ2FBIN'
#define FREQ2FBIN(x, y)         ((y) ? ((x) - 2300) : (((x) - 4800) / 5))
                                        ~~~~^~~~~~
/home/cross/kernel/android_kernel_xiaomi_lavender/drivers/net/wireless/ath/ath9k/ar9003_eeprom.c:2815:39: warning: implicit conversion from 'int' to 'u8' (aka 'unsigned char') changes value from 2880 to 64 [-Wconstant-conversion]
                        /* Data[3].ctlEdges[0].bChannel */ FREQ2FBIN(5180, 0),
                                                           ^~~~~~~~~~~~~~~~~~
/home/cross/kernel/android_kernel_xiaomi_lavender/drivers/net/wireless/ath/ath9k/eeprom.h:98:38: note: expanded from macro 'FREQ2FBIN'
#define FREQ2FBIN(x, y)         ((y) ? ((x) - 2300) : (((x) - 4800) / 5))
                                        ~~~~^~~~~~
/home/cross/kernel/android_kernel_xiaomi_lavender/drivers/net/wireless/ath/ath9k/ar9003_eeprom.c:2816:39: warning: implicit conversion from 'int' to 'u8' (aka 'unsigned char') changes value from 2900 to 84 [-Wconstant-conversion]
                        /* Data[3].ctlEdges[1].bChannel */ FREQ2FBIN(5200, 0),
                                                           ^~~~~~~~~~~~~~~~~~
/home/cross/kernel/android_kernel_xiaomi_lavender/drivers/net/wireless/ath/ath9k/eeprom.h:98:38: note: expanded from macro 'FREQ2FBIN'
#define FREQ2FBIN(x, y)         ((y) ? ((x) - 2300) : (((x) - 4800) / 5))
                                        ~~~~^~~~~~
/home/cross/kernel/android_kernel_xiaomi_lavender/drivers/net/wireless/ath/ath9k/ar9003_eeprom.c:2817:39: warning: implicit conversion from 'int' to 'u8' (aka 'unsigned char') changes value from 2960 to 144 [-Wconstant-conversion]
                        /* Data[3].ctlEdges[2].bChannel */ FREQ2FBIN(5260, 0),
                                                           ^~~~~~~~~~~~~~~~~~
/home/cross/kernel/android_kernel_xiaomi_lavender/drivers/net/wireless/ath/ath9k/eeprom.h:98:38: note: expanded from macro 'FREQ2FBIN'
#define FREQ2FBIN(x, y)         ((y) ? ((x) - 2300) : (((x) - 4800) / 5))
                                        ~~~~^~~~~~
/home/cross/kernel/android_kernel_xiaomi_lavender/drivers/net/wireless/ath/ath9k/ar9003_eeprom.c:2818:39: warning: implicit conversion from 'int' to 'u8' (aka 'unsigned char') changes value from 3020 to 204 [-Wconstant-conversion]
                        /* Data[3].ctlEdges[3].bChannel */ FREQ2FBIN(5320, 0),
                                                           ^~~~~~~~~~~~~~~~~~
/home/cross/kernel/android_kernel_xiaomi_lavender/drivers/net/wireless/ath/ath9k/eeprom.h:98:38: note: expanded from macro 'FREQ2FBIN'
#define FREQ2FBIN(x, y)         ((y) ? ((x) - 2300) : (((x) - 4800) / 5))
                                        ~~~~^~~~~~
/home/cross/kernel/android_kernel_xiaomi_lavender/drivers/net/wireless/ath/ath9k/ar9003_eeprom.c:2819:39: warning: implicit conversion from 'int' to 'u8' (aka 'unsigned char') changes value from 3200 to 128 [-Wconstant-conversion]
                        /* Data[3].ctlEdges[4].bChannel */ FREQ2FBIN(5500, 0),
                                                           ^~~~~~~~~~~~~~~~~~
/home/cross/kernel/android_kernel_xiaomi_lavender/drivers/net/wireless/ath/ath9k/eeprom.h:98:38: note: expanded from macro 'FREQ2FBIN'
#define FREQ2FBIN(x, y)         ((y) ? ((x) - 2300) : (((x) - 4800) / 5))
                                        ~~~~^~~~~~
/home/cross/kernel/android_kernel_xiaomi_lavender/drivers/net/wireless/ath/ath9k/ar9003_eeprom.c:2820:39: warning: implicit conversion from 'int' to 'u8' (aka 'unsigned char') changes value from 3400 to 72 [-Wconstant-conversion]
                        /* Data[3].ctlEdges[5].bChannel */ FREQ2FBIN(5700, 0),
                                                           ^~~~~~~~~~~~~~~~~~
/home/cross/kernel/android_kernel_xiaomi_lavender/drivers/net/wireless/ath/ath9k/eeprom.h:98:38: note: expanded from macro 'FREQ2FBIN'
#define FREQ2FBIN(x, y)         ((y) ? ((x) - 2300) : (((x) - 4800) / 5))
                                        ~~~~^~~~~~
/home/cross/kernel/android_kernel_xiaomi_lavender/drivers/net/wireless/ath/ath9k/ar9003_eeprom.c:2826:39: warning: implicit conversion from 'int' to 'u8' (aka 'unsigned char') changes value from 2880 to 64 [-Wconstant-conversion]
                        /* Data[4].ctlEdges[0].bChannel */ FREQ2FBIN(5180, 0),
                                                           ^~~~~~~~~~~~~~~~~~
/home/cross/kernel/android_kernel_xiaomi_lavender/drivers/net/wireless/ath/ath9k/eeprom.h:98:38: note: expanded from macro 'FREQ2FBIN'
#define FREQ2FBIN(x, y)         ((y) ? ((x) - 2300) : (((x) - 4800) / 5))
                                        ~~~~^~~~~~
/home/cross/kernel/android_kernel_xiaomi_lavender/drivers/net/wireless/ath/ath9k/ar9003_eeprom.c:2827:39: warning: implicit conversion from 'int' to 'u8' (aka 'unsigned char') changes value from 2960 to 144 [-Wconstant-conversion]
                        /* Data[4].ctlEdges[1].bChannel */ FREQ2FBIN(5260, 0),
                                                           ^~~~~~~~~~~~~~~~~~
/home/cross/kernel/android_kernel_xiaomi_lavender/drivers/net/wireless/ath/ath9k/eeprom.h:98:38: note: expanded from macro 'FREQ2FBIN'
#define FREQ2FBIN(x, y)         ((y) ? ((x) - 2300) : (((x) - 4800) / 5))
                                        ~~~~^~~~~~
/home/cross/kernel/android_kernel_xiaomi_lavender/drivers/net/wireless/ath/ath9k/ar9003_eeprom.c:2828:39: warning: implicit conversion from 'int' to 'u8' (aka 'unsigned char') changes value from 3200 to 128 [-Wconstant-conversion]
                        /* Data[4].ctlEdges[2].bChannel */ FREQ2FBIN(5500, 0),
                                                           ^~~~~~~~~~~~~~~~~~
/home/cross/kernel/android_kernel_xiaomi_lavender/drivers/net/wireless/ath/ath9k/eeprom.h:98:38: note: expanded from macro 'FREQ2FBIN'
#define FREQ2FBIN(x, y)         ((y) ? ((x) - 2300) : (((x) - 4800) / 5))
                                        ~~~~^~~~~~
/home/cross/kernel/android_kernel_xiaomi_lavender/drivers/net/wireless/ath/ath9k/ar9003_eeprom.c:2829:39: warning: implicit conversion from 'int' to 'u8' (aka 'unsigned char') changes value from 3400 to 72 [-Wconstant-conversion]
                        /* Data[4].ctlEdges[3].bChannel */ FREQ2FBIN(5700, 0),
                                                           ^~~~~~~~~~~~~~~~~~
/home/cross/kernel/android_kernel_xiaomi_lavender/drivers/net/wireless/ath/ath9k/eeprom.h:98:38: note: expanded from macro 'FREQ2FBIN'
#define FREQ2FBIN(x, y)         ((y) ? ((x) - 2300) : (((x) - 4800) / 5))
                                        ~~~~^~~~~~
/home/cross/kernel/android_kernel_xiaomi_lavender/drivers/net/wireless/ath/ath9k/ar9003_eeprom.c:2837:39: warning: implicit conversion from 'int' to 'u8' (aka 'unsigned char') changes value from 2890 to 74 [-Wconstant-conversion]
                        /* Data[5].ctlEdges[0].bChannel */ FREQ2FBIN(5190, 0),
                                                           ^~~~~~~~~~~~~~~~~~
/home/cross/kernel/android_kernel_xiaomi_lavender/drivers/net/wireless/ath/ath9k/eeprom.h:98:38: note: expanded from macro 'FREQ2FBIN'
#define FREQ2FBIN(x, y)         ((y) ? ((x) - 2300) : (((x) - 4800) / 5))
                                        ~~~~^~~~~~
/home/cross/kernel/android_kernel_xiaomi_lavender/drivers/net/wireless/ath/ath9k/ar9003_eeprom.c:2838:39: warning: implicit conversion from 'int' to 'u8' (aka 'unsigned char') changes value from 2970 to 154 [-Wconstant-conversion]
                        /* Data[5].ctlEdges[1].bChannel */ FREQ2FBIN(5270, 0),
                                                           ^~~~~~~~~~~~~~~~~~
/home/cross/kernel/android_kernel_xiaomi_lavender/drivers/net/wireless/ath/ath9k/eeprom.h:98:38: note: expanded from macro 'FREQ2FBIN'
#define FREQ2FBIN(x, y)         ((y) ? ((x) - 2300) : (((x) - 4800) / 5))
                                        ~~~~^~~~~~
/home/cross/kernel/android_kernel_xiaomi_lavender/drivers/net/wireless/ath/ath9k/ar9003_eeprom.c:2839:39: warning: implicit conversion from 'int' to 'u8' (aka 'unsigned char') changes value from 3010 to 194 [-Wconstant-conversion]
                        /* Data[5].ctlEdges[2].bChannel */ FREQ2FBIN(5310, 0),
                                                           ^~~~~~~~~~~~~~~~~~
/home/cross/kernel/android_kernel_xiaomi_lavender/drivers/net/wireless/ath/ath9k/eeprom.h:98:38: note: expanded from macro 'FREQ2FBIN'
#define FREQ2FBIN(x, y)         ((y) ? ((x) - 2300) : (((x) - 4800) / 5))
                                        ~~~~^~~~~~
/home/cross/kernel/android_kernel_xiaomi_lavender/drivers/net/wireless/ath/ath9k/ar9003_eeprom.c:2840:39: warning: implicit conversion from 'int' to 'u8' (aka 'unsigned char') changes value from 3210 to 138 [-Wconstant-conversion]
                        /* Data[5].ctlEdges[3].bChannel */ FREQ2FBIN(5510, 0),
                                                           ^~~~~~~~~~~~~~~~~~
/home/cross/kernel/android_kernel_xiaomi_lavender/drivers/net/wireless/ath/ath9k/eeprom.h:98:38: note: expanded from macro 'FREQ2FBIN'
#define FREQ2FBIN(x, y)         ((y) ? ((x) - 2300) : (((x) - 4800) / 5))
                                        ~~~~^~~~~~
/home/cross/kernel/android_kernel_xiaomi_lavender/drivers/net/wireless/ath/ath9k/ar9003_eeprom.c:2841:39: warning: implicit conversion from 'int' to 'u8' (aka 'unsigned char') changes value from 3290 to 218 [-Wconstant-conversion]
                        /* Data[5].ctlEdges[4].bChannel */ FREQ2FBIN(5590, 0),
                                                           ^~~~~~~~~~~~~~~~~~
/home/cross/kernel/android_kernel_xiaomi_lavender/drivers/net/wireless/ath/ath9k/eeprom.h:98:38: note: expanded from macro 'FREQ2FBIN'
#define FREQ2FBIN(x, y)         ((y) ? ((x) - 2300) : (((x) - 4800) / 5))
                                        ~~~~^~~~~~
/home/cross/kernel/android_kernel_xiaomi_lavender/drivers/net/wireless/ath/ath9k/ar9003_eeprom.c:2842:39: warning: implicit conversion from 'int' to 'u8' (aka 'unsigned char') changes value from 3370 to 42 [-Wconstant-conversion]
                        /* Data[5].ctlEdges[5].bChannel */ FREQ2FBIN(5670, 0),
                                                           ^~~~~~~~~~~~~~~~~~
/home/cross/kernel/android_kernel_xiaomi_lavender/drivers/net/wireless/ath/ath9k/eeprom.h:98:38: note: expanded from macro 'FREQ2FBIN'
#define FREQ2FBIN(x, y)         ((y) ? ((x) - 2300) : (((x) - 4800) / 5))
                                        ~~~~^~~~~~
/home/cross/kernel/android_kernel_xiaomi_lavender/drivers/net/wireless/ath/ath9k/ar9003_eeprom.c:2848:39: warning: implicit conversion from 'int' to 'u8' (aka 'unsigned char') changes value from 2880 to 64 [-Wconstant-conversion]
                        /* Data[6].ctlEdges[0].bChannel */ FREQ2FBIN(5180, 0),
                                                           ^~~~~~~~~~~~~~~~~~
/home/cross/kernel/android_kernel_xiaomi_lavender/drivers/net/wireless/ath/ath9k/eeprom.h:98:38: note: expanded from macro 'FREQ2FBIN'
#define FREQ2FBIN(x, y)         ((y) ? ((x) - 2300) : (((x) - 4800) / 5))
                                        ~~~~^~~~~~
/home/cross/kernel/android_kernel_xiaomi_lavender/drivers/net/wireless/ath/ath9k/ar9003_eeprom.c:2849:39: warning: implicit conversion from 'int' to 'u8' (aka 'unsigned char') changes value from 2900 to 84 [-Wconstant-conversion]
                        /* Data[6].ctlEdges[1].bChannel */ FREQ2FBIN(5200, 0),
                                                           ^~~~~~~~~~~~~~~~~~
/home/cross/kernel/android_kernel_xiaomi_lavender/drivers/net/wireless/ath/ath9k/eeprom.h:98:38: note: expanded from macro 'FREQ2FBIN'
#define FREQ2FBIN(x, y)         ((y) ? ((x) - 2300) : (((x) - 4800) / 5))
                                        ~~~~^~~~~~
/home/cross/kernel/android_kernel_xiaomi_lavender/drivers/net/wireless/ath/ath9k/ar9003_eeprom.c:2850:39: warning: implicit conversion from 'int' to 'u8' (aka 'unsigned char') changes value from 2920 to 104 [-Wconstant-conversion]
                        /* Data[6].ctlEdges[2].bChannel */ FREQ2FBIN(5220, 0),
                                                           ^~~~~~~~~~~~~~~~~~
/home/cross/kernel/android_kernel_xiaomi_lavender/drivers/net/wireless/ath/ath9k/eeprom.h:98:38: note: expanded from macro 'FREQ2FBIN'
#define FREQ2FBIN(x, y)         ((y) ? ((x) - 2300) : (((x) - 4800) / 5))
                                        ~~~~^~~~~~
/home/cross/kernel/android_kernel_xiaomi_lavender/drivers/net/wireless/ath/ath9k/ar9003_eeprom.c:2851:39: warning: implicit conversion from 'int' to 'u8' (aka 'unsigned char') changes value from 2960 to 144 [-Wconstant-conversion]
                        /* Data[6].ctlEdges[3].bChannel */ FREQ2FBIN(5260, 0),
                                                           ^~~~~~~~~~~~~~~~~~
/home/cross/kernel/android_kernel_xiaomi_lavender/drivers/net/wireless/ath/ath9k/eeprom.h:98:38: note: expanded from macro 'FREQ2FBIN'
#define FREQ2FBIN(x, y)         ((y) ? ((x) - 2300) : (((x) - 4800) / 5))
                                        ~~~~^~~~~~
/home/cross/kernel/android_kernel_xiaomi_lavender/drivers/net/wireless/ath/ath9k/ar9003_eeprom.c:2852:39: warning: implicit conversion from 'int' to 'u8' (aka 'unsigned char') changes value from 3200 to 128 [-Wconstant-conversion]
                        /* Data[6].ctlEdges[4].bChannel */ FREQ2FBIN(5500, 0),
                                                           ^~~~~~~~~~~~~~~~~~
/home/cross/kernel/android_kernel_xiaomi_lavender/drivers/net/wireless/ath/ath9k/eeprom.h:98:38: note: expanded from macro 'FREQ2FBIN'
#define FREQ2FBIN(x, y)         ((y) ? ((x) - 2300) : (((x) - 4800) / 5))
                                        ~~~~^~~~~~
/home/cross/kernel/android_kernel_xiaomi_lavender/drivers/net/wireless/ath/ath9k/ar9003_eeprom.c:2853:39: warning: implicit conversion from 'int' to 'u8' (aka 'unsigned char') changes value from 3300 to 228 [-Wconstant-conversion]
                        /* Data[6].ctlEdges[5].bChannel */ FREQ2FBIN(5600, 0),
                                                           ^~~~~~~~~~~~~~~~~~
/home/cross/kernel/android_kernel_xiaomi_lavender/drivers/net/wireless/ath/ath9k/eeprom.h:98:38: note: expanded from macro 'FREQ2FBIN'
#define FREQ2FBIN(x, y)         ((y) ? ((x) - 2300) : (((x) - 4800) / 5))
                                        ~~~~^~~~~~
/home/cross/kernel/android_kernel_xiaomi_lavender/drivers/net/wireless/ath/ath9k/ar9003_eeprom.c:2854:39: warning: implicit conversion from 'int' to 'u8' (aka 'unsigned char') changes value from 3400 to 72 [-Wconstant-conversion]
                        /* Data[6].ctlEdges[6].bChannel */ FREQ2FBIN(5700, 0),
                                                           ^~~~~~~~~~~~~~~~~~
/home/cross/kernel/android_kernel_xiaomi_lavender/drivers/net/wireless/ath/ath9k/eeprom.h:98:38: note: expanded from macro 'FREQ2FBIN'
#define FREQ2FBIN(x, y)         ((y) ? ((x) - 2300) : (((x) - 4800) / 5))
                                        ~~~~^~~~~~
/home/cross/kernel/android_kernel_xiaomi_lavender/drivers/net/wireless/ath/ath9k/ar9003_eeprom.c:2855:39: warning: implicit conversion from 'int' to 'u8' (aka 'unsigned char') changes value from 3445 to 117 [-Wconstant-conversion]
                        /* Data[6].ctlEdges[7].bChannel */ FREQ2FBIN(5745, 0)
                                                           ^~~~~~~~~~~~~~~~~~
/home/cross/kernel/android_kernel_xiaomi_lavender/drivers/net/wireless/ath/ath9k/eeprom.h:98:38: note: expanded from macro 'FREQ2FBIN'
#define FREQ2FBIN(x, y)         ((y) ? ((x) - 2300) : (((x) - 4800) / 5))
                                        ~~~~^~~~~~
/home/cross/kernel/android_kernel_xiaomi_lavender/drivers/net/wireless/ath/ath9k/ar9003_eeprom.c:2859:39: warning: implicit conversion from 'int' to 'u8' (aka 'unsigned char') changes value from 2880 to 64 [-Wconstant-conversion]
                        /* Data[7].ctlEdges[0].bChannel */ FREQ2FBIN(5180, 0),
                                                           ^~~~~~~~~~~~~~~~~~
/home/cross/kernel/android_kernel_xiaomi_lavender/drivers/net/wireless/ath/ath9k/eeprom.h:98:38: note: expanded from macro 'FREQ2FBIN'
#define FREQ2FBIN(x, y)         ((y) ? ((x) - 2300) : (((x) - 4800) / 5))
                                        ~~~~^~~~~~
/home/cross/kernel/android_kernel_xiaomi_lavender/drivers/net/wireless/ath/ath9k/ar9003_eeprom.c:2860:39: warning: implicit conversion from 'int' to 'u8' (aka 'unsigned char') changes value from 2960 to 144 [-Wconstant-conversion]
                        /* Data[7].ctlEdges[1].bChannel */ FREQ2FBIN(5260, 0),
                                                           ^~~~~~~~~~~~~~~~~~
/home/cross/kernel/android_kernel_xiaomi_lavender/drivers/net/wireless/ath/ath9k/eeprom.h:98:38: note: expanded from macro 'FREQ2FBIN'
#define FREQ2FBIN(x, y)         ((y) ? ((x) - 2300) : (((x) - 4800) / 5))
                                        ~~~~^~~~~~
/home/cross/kernel/android_kernel_xiaomi_lavender/drivers/net/wireless/ath/ath9k/ar9003_eeprom.c:2861:39: warning: implicit conversion from 'int' to 'u8' (aka 'unsigned char') changes value from 3020 to 204 [-Wconstant-conversion]
                        /* Data[7].ctlEdges[2].bChannel */ FREQ2FBIN(5320, 0),
                                                           ^~~~~~~~~~~~~~~~~~
/home/cross/kernel/android_kernel_xiaomi_lavender/drivers/net/wireless/ath/ath9k/eeprom.h:98:38: note: expanded from macro 'FREQ2FBIN'
#define FREQ2FBIN(x, y)         ((y) ? ((x) - 2300) : (((x) - 4800) / 5))
                                        ~~~~^~~~~~
/home/cross/kernel/android_kernel_xiaomi_lavender/drivers/net/wireless/ath/ath9k/ar9003_eeprom.c:2862:39: warning: implicit conversion from 'int' to 'u8' (aka 'unsigned char') changes value from 3200 to 128 [-Wconstant-conversion]
                        /* Data[7].ctlEdges[3].bChannel */ FREQ2FBIN(5500, 0),
                                                           ^~~~~~~~~~~~~~~~~~
/home/cross/kernel/android_kernel_xiaomi_lavender/drivers/net/wireless/ath/ath9k/eeprom.h:98:38: note: expanded from macro 'FREQ2FBIN'
#define FREQ2FBIN(x, y)         ((y) ? ((x) - 2300) : (((x) - 4800) / 5))
                                        ~~~~^~~~~~
/home/cross/kernel/android_kernel_xiaomi_lavender/drivers/net/wireless/ath/ath9k/ar9003_eeprom.c:2863:39: warning: implicit conversion from 'int' to 'u8' (aka 'unsigned char') changes value from 3260 to 188 [-Wconstant-conversion]
                        /* Data[7].ctlEdges[4].bChannel */ FREQ2FBIN(5560, 0),
                                                           ^~~~~~~~~~~~~~~~~~
/home/cross/kernel/android_kernel_xiaomi_lavender/drivers/net/wireless/ath/ath9k/eeprom.h:98:38: note: expanded from macro 'FREQ2FBIN'
#define FREQ2FBIN(x, y)         ((y) ? ((x) - 2300) : (((x) - 4800) / 5))
                                        ~~~~^~~~~~
/home/cross/kernel/android_kernel_xiaomi_lavender/drivers/net/wireless/ath/ath9k/ar9003_eeprom.c:2864:39: warning: implicit conversion from 'int' to 'u8' (aka 'unsigned char') changes value from 3400 to 72 [-Wconstant-conversion]
                        /* Data[7].ctlEdges[5].bChannel */ FREQ2FBIN(5700, 0),
                                                           ^~~~~~~~~~~~~~~~~~
/home/cross/kernel/android_kernel_xiaomi_lavender/drivers/net/wireless/ath/ath9k/eeprom.h:98:38: note: expanded from macro 'FREQ2FBIN'
#define FREQ2FBIN(x, y)         ((y) ? ((x) - 2300) : (((x) - 4800) / 5))
                                        ~~~~^~~~~~
/home/cross/kernel/android_kernel_xiaomi_lavender/drivers/net/wireless/ath/ath9k/ar9003_eeprom.c:2865:39: warning: implicit conversion from 'int' to 'u8' (aka 'unsigned char') changes value from 3445 to 117 [-Wconstant-conversion]
                        /* Data[7].ctlEdges[6].bChannel */ FREQ2FBIN(5745, 0),
                                                           ^~~~~~~~~~~~~~~~~~
/home/cross/kernel/android_kernel_xiaomi_lavender/drivers/net/wireless/ath/ath9k/eeprom.h:98:38: note: expanded from macro 'FREQ2FBIN'
#define FREQ2FBIN(x, y)         ((y) ? ((x) - 2300) : (((x) - 4800) / 5))
                                        ~~~~^~~~~~
/home/cross/kernel/android_kernel_xiaomi_lavender/drivers/net/wireless/ath/ath9k/ar9003_eeprom.c:2866:39: warning: implicit conversion from 'int' to 'u8' (aka 'unsigned char') changes value from 3525 to 197 [-Wconstant-conversion]
                        /* Data[7].ctlEdges[7].bChannel */ FREQ2FBIN(5825, 0)
                                                           ^~~~~~~~~~~~~~~~~~
/home/cross/kernel/android_kernel_xiaomi_lavender/drivers/net/wireless/ath/ath9k/eeprom.h:98:38: note: expanded from macro 'FREQ2FBIN'
#define FREQ2FBIN(x, y)         ((y) ? ((x) - 2300) : (((x) - 4800) / 5))
                                        ~~~~^~~~~~
/home/cross/kernel/android_kernel_xiaomi_lavender/drivers/net/wireless/ath/ath9k/ar9003_eeprom.c:2870:39: warning: implicit conversion from 'int' to 'u8' (aka 'unsigned char') changes value from 2890 to 74 [-Wconstant-conversion]
                        /* Data[8].ctlEdges[0].bChannel */ FREQ2FBIN(5190, 0),
                                                           ^~~~~~~~~~~~~~~~~~
/home/cross/kernel/android_kernel_xiaomi_lavender/drivers/net/wireless/ath/ath9k/eeprom.h:98:38: note: expanded from macro 'FREQ2FBIN'
#define FREQ2FBIN(x, y)         ((y) ? ((x) - 2300) : (((x) - 4800) / 5))
                                        ~~~~^~~~~~
/home/cross/kernel/android_kernel_xiaomi_lavender/drivers/net/wireless/ath/ath9k/ar9003_eeprom.c:2871:39: warning: implicit conversion from 'int' to 'u8' (aka 'unsigned char') changes value from 2930 to 114 [-Wconstant-conversion]
                        /* Data[8].ctlEdges[1].bChannel */ FREQ2FBIN(5230, 0),
                                                           ^~~~~~~~~~~~~~~~~~
/home/cross/kernel/android_kernel_xiaomi_lavender/drivers/net/wireless/ath/ath9k/eeprom.h:98:38: note: expanded from macro 'FREQ2FBIN'
#define FREQ2FBIN(x, y)         ((y) ? ((x) - 2300) : (((x) - 4800) / 5))
                                        ~~~~^~~~~~
/home/cross/kernel/android_kernel_xiaomi_lavender/drivers/net/wireless/ath/ath9k/ar9003_eeprom.c:2872:39: warning: implicit conversion from 'int' to 'u8' (aka 'unsigned char') changes value from 2970 to 154 [-Wconstant-conversion]
                        /* Data[8].ctlEdges[2].bChannel */ FREQ2FBIN(5270, 0),
                                                           ^~~~~~~~~~~~~~~~~~
/home/cross/kernel/android_kernel_xiaomi_lavender/drivers/net/wireless/ath/ath9k/eeprom.h:98:38: note: expanded from macro 'FREQ2FBIN'
#define FREQ2FBIN(x, y)         ((y) ? ((x) - 2300) : (((x) - 4800) / 5))
                                        ~~~~^~~~~~
/home/cross/kernel/android_kernel_xiaomi_lavender/drivers/net/wireless/ath/ath9k/ar9003_eeprom.c:2873:39: warning: implicit conversion from 'int' to 'u8' (aka 'unsigned char') changes value from 3210 to 138 [-Wconstant-conversion]
                        /* Data[8].ctlEdges[3].bChannel */ FREQ2FBIN(5510, 0),
                                                           ^~~~~~~~~~~~~~~~~~
/home/cross/kernel/android_kernel_xiaomi_lavender/drivers/net/wireless/ath/ath9k/eeprom.h:98:38: note: expanded from macro 'FREQ2FBIN'
#define FREQ2FBIN(x, y)         ((y) ? ((x) - 2300) : (((x) - 4800) / 5))
                                        ~~~~^~~~~~
/home/cross/kernel/android_kernel_xiaomi_lavender/drivers/net/wireless/ath/ath9k/ar9003_eeprom.c:2874:39: warning: implicit conversion from 'int' to 'u8' (aka 'unsigned char') changes value from 3250 to 178 [-Wconstant-conversion]
                        /* Data[8].ctlEdges[4].bChannel */ FREQ2FBIN(5550, 0),
                                                           ^~~~~~~~~~~~~~~~~~
/home/cross/kernel/android_kernel_xiaomi_lavender/drivers/net/wireless/ath/ath9k/eeprom.h:98:38: note: expanded from macro 'FREQ2FBIN'
#define FREQ2FBIN(x, y)         ((y) ? ((x) - 2300) : (((x) - 4800) / 5))
                                        ~~~~^~~~~~
/home/cross/kernel/android_kernel_xiaomi_lavender/drivers/net/wireless/ath/ath9k/ar9003_eeprom.c:2875:39: warning: implicit conversion from 'int' to 'u8' (aka 'unsigned char') changes value from 3370 to 42 [-Wconstant-conversion]
                        /* Data[8].ctlEdges[5].bChannel */ FREQ2FBIN(5670, 0),
                                                           ^~~~~~~~~~~~~~~~~~
/home/cross/kernel/android_kernel_xiaomi_lavender/drivers/net/wireless/ath/ath9k/eeprom.h:98:38: note: expanded from macro 'FREQ2FBIN'
#define FREQ2FBIN(x, y)         ((y) ? ((x) - 2300) : (((x) - 4800) / 5))
                                        ~~~~^~~~~~
/home/cross/kernel/android_kernel_xiaomi_lavender/drivers/net/wireless/ath/ath9k/ar9003_eeprom.c:2876:39: warning: implicit conversion from 'int' to 'u8' (aka 'unsigned char') changes value from 3455 to 127 [-Wconstant-conversion]
                        /* Data[8].ctlEdges[6].bChannel */ FREQ2FBIN(5755, 0),
                                                           ^~~~~~~~~~~~~~~~~~
/home/cross/kernel/android_kernel_xiaomi_lavender/drivers/net/wireless/ath/ath9k/eeprom.h:98:38: note: expanded from macro 'FREQ2FBIN'
#define FREQ2FBIN(x, y)         ((y) ? ((x) - 2300) : (((x) - 4800) / 5))
                                        ~~~~^~~~~~
/home/cross/kernel/android_kernel_xiaomi_lavender/drivers/net/wireless/ath/ath9k/ar9003_eeprom.c:2877:39: warning: implicit conversion from 'int' to 'u8' (aka 'unsigned char') changes value from 3495 to 167 [-Wconstant-conversion]
                        /* Data[8].ctlEdges[7].bChannel */ FREQ2FBIN(5795, 0)
                                                           ^~~~~~~~~~~~~~~~~~
/home/cross/kernel/android_kernel_xiaomi_lavender/drivers/net/wireless/ath/ath9k/eeprom.h:98:38: note: expanded from macro 'FREQ2FBIN'
#define FREQ2FBIN(x, y)         ((y) ? ((x) - 2300) : (((x) - 4800) / 5))
                                        ~~~~^~~~~~
  CC      drivers/platform/msm/ipa/ipa_v2/teth_bridge.o
  CC      drivers/net/wireless/ath/carl9170/mac.o
  LD      drivers/platform/msm/ipa/ipa_v3/ipahal/ipa_hal.o
  LD      drivers/platform/msm/ipa/ipa_v3/ipahal/built-in.o
760 warnings generated.
  CC      drivers/platform/msm/ipa/ipa_v3/ipa.o
  CC      drivers/platform/msm/ipa/ipa_v2/ipa_interrupts.o
  CC      drivers/net/wireless/ath/ath9k/ar9003_paprd.o
  CC      drivers/net/wireless/ath/carl9170/phy.o
  CC      drivers/platform/msm/ipa/ipa_v2/ipa_uc.o
  CC      drivers/net/wireless/ath/carl9170/led.o
  CC      drivers/net/wireless/ath/ath9k/btcoex.o
  CC      drivers/platform/msm/ipa/ipa_v2/ipa_uc_wdi.o
  CC      drivers/net/wireless/ath/carl9170/fw.o
  CC      drivers/platform/msm/ipa/ipa_v3/ipa_debugfs.o
  CC      drivers/net/wireless/ath/ath9k/ar9003_mci.o
  CC      drivers/platform/msm/ipa/ipa_v2/ipa_dma.o
  CC      drivers/net/wireless/ath/carl9170/tx.o
  CC      drivers/platform/msm/ipa/ipa_v2/ipa_uc_mhi.o
  CC      drivers/platform/msm/ipa/ipa_v3/ipa_hdr.o
  CC      drivers/net/wireless/ath/carl9170/rx.o
  CC      drivers/net/wireless/ath/ath9k/ar9003_aic.o
  CC      drivers/platform/msm/ipa/ipa_v2/ipa_mhi.o
  LD      drivers/net/wireless/ath/carl9170/carl9170.o
  CC      drivers/net/wireless/ath/ath9k/common.o
  LD      drivers/net/wireless/ath/carl9170/built-in.o
  CC      drivers/platform/msm/usb_bam.o
  CC      drivers/platform/msm/ipa/ipa_v2/ipa_uc_ntn.o
  CC      drivers/platform/msm/ipa/ipa_v3/ipa_flt.o
  CC      drivers/platform/msm/ipa/ipa_v2/rmnet_ipa.o
  CC      drivers/platform/msm/ipa/ipa_v3/ipa_rt.o
  CC      drivers/net/wireless/ath/ath9k/common-init.o
  CC      drivers/platform/msm/ipa/ipa_v3/ipa_dp.o
  CC      drivers/platform/msm/ipa/ipa_v2/ipa_qmi_service_v01.o
  CC      drivers/net/wireless/ath/ath9k/common-beacon.o
  CC      drivers/net/wireless/cnss_prealloc/cnss_prealloc.o
  CC      drivers/platform/msm/ipa/ipa_v2/ipa_qmi_service.o
  LD      drivers/net/wireless/cnss_prealloc/built-in.o
  CC      drivers/net/Space.o
  CC      drivers/platform/msm/ipa/ipa_v2/rmnet_ipa_fd_ioctl.o
  CC      drivers/net/wireless/ath/ath9k/common-debug.o
  CC      drivers/platform/msm/ipa/ipa_api.o
  LD      drivers/platform/msm/ipa/ipa_v2/ipat.o
  LD      drivers/platform/msm/ipa/ipa_v2/built-in.o
  CC      drivers/regulator/core.o
  CC      drivers/platform/msm/ipa/ipa_v3/ipa_client.o
  CC      drivers/net/wireless/ath/ath9k/common-spectral.o
  CC      drivers/net/loopback.o
  CC      drivers/platform/msm/ipa/ipa_v3/ipa_utils.o
  CC      drivers/net/wireless/ath/ath9k/htc_hst.o
  CC      drivers/net/wireless/ath/main.o
  CC      drivers/regulator/dummy.o
  CC      drivers/regulator/fixed-helper.o
  CC      drivers/net/wireless/ath/ath9k/hif_usb.o
  CC      drivers/regulator/helpers.o
  CC      drivers/platform/msm/msm_ext_display.o
  CC      drivers/platform/msm/ipa/ipa_v3/ipa_nat.o
  CC      drivers/platform/msm/ipa/ipa_v3/ipa_intf.o
  CC      drivers/regulator/devres.o
  CC      drivers/net/wireless/ath/ath9k/wmi.o
  CC      drivers/reset/core.o
  CC      drivers/platform/msm/ipa/ipa_v3/teth_bridge.o
  CC      drivers/regulator/of_regulator.o
  CC      drivers/net/wireless/ath/ath9k/htc_drv_txrx.o
  LD      drivers/reset/built-in.o
  CC      drivers/platform/msm/ipa/ipa_rm.o
  CC      drivers/platform/msm/ipa/ipa_v3/ipa_interrupts.o
  CC      drivers/regulator/fixed.o
  CC      drivers/net/wireless/ath/ath9k/htc_drv_main.o
  CC      drivers/net/tun.o
  CC      drivers/platform/msm/ipa/ipa_v3/ipa_uc.o
  CC      drivers/regulator/msm_gfx_ldo.o
  CC      drivers/regulator/proxy-consumer.o
  CC      drivers/net/wireless/ath/ath9k/htc_drv_beacon.o
  CC      drivers/platform/msm/ipa/ipa_v3/ipa_uc_wdi.o
  CC      drivers/regulator/mem-acc-regulator.o
  CC      drivers/net/wireless/ath/ath9k/htc_drv_init.o
  CC      drivers/net/wireless/ath/regd.o
  CC      drivers/platform/msm/ipa/ipa_v3/ipa_dma.o
  CC      drivers/regulator/rpm-smd-regulator.o
  CC      drivers/net/wireless/ath/ath9k/htc_drv_gpio.o
  CC      drivers/platform/msm/ipa/ipa_v3/ipa_uc_mhi.o
  CC      drivers/net/wireless/cnss_utils/cnss_utils.o
  LD      drivers/net/wireless/ath/ath9k/ath9k_hw.o
  CC      drivers/regulator/qpnp-regulator.o
  LD      drivers/net/wireless/ath/ath9k/ath9k_common.o
  LD      drivers/net/wireless/ath/ath9k/ath9k_htc.o
  LD      drivers/net/wireless/ath/ath9k/built-in.o
  CC      drivers/net/wireless/ath/hw.o
  CC      drivers/platform/msm/ipa/ipa_v3/ipa_mhi.o
  LD      drivers/net/wireless/cnss_utils/built-in.o
  CC      drivers/net/wireless/mediatek/mt7601u/usb.o
  CC      drivers/platform/msm/ipa/ipa_v3/ipa_uc_ntn.o
  CC      drivers/net/wireless/ath/key.o
  CC      drivers/regulator/spm-regulator.o
  CC      drivers/net/wireless/mediatek/mt7601u/init.o
  CC      drivers/platform/msm/ipa/ipa_v3/rmnet_ipa.o
  CC      drivers/net/wireless/ath/dfs_pattern_detector.o
  CC      drivers/regulator/cpr3-regulator.o
  CC      drivers/net/wireless/mediatek/mt7601u/main.o
  CC      drivers/net/wireless/mediatek/mt7601u/mcu.o
  CC      drivers/net/wireless/ath/dfs_pri_detector.o
  CC      drivers/platform/msm/ipa/ipa_v3/ipa_qmi_service_v01.o
  CC      drivers/net/wireless/mediatek/mt7601u/trace.o
  CC      drivers/platform/msm/ipa/ipa_v3/ipa_qmi_service.o
  LD      drivers/net/wireless/ath/ath.o
  LD      drivers/net/wireless/ath/built-in.o
  CC      drivers/net/wireless/mediatek/mt7601u/dma.o
  CC      drivers/regulator/cpr3-util.o
  CC      drivers/rtc/rtc-lib.o
  CC      drivers/platform/msm/ipa/ipa_v3/rmnet_ipa_fd_ioctl.o
  CC      drivers/net/wireless/mediatek/mt7601u/core.o
  CC      drivers/rtc/hctosys.o
  LD      drivers/platform/msm/ipa/ipa_v3/ipat.o
  CC      drivers/regulator/cpr3-hmss-regulator.o
  LD      drivers/platform/msm/ipa/ipa_v3/built-in.o
  CC      drivers/platform/msm/ipa/ipa_rm_dependency_graph.o
  CC      drivers/net/wireless/mediatek/mt7601u/eeprom.o
  CC      drivers/rtc/systohc.o
  CC      drivers/rtc/class.o
  CC      drivers/platform/msm/ipa/ipa_rm_peers_list.o
  CC      drivers/net/wireless/mediatek/mt7601u/phy.o
  CC      drivers/regulator/cpr3-mmss-regulator.o
  CC      drivers/platform/msm/ipa/ipa_rm_resource.o
  CC      drivers/rtc/interface.o
  CC      drivers/regulator/cprh-kbss-regulator.o
  CC      drivers/platform/msm/ipa/ipa_rm_inactivity_timer.o
  CC      drivers/net/wireless/mediatek/mt7601u/mac.o
  CC      drivers/rtc/rtc-dev.o
  CC      drivers/rtc/rtc-proc.o
  LD      drivers/platform/msm/ipa/ipa_common
  LD      drivers/platform/msm/ipa/built-in.o
  LD      drivers/platform/msm/built-in.o
  CC      drivers/regulator/cpr4-mmss-ldo-regulator.o
  LD      drivers/platform/built-in.o
  CC      drivers/scsi/scsi.o
  CC      drivers/net/wireless/mediatek/mt7601u/util.o
  CC      drivers/rtc/rtc-sysfs.o
  CC      drivers/regulator/qpnp-labibb-regulator.o
  CC      drivers/rtc/qpnp-rtc.o
  CC      drivers/net/wireless/mediatek/mt7601u/debugfs.o
  CC      drivers/scsi/hosts.o
  LD      drivers/rtc/rtc-core.o
  LD      drivers/rtc/built-in.o
  CC      drivers/scsi/scsi_ioctl.o
  CC      drivers/net/wireless/mediatek/mt7601u/tx.o
  CC      drivers/net/wireless/realtek/rtl818x/rtl8187/dev.o
  LD      drivers/net/wireless/mediatek/mt7601u/mt7601u.o
  LD      drivers/net/wireless/mediatek/mt7601u/built-in.o
  LD      drivers/net/wireless/mediatek/built-in.o
  CC      drivers/sensors/sensors_ssc.o
  CC      drivers/scsi/scsicam.o
  CC      drivers/regulator/qpnp-lcdb-regulator.o
  LD      drivers/sensors/built-in.o
  CC      drivers/slimbus/slimbus.o
  CC      drivers/scsi/scsi_error.o
  CC      drivers/regulator/qpnp-oledb-regulator.o
  CC      drivers/net/wireless/realtek/rtl818x/rtl8187/rtl8225.o
  CC      drivers/regulator/stub-regulator.o
  CC      drivers/net/wireless/realtek/rtl818x/rtl8187/leds.o
  CC      drivers/scsi/scsi_lib.o
  CC      drivers/slimbus/slim-msm.o
  LD      drivers/regulator/built-in.o
  CC      drivers/net/wireless/realtek/rtlwifi/base.o
  CC      drivers/net/wireless/realtek/rtl818x/rtl8187/rfkill.o
  CC      drivers/slimbus/slim-msm-ngd.o
  LD      drivers/net/wireless/realtek/rtl818x/rtl8187/rtl8187.o
  LD      drivers/net/wireless/realtek/rtl818x/rtl8187/built-in.o
  LD      drivers/net/wireless/realtek/rtl818x/built-in.o
  CC      drivers/net/wireless/rt2x00/rt2x00dev.o
  CC      drivers/scsi/scsi_common.o
  CC      drivers/scsi/scsi_lib_dma.o
  LD      drivers/slimbus/built-in.o
  CC      drivers/net/wireless/realtek/rtlwifi/cam.o
  CC      drivers/net/wireless/zd1211rw/zd_chip.o
  CC      drivers/scsi/scsi_scan.o
  CC      drivers/net/wireless/rt2x00/rt2x00mac.o
  CC      drivers/net/wireless/zd1211rw/zd_mac.o
  CC      drivers/net/wireless/realtek/rtlwifi/core.o
  CC      drivers/scsi/scsi_sysfs.o
  CC      drivers/net/wireless/zd1211rw/zd_rf_al2230.o
  CC      drivers/net/wireless/rt2x00/rt2x00config.o
  CC      drivers/net/wireless/zd1211rw/zd_rf_rf2959.o
  CC      drivers/net/wireless/rt2x00/rt2x00queue.o
  CC      drivers/net/wireless/realtek/rtlwifi/debug.o
  CC      drivers/scsi/scsi_devinfo.o
  CC      drivers/net/wireless/zd1211rw/zd_rf_al7230b.o
  CC      drivers/net/wireless/realtek/rtlwifi/efuse.o
  CC      drivers/net/wireless/zd1211rw/zd_rf_uw2453.o
  CC      drivers/net/wireless/rt2x00/rt2x00link.o
  CC      drivers/scsi/scsi_sysctl.o
  CC      drivers/scsi/scsi_proc.o
  CC      drivers/net/wireless/zd1211rw/zd_rf.o
  CC      drivers/net/wireless/rt2x00/rt2x00crypto.o
  CC      drivers/scsi/scsi_trace.o
  CC      drivers/net/wireless/zd1211rw/zd_usb.o
  CC      drivers/net/wireless/rt2x00/rt2x00firmware.o
  CC      drivers/net/wireless/realtek/rtlwifi/ps.o
  CC      drivers/scsi/scsi_logging.o
  CC      drivers/net/wireless/rt2x00/rt2x00leds.o
  LD      drivers/net/wireless/zd1211rw/zd1211rw.o
  LD      drivers/net/wireless/zd1211rw/built-in.o
  CC      drivers/net/wireless/rndis_wlan.o
  CC      drivers/scsi/scsi_pm.o
  CC      drivers/net/wireless/rt2x00/rt2x00usb.o
  CC      drivers/net/wireless/realtek/rtlwifi/rc.o
  CC      drivers/scsi/sd.o
  CC      drivers/net/wireless/realtek/rtlwifi/regd.o
  CC      drivers/soc/qcom/msm_smem.o
  CC      drivers/net/wireless/rt2x00/rt2800lib.o
  CC      drivers/net/wireless/realtek/rtlwifi/stats.o
  CC      drivers/soc/qcom/smem_debug.o
  CC      drivers/scsi/sg.o
  CC      drivers/soc/qcom/msm_smd.o
  CC      drivers/net/wireless/realtek/rtlwifi/usb.o
/home/cross/kernel/android_kernel_xiaomi_lavender/drivers/scsi/sg.c:971:14: warning: overflow in expression; result is -1610612796 with type 'int' [-Winteger-overflow]
                if (val >= MULDIV (INT_MAX, USER_HZ, HZ))
                           ^
/home/cross/kernel/android_kernel_xiaomi_lavender/drivers/scsi/sg.c:92:67: note: expanded from macro 'MULDIV'
#define MULDIV(X,MUL,DIV) ((((X % DIV) * MUL) / DIV) + ((X / DIV) * MUL))
                                                                  ^
/home/cross/kernel/android_kernel_xiaomi_lavender/drivers/scsi/sg.c:972:13: warning: overflow in expression; result is -1610612796 with type 'int' [-Winteger-overflow]
                    val = MULDIV (INT_MAX, USER_HZ, HZ);
                          ^
/home/cross/kernel/android_kernel_xiaomi_lavender/drivers/scsi/sg.c:92:67: note: expanded from macro 'MULDIV'
#define MULDIV(X,MUL,DIV) ((((X % DIV) * MUL) / DIV) + ((X / DIV) * MUL))
                                                                  ^
2 warnings generated.
  CC      drivers/scsi/ch.o
  CC      drivers/soc/qcom/smd_debug.o
  CC      drivers/net/wireless/realtek/rtlwifi/rtl8192c/main.o
  CC      drivers/soc/qcom/smd_private.o
  LD      drivers/scsi/scsi_mod.o
  LD      drivers/scsi/sd_mod.o
  LD      drivers/scsi/built-in.o
  CC      drivers/net/wireless/realtek/rtlwifi/rtl8192c/dm_common.o
  CC      drivers/soc/qcom/smd_init_dt.o
  CC      drivers/net/wireless/zd1201.o
  CC      drivers/soc/qcom/smsm_debug.o
  CC      drivers/soc/qcom/glink.o
  CC      drivers/soundwire/soundwire.o
  CC      drivers/net/wireless/realtek/rtlwifi/rtl8192c/fw_common.o
  CC      drivers/soundwire/swr-wcd-ctrl.o
  CC      drivers/net/wireless/realtek/rtlwifi/rtl8192c/phy_common.o
  LD      drivers/soundwire/built-in.o
  CC      drivers/net/wireless/rt2x00/rt2500usb.o
  CC      drivers/soc/qcom/glink_debugfs.o
  CC      drivers/soc/qcom/glink_ssr.o
  LD      drivers/net/wireless/realtek/rtlwifi/rtl8192c/rtl8192c-common.o
  LD      drivers/net/wireless/realtek/rtlwifi/rtl8192c/built-in.o
  CC      drivers/net/wireless/realtek/rtlwifi/rtl8192cu/dm.o
  CC      drivers/net/wireless/realtek/rtlwifi/rtl8192cu/hw.o
  CC      drivers/soc/qcom/glink_loopback_server.o
  CC      drivers/soc/qcom/glink_smd_xprt.o
  CC      drivers/spi/spi.o
  CC      drivers/net/wireless/realtek/rtlwifi/rtl8192cu/led.o
  CC      drivers/soc/qcom/glink_smem_native_xprt.o
  CC      drivers/net/wireless/realtek/rtlwifi/rtl8192cu/mac.o
  CC      drivers/spi/spidev.o
  CC      drivers/soc/qcom/glink_spi_xprt.o
  CC      drivers/net/wireless/realtek/rtlwifi/rtl8192cu/phy.o
  CC      drivers/spi/spi-qup.o
  CC      drivers/soc/qcom/sysmon-glink.o
  CC      drivers/net/wireless/realtek/rtlwifi/rtl8192cu/rf.o
  CC      drivers/spi/spi_qsd.o
  CC      drivers/soc/qcom/sysmon-qmi.o
  CC      drivers/net/wireless/realtek/rtlwifi/rtl8192cu/sw.o
  CC      drivers/soc/qcom/smp2p.o
  CC      drivers/net/wireless/realtek/rtlwifi/rtl8192cu/table.o
  CC      drivers/net/wireless/realtek/rtlwifi/rtl8192cu/trx.o
  LD      drivers/spi/built-in.o
  CC      drivers/spmi/spmi.o
  CC      drivers/soc/qcom/smp2p_loopback.o
  LD      drivers/net/wireless/realtek/rtlwifi/rtl8192cu/rtl8192cu.o
  LD      drivers/net/wireless/realtek/rtlwifi/rtl8192cu/built-in.o
  LD      drivers/net/wireless/realtek/rtlwifi/rtlwifi.o
  LD      drivers/net/wireless/realtek/rtlwifi/rtl_usb.o
  LD      drivers/net/wireless/realtek/rtlwifi/built-in.o
  LD      drivers/net/wireless/realtek/built-in.o
  CC      drivers/spmi/spmi-pmic-arb.o
  CC      drivers/net/wireless/rt2x00/rt73usb.o
  CC      drivers/soc/qcom/smp2p_debug.o
  CC      drivers/spmi/virtspmi-pmic-arb.o
  CC      drivers/soc/qcom/smp2p_sleepstate.o
  LD      drivers/spmi/built-in.o
  CC      drivers/staging/staging.o
  CC      drivers/soc/qcom/qmi_interface.o
  CC      drivers/staging/android/ion/ion.o
  CC      drivers/soc/qcom/rpm-smd.o
  CC      drivers/net/wireless/rt2x00/rt2800usb.o
  LD      drivers/staging/iio/accel/built-in.o
  LD      drivers/staging/iio/adc/built-in.o
  LD      drivers/staging/iio/addac/built-in.o
  LD      drivers/staging/iio/cdc/built-in.o
  LD      drivers/staging/iio/frequency/built-in.o
  LD      drivers/staging/iio/gyro/built-in.o
  LD      drivers/staging/iio/impedance-analyzer/built-in.o
  LD      drivers/staging/iio/light/built-in.o
  LD      drivers/net/wireless/rt2x00/rt2x00lib.o
  LD      drivers/staging/iio/magnetometer/built-in.o
  LD      drivers/net/wireless/rt2x00/built-in.o
  LD      drivers/staging/iio/meter/built-in.o
  LD      drivers/net/wireless/built-in.o
  LD      drivers/staging/iio/resolver/built-in.o
  CC      drivers/staging/android/ion/ion_heap.o
  LD      drivers/staging/iio/trigger/built-in.o
  LD      drivers/staging/iio/built-in.o
  LD      drivers/net/built-in.o
  CC      drivers/staging/android/ashmem.o
  LD      drivers/staging/media/built-in.o
  CC      drivers/soc/qcom/rpm-smd-debug.o
  CC      drivers/staging/android/ion/ion_page_pool.o
  CC      drivers/soc/qcom/ipc_router_smd_xprt.o
  CC      drivers/switch/switch_class.o
  CC      drivers/staging/android/ion/ion_system_heap.o
  CC      drivers/soc/qcom/ipc_router_glink_xprt.o
  LD      drivers/switch/built-in.o
  CC      drivers/thermal/thermal_core.o
/home/cross/kernel/android_kernel_xiaomi_lavender/drivers/soc/qcom/ipc_router_glink_xprt.c:504:32: warning: unused variable 'glink_xprtp' [-Wunused-variable]
        struct ipc_router_glink_xprt *glink_xprtp =
                                      ^
  CC      drivers/staging/android/ion/ion_carveout_heap.o
1 warning generated.
  CC      drivers/staging/qcacld-3.0/core/hdd/src/wlan_hdd_assoc.o
  CC      drivers/soc/qcom/spcom.o
  CC      drivers/staging/android/ion/ion_chunk_heap.o
  CC      drivers/staging/android/ion/ion_cma_heap.o
  CC      drivers/soc/qcom/spss_utils.o
/home/cross/kernel/android_kernel_xiaomi_lavender/drivers/staging/qcacld-3.0/core/hdd/src/wlan_hdd_assoc.c:2299:8: warning: implicit conversion from enumeration type 'enum nl80211_band' to different enumeration type 'enum ieee80211_band' [-Wenum-conversion]
                                                        NL80211_BAND_2GHZ);
                                                        ^~~~~~~~~~~~~~~~~
/home/cross/kernel/android_kernel_xiaomi_lavender/drivers/staging/qcacld-3.0/core/hdd/src/wlan_hdd_assoc.c:2302:8: warning: implicit conversion from enumeration type 'enum nl80211_band' to different enumeration type 'enum ieee80211_band' [-Wenum-conversion]
                                                        NL80211_BAND_5GHZ);
                                                        ^~~~~~~~~~~~~~~~~
  CC      drivers/thermal/thermal_hwmon.o
  CC      drivers/staging/android/ion/ion_cma_secure_heap.o
  CC      drivers/soc/qcom/memshare/heap_mem_ext_v01.o
  CC      drivers/thermal/of-thermal.o
  CC      drivers/soc/qcom/memshare/msm_memshare.o
2 warnings generated.
  CC      drivers/staging/qcacld-3.0/core/hdd/src/wlan_hdd_cfg.o
  CC      drivers/staging/android/ion/compat_ion.o
  LD      drivers/soc/qcom/memshare/built-in.o
  CC      drivers/soc/qcom/msm_bus/msm_bus_core.o
  CC      drivers/thermal/step_wise.o
  CC      drivers/staging/android/ion/msm/msm_ion.o
  CC      drivers/thermal/cpu_cooling.o
  CC      drivers/soc/qcom/msm_bus/msm_bus_client_api.o
  CC      drivers/staging/qcacld-3.0/core/hdd/src/wlan_hdd_data_stall_detection.o
  CC      drivers/staging/android/ion/msm/compat_msm_ion.o
  CC      drivers/soc/qcom/msm_bus/msm_bus_of.o
  LD      drivers/thermal/samsung/built-in.o
  CC      drivers/thermal/qpnp-temp-alarm.o
  LD      drivers/staging/android/ion/msm/built-in.o
  CC      drivers/staging/android/ion/ion_system_secure_heap.o
  CC      drivers/thermal/qpnp-adc-tm.o
  CC      drivers/soc/qcom/msm_bus/msm_bus_rpm_smd.o
  CC      drivers/staging/qcacld-3.0/core/hdd/src/wlan_hdd_driver_ops.o
  LD      drivers/staging/android/ion/built-in.o
  CC      drivers/staging/android/timed_output.o
  CC      drivers/soc/qcom/msm_bus/msm_bus_fabric_adhoc.o
  CC      drivers/staging/android/timed_gpio.o
  CC      drivers/soc/qcom/msm_bus/msm_bus_arb_adhoc.o
  CC      drivers/thermal/msm-tsens.o
  CC      drivers/staging/qcacld-3.0/core/hdd/src/wlan_hdd_ftm.o
  CC      drivers/staging/android/lowmemorykiller.o
  CC      drivers/soc/qcom/msm_bus/msm_bus_rules.o
  CC      drivers/staging/android/sync.o
  CC      drivers/staging/qcacld-3.0/core/hdd/src/wlan_hdd_hostapd.o
  CC      drivers/thermal/msm_thermal.o
  CC      drivers/soc/qcom/msm_bus/msm_bus_bimc_adhoc.o
  CC      drivers/staging/android/sync_debug.o
  CC      drivers/staging/android/sw_sync.o
  CC      drivers/soc/qcom/msm_bus/msm_bus_noc_adhoc.o
/home/cross/kernel/android_kernel_xiaomi_lavender/drivers/staging/qcacld-3.0/core/hdd/src/wlan_hdd_hostapd.c:9038:31: warning: implicit conversion from enumeration type 'enum ieee80211_band' to different enumeration type 'enum nl80211_band' [-Wenum-conversion]
        band = params->chandef.chan->band;
             ~ ~~~~~~~~~~~~~~~~~~~~~~^~~~
  CC      drivers/staging/android/oneshot_sync.o
  CC      drivers/soc/qcom/msm_bus/msm_bus_of_adhoc.o
1 warning generated.
  CC      drivers/staging/qcacld-3.0/core/hdd/src/wlan_hdd_ioctl.o
  CC      drivers/soc/qcom/msm_bus/msm_bus_dbg.o
  LD      drivers/staging/android/built-in.o
  CC      drivers/soc/qcom/qdsp6v2/apr.o
  CC      drivers/thermal/msm_thermal-dev.o
  LD      drivers/soc/qcom/msm_bus/built-in.o
  CC      drivers/tty/tty_io.o
  CC      drivers/thermal/lmh_interface.o
  CC      drivers/soc/qcom/qdsp6v2/apr_v2.o
  CC      drivers/soc/qcom/qdsp6v2/apr_tal_glink.o
  CC      drivers/thermal/lmh_lite.o
  CC      drivers/soc/qcom/qdsp6v2/voice_svc.o
  CC      drivers/staging/qcacld-3.0/core/hdd/src/wlan_hdd_main.o
  CC      drivers/tty/n_tty.o
  CC      drivers/thermal/msm_lmh_dcvs.o
  CC      drivers/soc/qcom/qdsp6v2/apr_dummy.o
  CC      drivers/soc/qcom/qdsp6v2/msm_audio_ion.o
  LD      drivers/thermal/thermal_sys.o
  LD      drivers/thermal/built-in.o
  CC      drivers/soc/qcom/qdsp6v2/adsp-loader.o
  CC      drivers/soc/qcom/msm_glink_pkt.o
  CC      drivers/soc/qcom/qdsp6v2/audio_ssr.o
  CC      drivers/tty/tty_ioctl.o
  CC      drivers/staging/qcacld-3.0/core/hdd/src/wlan_hdd_memdump.o
  CC      drivers/soc/qcom/qdsp6v2/audio_pdr.o
  CC      drivers/tty/tty_ldisc.o
  CC      drivers/soc/qcom/qdsp6v2/audio_notifier.o
  CC      drivers/soc/qcom/subsys-pil-tz.o
  CC      drivers/staging/qcacld-3.0/core/hdd/src/wlan_hdd_oemdata.o
  CC      drivers/soc/qcom/qdsp6v2/cdsp-loader.o
  CC      drivers/tty/tty_buffer.o
  CC      drivers/uio/uio.o
  LD      drivers/soc/qcom/qdsp6v2/built-in.o
  CC      drivers/soc/qcom/pil-q6v5.o
  CC      drivers/tty/tty_port.o
  CC      drivers/staging/qcacld-3.0/core/hdd/src/wlan_hdd_packet_filter.o
  CC      drivers/uio/msm_sharedmem/msm_sharedmem.o
  CC      drivers/soc/qcom/pil-msa.o
  CC      drivers/uio/msm_sharedmem/remote_filesystem_access_v01.o
  CC      drivers/tty/tty_mutex.o
  CC      drivers/uio/msm_sharedmem/sharedmem_qmi.o
  CC      drivers/soc/qcom/pil-q6v5-mss.o
  CC      drivers/staging/qcacld-3.0/core/hdd/src/wlan_hdd_power.o
  CC      drivers/tty/tty_ldsem.o
  LD      drivers/uio/msm_sharedmem/built-in.o
  LD      drivers/uio/built-in.o
  CC      drivers/tty/pty.o
  CC      drivers/soc/qcom/peripheral-loader.o
  LD      drivers/tty/ipwireless/built-in.o
  CC      drivers/tty/serial/serial_core.o
  CC      drivers/usb/class/cdc-acm.o
  CC      drivers/staging/qcacld-3.0/core/hdd/src/wlan_hdd_regulatory.o
  CC      drivers/soc/qcom/msm_performance.o
  LD      drivers/usb/class/built-in.o
  CC      drivers/usb/common/common.o
  CC      drivers/tty/serial/msm_serial_hs.o
  CC      drivers/staging/qcacld-3.0/core/hdd/src/wlan_hdd_request_manager.o
  LD      drivers/usb/common/usb-common.o
  LD      drivers/usb/common/built-in.o
  CC      drivers/usb/core/usb.o
  CC      drivers/soc/qcom/subsystem_notif.o
  CC      drivers/usb/core/hub.o
  CC      drivers/soc/qcom/subsystem_restart.o
  CC      drivers/staging/qcacld-3.0/core/hdd/src/wlan_hdd_scan.o
  CC      drivers/tty/serial/msm_smd_tty.o
  LD      drivers/tty/serial/built-in.o
  LD      drivers/tty/vt/built-in.o
  LD      drivers/tty/built-in.o
  LD      drivers/video/backlight/built-in.o
  CC      drivers/video/fbdev/core/fb_notify.o
  CC      drivers/soc/qcom/ramdump.o
  CC      drivers/video/fbdev/core/fb_cmdline.o
  CC      drivers/staging/qcacld-3.0/core/hdd/src/wlan_hdd_softap_tx_rx.o
  CC      drivers/usb/core/hcd.o
  CC      drivers/soc/qcom/qpnp-haptic.o
  CC      drivers/video/fbdev/core/fbmem.o
  CC      drivers/staging/qcacld-3.0/core/hdd/src/wlan_hdd_tx_rx.o
  CC      drivers/usb/core/urb.o
  CC      drivers/video/fbdev/core/fbmon.o
  CC      drivers/soc/qcom/qpnp-pbs.o
  CC      drivers/soc/qcom/msm-spm.o
  CC      drivers/usb/core/message.o
  CC      drivers/staging/qcacld-3.0/core/hdd/src/wlan_hdd_trace.o
  CC      drivers/soc/qcom/spm_devices.o
  CC      drivers/video/fbdev/core/fbcmap.o
  CC      drivers/staging/qcacld-3.0/core/hdd/src/wlan_hdd_wext.o
  CC      drivers/video/fbdev/core/fbsysfs.o
  CC      drivers/soc/qcom/scm.o
  CC      drivers/usb/core/driver.o
  CC      drivers/video/fbdev/core/modedb.o
  CC      drivers/soc/qcom/scm-boot.o
  CC      drivers/usb/core/config.o
  CC      drivers/staging/qcacld-3.0/core/hdd/src/wlan_hdd_wmm.o
  CC      drivers/soc/qcom/watchdog_v2.o
  CC      drivers/video/fbdev/core/fbcvt.o
  CC      drivers/soc/qcom/memory_dump_v2.o
  CC      drivers/usb/core/file.o
  CC      drivers/video/fbdev/core/cfbfillrect.o
  CC      drivers/staging/qcacld-3.0/core/hdd/src/wlan_hdd_wowl.o
  CC      drivers/soc/qcom/msm_minidump.o
  CC      drivers/usb/core/buffer.o
  CC      drivers/video/fbdev/core/cfbcopyarea.o
  CC      drivers/soc/qcom/common_log.o
  CC      drivers/usb/core/sysfs.o
  CC      drivers/soc/qcom/irq-helper.o
  CC      drivers/staging/qcacld-3.0/core/hdd/src/wlan_hdd_sysfs.o
  CC      drivers/video/fbdev/core/cfbimgblt.o
  CC      drivers/usb/core/endpoint.o
  CC      drivers/soc/qcom/icnss.o
  CC      drivers/usb/core/devio.o
  LD      drivers/video/fbdev/core/fb.o
  LD      drivers/video/fbdev/core/built-in.o
  CC      drivers/staging/qcacld-3.0/core/hdd/src/wlan_hdd_debugfs.o
  CC      drivers/video/fbdev/msm/mdss_mdp.o
  CC      drivers/usb/core/notify.o
  CC      drivers/staging/qcacld-3.0/core/hdd/src/wlan_hdd_debugfs_llstat.o
  CC      drivers/soc/qcom/wlan_firmware_service_v01.o
  CC      drivers/usb/core/generic.o
  CC      drivers/soc/qcom/icnss_utils.o
  CC      drivers/staging/qcacld-3.0/core/hdd/src/wlan_hdd_debugfs_csr.o
  CC      drivers/usb/core/quirks.o
  CC      drivers/video/fbdev/msm/mdss_mdp_ctl.o
  CC      drivers/soc/qcom/socinfo.o
  CC      drivers/usb/core/devices.o
  CC      drivers/staging/qcacld-3.0/core/hdd/src/wlan_hdd_debugfs_connect.o
  CC      drivers/usb/core/port.o
  CC      drivers/soc/qcom/service-notifier.o
  CC      drivers/usb/core/hcd-pci.o
  CC      drivers/soc/qcom/secure_buffer.o
  CC      drivers/staging/qcacld-3.0/core/hdd/src/wlan_hdd_debugfs_offload.o
  CC      drivers/video/fbdev/msm/mdss_mdp_pipe.o
  LD      drivers/usb/core/usbcore.o
  LD      drivers/usb/core/built-in.o
  CC      drivers/usb/dwc3/core.o
  CC      drivers/soc/qcom/mpm-of.o
  CC      drivers/staging/qcacld-3.0/core/hdd/src/wlan_hdd_debugfs_roam.o
  CC      drivers/usb/dwc3/debug.o
  CC      drivers/video/fbdev/msm/mdss_mdp_util.o
  CC      drivers/soc/qcom/event_timer.o
  CC      drivers/staging/qcacld-3.0/core/hdd/src/wlan_hdd_lpass.o
  CC      drivers/usb/dwc3/trace.o
  CC      drivers/usb/dwc3/host.o
  CC      drivers/soc/qcom/msm_rq_stats.o
  CC      drivers/video/fbdev/msm/dsi_status_6g.o
  CC      drivers/usb/dwc3/gadget.o
  CC      drivers/staging/qcacld-3.0/core/hdd/src/wlan_hdd_napi.o
  CC      drivers/soc/qcom/boot_stats.o
  CC      drivers/video/fbdev/msm/mdss_mdp_pp.o
  CC      drivers/soc/qcom/avtimer.o
  CC      drivers/staging/qcacld-3.0/core/hdd/src/wlan_hdd_ipa.o
  CC      drivers/soc/qcom/service-locator.o
  CC      drivers/usb/dwc3/ep0.o
  CC      drivers/soc/qcom/qsee_ipc_irq_bridge.o
  CC      drivers/usb/dwc3/debugfs.o
  CC      drivers/soc/qcom/wcd-dsp-glink.o
  CC      drivers/video/fbdev/msm/mdss_mdp_pp_debug.o
  CC      drivers/usb/dwc3/dwc3-pci.o
  CC      drivers/staging/qcacld-3.0/core/hdd/src/wlan_hdd_cfg80211.o
  CC      drivers/soc/qcom/smcinvoke.o
  CC      drivers/video/fbdev/msm/mdss_mdp_pp_cache_config.o
  CC      drivers/usb/dwc3/dwc3-qcom.o
  CC      drivers/usb/dwc3/dwc3-msm.o
  CC      drivers/soc/qcom/early_random.o
  CC      drivers/soc/qcom/cx_ipeak.o
  CC      drivers/video/fbdev/msm/mdss_mdp_intf_video.o
  CC      drivers/soc/qcom/serial_num.o
  LD      drivers/soc/qcom/built-in.o
  CC      drivers/video/fbdev/msm/mdss_mdp_intf_cmd.o
  LD      drivers/soc/built-in.o
  CC      drivers/video/fbdev/msm/mdss_mdp_intf_writeback.o
  CC      drivers/usb/dwc3/dbm.o
  LD      drivers/usb/dwc3/dwc3.o
  LD      drivers/usb/dwc3/built-in.o
  CC      drivers/usb/gadget/usbstring.o
  LD      drivers/video/fbdev/omap2/displays-new/built-in.o
  LD      drivers/video/fbdev/omap2/dss/built-in.o
  LD      drivers/video/fbdev/omap2/built-in.o
  CC      drivers/usb/host/pci-quirks.o
  CC      drivers/video/fbdev/msm/mdss_rotator.o
  CC      drivers/usb/gadget/config.o
  CC      drivers/staging/qcacld-3.0/core/hdd/src/wlan_hdd_ext_scan.o
  CC      drivers/usb/host/xhci.o
  CC      drivers/usb/gadget/epautoconf.o
  CC      drivers/video/fbdev/msm/mdss_mdp_overlay.o
  CC      drivers/usb/gadget/composite.o
  CC      drivers/staging/qcacld-3.0/core/hdd/src/wlan_hdd_stats.o
  CC      drivers/usb/host/xhci-mem.o
  CC      drivers/usb/gadget/functions.o
  CC      drivers/video/fbdev/msm/mdss_mdp_layer.o
  CC      drivers/staging/qcacld-3.0/core/hdd/src/wlan_hdd_p2p.o
  CC      drivers/usb/gadget/configfs.o
  CC      drivers/usb/host/xhci-ring.o
  CC      drivers/video/fbdev/msm/mdss_mdp_splash_logo.o
  CC      drivers/usb/gadget/u_f.o
  CC      drivers/staging/qcacld-3.0/core/hdd/src/wlan_hdd_green_ap.o
  CC      drivers/usb/host/xhci-hub.o
  CC      drivers/video/fbdev/msm/mdss_mdp_cdm.o
  CC      drivers/usb/gadget/function/f_acm.o
  CC      drivers/video/fbdev/msm/mdss_smmu.o
  CC      drivers/usb/gadget/function/u_serial.o
  CC      drivers/usb/host/xhci-dbg.o
  CC      drivers/staging/qcacld-3.0/core/hdd/src/wlan_hdd_nan.o
  CC      drivers/usb/host/xhci-trace.o
  CC      drivers/video/fbdev/msm/mdss_mdp_wfd.o
  CC      drivers/usb/gadget/function/f_serial.o
  CC      drivers/staging/qcacld-3.0/core/hdd/src/wlan_hdd_tdls.o
  CC      drivers/usb/host/xhci-pci.o
  CC      drivers/video/fbdev/msm/mdss_mdp_pp_v1_7.o
  CC      drivers/usb/gadget/function/f_obex.o
  CC      drivers/usb/host/xhci-plat.o
  CC      drivers/usb/gadget/function/u_ether.o
  LD      drivers/usb/host/xhci-hcd.o
  LD      drivers/usb/host/xhci-plat-hcd.o
  LD      drivers/usb/host/built-in.o
  CC      drivers/usb/gadget/function/f_ncm.o
  CC      drivers/video/fbdev/msm/mdss_mdp_pp_v3.o
  CC      drivers/staging/qcacld-3.0/core/hdd/src/wlan_hdd_tsf.o
  CC      drivers/video/fbdev/msm/mdss_mdp_pp_common.o
  CC      drivers/staging/qcacld-3.0/core/hdd/src/wlan_hdd_conc_ut.o
  CC      drivers/usb/gadget/function/f_ecm.o
  CC      drivers/video/fbdev/msm/mdss_mdp_pp_stub.o
  LD      drivers/usb/gadget/legacy/built-in.o
  CC      drivers/video/fbdev/amba-clcd.o
  CC      drivers/video/fbdev/msm/mdss_mdp_debug.o
  CC      drivers/usb/gadget/function/f_eem.o
  CC      drivers/staging/qcacld-3.0/core/hdd/src/wlan_hdd_disa.o
  CC      drivers/video/display_timing.o
  CC      drivers/video/fbdev/msm/mdss_debug.o
  CC      drivers/usb/gadget/function/f_subset.o
  CC      drivers/usb/isp1760/isp1760-core.o
  CC      drivers/staging/qcacld-3.0/core/hdd/src/wlan_hdd_subnet_detect.o
  CC      drivers/usb/gadget/function/f_rndis.o
  CC      drivers/usb/isp1760/isp1760-if.o
  CC      drivers/video/fbdev/msm/mdss_debug_xlog.o
  CC      drivers/usb/isp1760/isp1760-hcd.o
  CC      drivers/staging/qcacld-3.0/core/hdd/src/wlan_hdd_nan_datapath.o
  CC      drivers/usb/gadget/function/f_mass_storage.o
  CC      drivers/video/fbdev/msm/mdss_dsi.o
  LD      drivers/usb/isp1760/isp1760.o
  LD      drivers/usb/isp1760/built-in.o
  CC      drivers/usb/gadget/udc/udc-core.o
  CC      drivers/staging/qcacld-3.0/core/hdd/src/wlan_hdd_spectral.o
  LD      drivers/usb/gadget/udc/built-in.o
  CC      drivers/staging/qcacld-3.0/core/hdd/src/wlan_hdd_apf.o
  CC      drivers/video/fbdev/msm/mdss_dsi_host.o
  CC      drivers/usb/gadget/function/storage_common.o
  CC      drivers/video/videomode.o
  CC      drivers/staging/qcacld-3.0/core/utils/epping/src/epping_main.o
  CC      drivers/usb/gadget/function/f_fs.o
  CC      drivers/usb/misc/ehset.o
  CC      drivers/video/fbdev/msm/mdss_dsi_cmd.o
  LD      drivers/usb/misc/built-in.o
  CC      drivers/staging/qcacld-3.0/core/utils/epping/src/epping_txrx.o
  CC      drivers/video/fbdev/msm/mdss_dsi_status.o
  CC      drivers/usb/gadget/debug.o
  CC      drivers/usb/pd/policy_engine.o
  CC      drivers/staging/qcacld-3.0/core/utils/epping/src/epping_tx.o
  CC      drivers/video/fbdev/msm/mdss_dsi_panel.o
  CC      drivers/usb/gadget/function/f_midi.o
  CC      drivers/staging/qcacld-3.0/core/utils/epping/src/epping_rx.o
  CC      drivers/usb/gadget/function/f_hid.o
  CC      drivers/usb/pd/qpnp-pdphy.o
  CC      drivers/video/fbdev/msm/msm_mdss_io_8974.o
  CC      drivers/staging/qcacld-3.0/core/utils/epping/src/epping_helper.o
  CC      drivers/usb/gadget/function/f_mtp.o
  LD      drivers/usb/pd/built-in.o
  CC      drivers/staging/qcacld-3.0/core/mac/src/cfg/cfg_api.o
  CC      drivers/video/fbdev/msm/mdss_dsi_phy.o
  CC      drivers/video/of_display_timing.o
  CC      drivers/usb/gadget/function/f_ptp.o
  CC      drivers/video/fbdev/msm/mdss_dsi_phy_v3.o
  CC      drivers/usb/gadget/function/f_audio_source.o
  LD      drivers/usb/gadget/libcomposite.o
  CC      drivers/usb/phy/phy.o
  CC      drivers/staging/qcacld-3.0/core/mac/src/cfg/cfg_param_name.o
  CC      drivers/video/fbdev/msm/mdss_dsi_clk.o
  CC      drivers/usb/gadget/function/f_accessory.o
  CC      drivers/usb/phy/of.o
  CC      drivers/video/fbdev/msm/mdss_panel.o
  CC      drivers/staging/qcacld-3.0/core/mac/src/cfg/cfg_proc_msg.o
  CC      drivers/usb/phy/otg-wakelock.o
  CC      drivers/usb/gadget/function/f_diag.o
  CC      drivers/usb/phy/class-dual-role.o
  CC      drivers/video/fbdev/msm/mdss_hdmi_util.o
  CC      drivers/staging/qcacld-3.0/core/mac/src/cfg/cfg_send_msg.o
  CC      drivers/usb/phy/phy-generic.o
  CC      drivers/video/fbdev/msm/mdss_hdmi_edid.o
  CC      drivers/usb/gadget/function/f_qc_rndis.o
  CC      drivers/usb/phy/phy-msm-ssusb-qmp.o
  CC      drivers/staging/qcacld-3.0/core/mac/src/dph/dph_hash_table.o
  CC      drivers/usb/gadget/function/rndis.o
  CC      drivers/video/fbdev/msm/mdss_cec_core.o
  CC      drivers/usb/phy/phy-msm-qusb.o
  CC      drivers/staging/qcacld-3.0/core/mac/src/pe/lim/lim_aid_mgmt.o
  CC      drivers/usb/phy/phy-msm-qusb-v2.o
  CC      drivers/video/fbdev/msm/mdss_dba_utils.o
  CC      drivers/usb/gadget/function/u_data_ipa.o
  CC      drivers/video/fbdev/msm/mdss_hdcp_1x.o
  LD      drivers/usb/phy/built-in.o
  CC      drivers/usb/serial/usb-serial.o
  CC      drivers/staging/qcacld-3.0/core/mac/src/pe/lim/lim_admit_control.o
  CC      drivers/usb/gadget/function/f_rmnet.o
  CC      drivers/video/fbdev/msm/mdss_dp.o
  CC      drivers/usb/serial/generic.o
  CC      drivers/usb/gadget/function/u_ctrl_qti.o
  CC      drivers/staging/qcacld-3.0/core/mac/src/pe/lim/lim_api.o
  LD      drivers/usb/gadget/function/usb_f_acm.o
  LD      drivers/usb/gadget/function/usb_f_serial.o
  LD      drivers/usb/gadget/function/usb_f_obex.o
  LD      drivers/usb/gadget/function/usb_f_ncm.o
  LD      drivers/usb/gadget/function/usb_f_ecm.o
  LD      drivers/usb/gadget/function/usb_f_eem.o
  LD      drivers/usb/gadget/function/usb_f_ecm_subset.o
  LD      drivers/usb/gadget/function/usb_f_rndis.o
  LD      drivers/usb/gadget/function/usb_f_mass_storage.o
  LD      drivers/usb/gadget/function/usb_f_fs.o
  LD      drivers/usb/gadget/function/usb_f_midi.o
  LD      drivers/usb/gadget/function/usb_f_hid.o
  LD      drivers/usb/gadget/function/usb_f_mtp.o
  LD      drivers/usb/gadget/function/usb_f_ptp.o
  LD      drivers/usb/gadget/function/usb_f_audio_source.o
  LD      drivers/usb/gadget/function/usb_f_accessory.o
  LD      drivers/usb/gadget/function/usb_f_diag.o
  LD      drivers/usb/gadget/function/usb_f_qcrndis.o
  LD      drivers/usb/gadget/function/usb_f_rmnet_bam.o
  LD      drivers/usb/gadget/function/built-in.o
  LD      drivers/usb/gadget/built-in.o
  CC      drivers/video/of_videomode.o
  CC      drivers/usb/serial/bus.o
  CC      drivers/staging/qcacld-3.0/core/mac/src/pe/lim/lim_assoc_utils.o
  CC      drivers/video/fbdev/msm/mdss_dp_util.o
  CC      drivers/usb/serial/console.o
  CC      drivers/staging/qcacld-3.0/core/mac/src/pe/lim/lim_ft.o
  CC      drivers/usb/serial/ch341.o
  CC      drivers/video/fbdev/msm/mdss_dp_aux.o
  CC      drivers/usb/serial/ftdi_sio.o
  CC      drivers/usb/storage/scsiglue.o
  CC      drivers/staging/qcacld-3.0/core/mac/src/pe/lim/lim_ibss_peer_mgmt.o
  CC      drivers/video/fbdev/msm/mdss_dp_hdcp2p2.o
  LD      drivers/usb/serial/usbserial.o
  LD      drivers/usb/serial/built-in.o
  CC      drivers/staging/qcacld-3.0/core/mac/src/pe/lim/lim_link_monitoring_algo.o
  CC      drivers/video/fbdev/msm/mdss_io_util.o
  CC      drivers/usb/storage/protocol.o
  CC      drivers/staging/qcacld-3.0/core/mac/src/pe/lim/lim_p2p.o
  CC      drivers/video/fbdev/msm/mdss_hdmi_tx.o
  CC      drivers/usb/storage/transport.o
  CC      drivers/usb/storage/usb.o
  CC      drivers/staging/qcacld-3.0/core/mac/src/pe/lim/lim_process_action_frame.o
  CC      drivers/video/fbdev/msm/mdss_hdmi_panel.o
  CC      drivers/usb/storage/initializers.o
  CC      drivers/staging/qcacld-3.0/core/mac/src/pe/lim/lim_process_assoc_req_frame.o
  CC      drivers/usb/storage/sierra_ms.o
  CC      drivers/video/fbdev/msm/mdss_hdmi_hdcp2p2.o
  CC      drivers/usb/storage/option_ms.o
  CC      drivers/video/fbdev/msm/mdss_hdmi_cec.o
  CC      drivers/staging/qcacld-3.0/core/mac/src/pe/lim/lim_process_assoc_rsp_frame.o
  CC      drivers/usb/storage/usual-tables.o
  CC      drivers/video/fbdev/msm/mdss_hdmi_audio.o
  LD      drivers/usb/storage/usb-storage.o
  LD      drivers/usb/storage/built-in.o
  LD      drivers/usb/built-in.o
  CC      drivers/staging/qcacld-3.0/core/mac/src/pe/lim/lim_process_auth_frame.o
  CC      drivers/video/fbdev/msm/mdss_wb.o
  CC      drivers/video/fbdev/msm/mdss_fb.o
  CC      drivers/staging/qcacld-3.0/core/mac/src/pe/lim/lim_process_beacon_frame.o
  CC      drivers/video/fbdev/msm/mdss_util.o
  CC      drivers/staging/qcacld-3.0/core/mac/src/pe/lim/lim_process_cfg_updates.o
  CC      drivers/staging/qcacld-3.0/core/mac/src/pe/lim/lim_process_deauth_frame.o
  CC      drivers/video/fbdev/msm/mdss_compat_utils.o
  CC      drivers/video/fbdev/msm/mdss_mdp_kcal_ctrl.o
  CC      drivers/staging/qcacld-3.0/core/mac/src/pe/lim/lim_process_disassoc_frame.o
  CC      drivers/video/fbdev/msm/mdss_livedisplay.o
  LD      drivers/video/fbdev/msm/mdss-mdp.o
  LD      drivers/video/fbdev/msm/mdss-dsi.o
  CC      drivers/staging/qcacld-3.0/core/mac/src/pe/lim/lim_process_message_queue.o
  CC      drivers/staging/qcacld-3.0/core/mac/src/pe/lim/lim_process_mlm_req_messages.o
  CC      drivers/staging/qcacld-3.0/core/mac/src/pe/lim/lim_process_mlm_rsp_messages.o
  CC      drivers/staging/qcacld-3.0/core/mac/src/pe/lim/lim_process_probe_req_frame.o
  LD      drivers/video/fbdev/msm/built-in.o
  LD      drivers/video/fbdev/built-in.o
  LD      drivers/video/built-in.o
  CC      drivers/staging/qcacld-3.0/core/mac/src/pe/lim/lim_process_probe_rsp_frame.o
  CC      drivers/staging/qcacld-3.0/core/mac/src/pe/lim/lim_process_sme_req_messages.o
  CC      drivers/staging/qcacld-3.0/core/mac/src/pe/lim/lim_prop_exts_utils.o
  CC      drivers/staging/qcacld-3.0/core/mac/src/pe/lim/lim_scan_result_utils.o
  CC      drivers/staging/qcacld-3.0/core/mac/src/pe/lim/lim_security_utils.o
  CC      drivers/staging/qcacld-3.0/core/mac/src/pe/lim/lim_send_management_frames.o
  CC      drivers/staging/qcacld-3.0/core/mac/src/pe/lim/lim_send_messages.o
  CC      drivers/staging/qcacld-3.0/core/mac/src/pe/lim/lim_send_sme_rsp_messages.o
  CC      drivers/staging/qcacld-3.0/core/mac/src/pe/lim/lim_ser_des_utils.o
  CC      drivers/staging/qcacld-3.0/core/mac/src/pe/lim/lim_session.o
  CC      drivers/staging/qcacld-3.0/core/mac/src/pe/lim/lim_session_utils.o
  CC      drivers/staging/qcacld-3.0/core/mac/src/pe/lim/lim_sme_req_utils.o
  CC      drivers/staging/qcacld-3.0/core/mac/src/pe/lim/lim_sta_hash_api.o
  CC      drivers/staging/qcacld-3.0/core/mac/src/pe/lim/lim_timer_utils.o
  CC      drivers/staging/qcacld-3.0/core/mac/src/pe/lim/lim_trace.o
  CC      drivers/staging/qcacld-3.0/core/mac/src/pe/lim/lim_utils.o
  CC      drivers/staging/qcacld-3.0/core/mac/src/pe/lim/lim_process_tdls.o
  CC      drivers/staging/qcacld-3.0/core/mac/src/pe/lim/lim_process_fils.o
  CC      drivers/staging/qcacld-3.0/core/mac/src/pe/lim/lim_process_mlm_host_roam.o
  CC      drivers/staging/qcacld-3.0/core/mac/src/pe/lim/lim_send_frames_host_roam.o
  CC      drivers/staging/qcacld-3.0/core/mac/src/pe/lim/lim_roam_timer_utils.o
  CC      drivers/staging/qcacld-3.0/core/mac/src/pe/lim/lim_ft_preauth.o
  CC      drivers/staging/qcacld-3.0/core/mac/src/pe/lim/lim_reassoc_utils.o
  CC      drivers/staging/qcacld-3.0/core/mac/src/pe/sch/sch_api.o
  CC      drivers/staging/qcacld-3.0/core/mac/src/pe/sch/sch_beacon_gen.o
  CC      drivers/staging/qcacld-3.0/core/mac/src/pe/sch/sch_beacon_process.o
  CC      drivers/staging/qcacld-3.0/core/mac/src/pe/sch/sch_message.o
  CC      drivers/staging/qcacld-3.0/core/mac/src/pe/rrm/rrm_api.o
  CC      drivers/staging/qcacld-3.0/core/mac/src/pe/nan/nan_datapath.o
  CC      drivers/staging/qcacld-3.0/core/sap/src/sap_api_link_cntl.o
  CC      drivers/staging/qcacld-3.0/core/sap/src/sap_ch_select.o
  CC      drivers/staging/qcacld-3.0/core/sap/src/sap_fsm.o
  CC      drivers/staging/qcacld-3.0/core/sap/src/sap_module.o
  CC      drivers/staging/qcacld-3.0/core/sme/src/common/sme_api.o
  CC      drivers/staging/qcacld-3.0/core/sme/src/common/sme_ft_api.o
  CC      drivers/staging/qcacld-3.0/core/sme/src/common/sme_power_save.o
  CC      drivers/staging/qcacld-3.0/core/sme/src/common/sme_trace.o
  CC      drivers/staging/qcacld-3.0/core/sme/src/csr/csr_api_roam.o
  CC      drivers/staging/qcacld-3.0/core/sme/src/csr/csr_api_scan.o
  CC      drivers/staging/qcacld-3.0/core/sme/src/csr/csr_cmd_process.o
  CC      drivers/staging/qcacld-3.0/core/sme/src/csr/csr_link_list.o
  CC      drivers/staging/qcacld-3.0/core/sme/src/csr/csr_neighbor_roam.o
  CC      drivers/staging/qcacld-3.0/core/sme/src/csr/csr_util.o
  CC      drivers/staging/qcacld-3.0/core/sme/src/csr/csr_roam_preauth.o
  CC      drivers/staging/qcacld-3.0/core/sme/src/csr/csr_host_scan_roam.o
  CC      drivers/staging/qcacld-3.0/core/sme/src/csr/csr_tdls_process.o
  CC      drivers/staging/qcacld-3.0/core/sme/src/p2p/p2p_api.o
  CC      drivers/staging/qcacld-3.0/core/sme/src/qos/sme_qos.o
  CC      drivers/staging/qcacld-3.0/core/sme/src/rrm/sme_rrm.o
  CC      drivers/staging/qcacld-3.0/core/sme/src/nan/nan_api.o
  CC      drivers/staging/qcacld-3.0/core/sme/src/nan/nan_datapath_api.o
  CC      drivers/staging/qcacld-3.0/core/sme/src/spectralscan/spectral_scan_api.o
  CC      drivers/staging/qcacld-3.0/core/mac/src/sys/common/src/wlan_qct_sys.o
  CC      drivers/staging/qcacld-3.0/core/mac/src/sys/legacy/src/platform/src/sys_wrapper.o
  CC      drivers/staging/qcacld-3.0/core/mac/src/sys/legacy/src/system/src/mac_init_api.o
  CC      drivers/staging/qcacld-3.0/core/mac/src/sys/legacy/src/system/src/sys_entry_func.o
  CC      drivers/staging/qcacld-3.0/core/mac/src/sys/legacy/src/utils/src/dot11f.o
  CC      drivers/staging/qcacld-3.0/core/mac/src/sys/legacy/src/utils/src/mac_trace.o
  CC      drivers/staging/qcacld-3.0/core/mac/src/sys/legacy/src/utils/src/parser_api.o
  CC      drivers/staging/qcacld-3.0/core/mac/src/sys/legacy/src/utils/src/utils_parser.o
  CC      drivers/staging/qcacld-3.0/../qca-wifi-host-cmn/qdf/linux/src/qdf_defer.o
  CC      drivers/staging/qcacld-3.0/../qca-wifi-host-cmn/qdf/linux/src/qdf_event.o
  CC      drivers/staging/qcacld-3.0/../qca-wifi-host-cmn/qdf/linux/src/qdf_list.o
  CC      drivers/staging/qcacld-3.0/../qca-wifi-host-cmn/qdf/linux/src/qdf_lock.o
  CC      drivers/staging/qcacld-3.0/../qca-wifi-host-cmn/qdf/linux/src/qdf_mc_timer.o
  CC      drivers/staging/qcacld-3.0/../qca-wifi-host-cmn/qdf/linux/src/qdf_mem.o
  CC      drivers/staging/qcacld-3.0/../qca-wifi-host-cmn/qdf/linux/src/qdf_nbuf.o
  CC      drivers/staging/qcacld-3.0/../qca-wifi-host-cmn/qdf/linux/src/qdf_threads.o
  CC      drivers/staging/qcacld-3.0/../qca-wifi-host-cmn/qdf/linux/src/qdf_crypto.o
  CC      drivers/staging/qcacld-3.0/../qca-wifi-host-cmn/qdf/linux/src/qdf_trace.o
  CC      drivers/staging/qcacld-3.0/../qca-wifi-host-cmn/qdf/linux/src/qdf_idr.o
  CC      drivers/staging/qcacld-3.0/../qca-wifi-host-cmn/qdf/linux/src/qdf_debugfs.o
  CC      drivers/staging/qcacld-3.0/../qca-wifi-host-cmn/qdf/src/qdf_cpuhp.o
  CC      drivers/staging/qcacld-3.0/../qca-wifi-host-cmn/qdf/linux/src/qdf_cpuhp.o
  CC      drivers/staging/qcacld-3.0/core/cds/src/cds_api.o
  CC      drivers/staging/qcacld-3.0/core/cds/src/cds_reg_service.o
  CC      drivers/staging/qcacld-3.0/core/cds/src/cds_mq.o
  CC      drivers/staging/qcacld-3.0/core/cds/src/cds_packet.o
  CC      drivers/staging/qcacld-3.0/core/cds/src/cds_regdomain.o
  CC      drivers/staging/qcacld-3.0/core/cds/src/cds_sched.o
  CC      drivers/staging/qcacld-3.0/core/cds/src/cds_concurrency.o
  CC      drivers/staging/qcacld-3.0/core/cds/src/cds_utils.o
  CC      drivers/staging/qcacld-3.0/core/cds/src/cds_mc_timer.o
  CC      drivers/staging/qcacld-3.0/core/sap/dfs/src/dfs_bindetects.o
  CC      drivers/staging/qcacld-3.0/core/sap/dfs/src/dfs.o
  CC      drivers/staging/qcacld-3.0/core/sap/dfs/src/dfs_fcc_bin5.o
  CC      drivers/staging/qcacld-3.0/core/sap/dfs/src/dfs_init.o
  CC      drivers/staging/qcacld-3.0/core/sap/dfs/src/dfs_misc.o
  CC      drivers/staging/qcacld-3.0/core/sap/dfs/src/dfs_nol.o
  CC      drivers/staging/qcacld-3.0/core/sap/dfs/src/dfs_phyerr_tlv.o
  CC      drivers/staging/qcacld-3.0/core/sap/dfs/src/dfs_process_phyerr.o
  CC      drivers/staging/qcacld-3.0/core/sap/dfs/src/dfs_process_radarevent.o
  CC      drivers/staging/qcacld-3.0/core/sap/dfs/src/dfs_staggered.o
  CC      drivers/staging/qcacld-3.0/core/wma/src/wma_main.o
  CC      drivers/staging/qcacld-3.0/core/wma/src/wma_scan_roam.o
  CC      drivers/staging/qcacld-3.0/core/wma/src/wma_dev_if.o
  CC      drivers/staging/qcacld-3.0/core/wma/src/wma_mgmt.o
  CC      drivers/staging/qcacld-3.0/core/wma/src/wma_power.o
  CC      drivers/staging/qcacld-3.0/core/wma/src/wma_data.o
  CC      drivers/staging/qcacld-3.0/core/wma/src/wma_utils.o
  CC      drivers/staging/qcacld-3.0/core/wma/src/wma_features.o
  CC      drivers/staging/qcacld-3.0/core/wma/src/wma_dfs_interface.o
  CC      drivers/staging/qcacld-3.0/core/wma/src/wlan_qct_wma_legacy.o
  CC      drivers/staging/qcacld-3.0/core/wma/src/wma_nan_datapath.o
  CC      drivers/staging/qcacld-3.0/core/wma/src/wma_utils_ut.o
  CC      drivers/staging/qcacld-3.0/core/dp/txrx/ol_txrx.o
  CC      drivers/staging/qcacld-3.0/core/dp/txrx/ol_cfg.o
  CC      drivers/staging/qcacld-3.0/core/dp/txrx/ol_rx.o
  CC      drivers/staging/qcacld-3.0/core/dp/txrx/ol_rx_fwd.o
  CC      drivers/staging/qcacld-3.0/core/dp/txrx/ol_rx_defrag.o
  CC      drivers/staging/qcacld-3.0/core/dp/txrx/ol_tx_desc.o
  CC      drivers/staging/qcacld-3.0/core/dp/txrx/ol_tx.o
  CC      drivers/staging/qcacld-3.0/core/dp/txrx/ol_rx_reorder_timeout.o
  CC      drivers/staging/qcacld-3.0/core/dp/txrx/ol_rx_reorder.o
  CC      drivers/staging/qcacld-3.0/core/dp/txrx/ol_rx_pn.o
  CC      drivers/staging/qcacld-3.0/core/dp/txrx/ol_tx_queue.o
  CC      drivers/staging/qcacld-3.0/core/dp/txrx/ol_txrx_peer_find.o
  CC      drivers/staging/qcacld-3.0/core/dp/txrx/ol_txrx_event.o
  CC      drivers/staging/qcacld-3.0/core/dp/txrx/ol_txrx_encap.o
  CC      drivers/staging/qcacld-3.0/core/dp/txrx/ol_tx_send.o
  CC      drivers/staging/qcacld-3.0/core/dp/txrx/ol_tx_sched.o
  CC      drivers/staging/qcacld-3.0/core/dp/txrx/ol_tx_classify.o
  CC      drivers/staging/qcacld-3.0/core/dp/txrx/ol_txrx_flow_control.o
  CC      drivers/staging/qcacld-3.0/../qca-wifi-host-cmn/wmi/src/wmi_unified.o
  CC      drivers/staging/qcacld-3.0/../qca-wifi-host-cmn/wmi/src/wmi_tlv_helper.o
  CC      drivers/staging/qcacld-3.0/../qca-wifi-host-cmn/wmi/src/wmi_unified_tlv.o
  CC      drivers/staging/qcacld-3.0/../qca-wifi-host-cmn/wmi/src/wmi_unified_api.o
  CC      drivers/staging/qcacld-3.0/../qca-wifi-host-cmn/wmi/src/wmi_unified_non_tlv.o
  CC      drivers/staging/qcacld-3.0/../qca-wifi-host-cmn/wmi/src/wmi_unified_apf_tlv.o
  CC      drivers/staging/qcacld-3.0/core/utils/fwlog/dbglog_host.o
  CC      drivers/staging/qcacld-3.0/../qca-wifi-host-cmn/htc/htc.o
  CC      drivers/staging/qcacld-3.0/../qca-wifi-host-cmn/htc/htc_send.o
  CC      drivers/staging/qcacld-3.0/../qca-wifi-host-cmn/htc/htc_recv.o
  CC      drivers/staging/qcacld-3.0/../qca-wifi-host-cmn/htc/htc_services.o
  CC      drivers/staging/qcacld-3.0/../qca-wifi-host-cmn/hif/src/hif_napi.o
  CC      drivers/staging/qcacld-3.0/../qca-wifi-host-cmn/hif/src/dispatcher/multibus.o
  CC      drivers/staging/qcacld-3.0/../qca-wifi-host-cmn/hif/src/dispatcher/dummy.o
  CC      drivers/staging/qcacld-3.0/../qca-wifi-host-cmn/hif/src/snoc/if_snoc.o
  CC      drivers/staging/qcacld-3.0/../qca-wifi-host-cmn/hif/src/ath_procfs.o
  CC      drivers/staging/qcacld-3.0/../qca-wifi-host-cmn/hif/src/hif_main.o
  CC      drivers/staging/qcacld-3.0/../qca-wifi-host-cmn/hif/src/mp_dev.o
  CC      drivers/staging/qcacld-3.0/../qca-wifi-host-cmn/hif/src/ce/ce_bmi.o
  CC      drivers/staging/qcacld-3.0/../qca-wifi-host-cmn/hif/src/ce/ce_diag.o
  CC      drivers/staging/qcacld-3.0/../qca-wifi-host-cmn/hif/src/ce/ce_main.o
  CC      drivers/staging/qcacld-3.0/../qca-wifi-host-cmn/hif/src/ce/ce_service.o
  CC      drivers/staging/qcacld-3.0/../qca-wifi-host-cmn/hif/src/ce/ce_tasklet.o
  CC      drivers/staging/qcacld-3.0/../qca-wifi-host-cmn/hif/src/regtable.o
  CC      drivers/staging/qcacld-3.0/../qca-wifi-host-cmn/hif/src/dispatcher/multibus_snoc.o
  CC      drivers/staging/qcacld-3.0/core/bmi/src/bmi.o
  CC      drivers/staging/qcacld-3.0/core/bmi/src/ol_fw.o
  CC      drivers/staging/qcacld-3.0/core/bmi/src/ol_fw_common.o
  CC      drivers/staging/qcacld-3.0/core/bmi/src/bmi_1.o
  CC      drivers/staging/qcacld-3.0/core/dp/htt/htt_tx.o
  CC      drivers/staging/qcacld-3.0/core/dp/htt/htt.o
  CC      drivers/staging/qcacld-3.0/core/dp/htt/htt_t2h.o
  CC      drivers/staging/qcacld-3.0/core/dp/htt/htt_h2t.o
  CC      drivers/staging/qcacld-3.0/core/dp/htt/htt_fw_stats.o
  CC      drivers/staging/qcacld-3.0/core/dp/htt/htt_rx.o
  CC      drivers/staging/qcacld-3.0/core/utils/logging/src/wlan_logging_sock_svc.o
  CC      drivers/staging/qcacld-3.0/core/utils/nlink/src/wlan_nlink_srv.o
  CC      drivers/staging/qcacld-3.0/core/utils/ptt/src/wlan_ptt_sock_svc.o
  CC      drivers/staging/qcacld-3.0/core/pld/src/pld_common.o
  CC      drivers/staging/qcacld-3.0/core/pld/src/pld_pcie.o
  CC      drivers/staging/qcacld-3.0/core/pld/src/pld_snoc.o
  CC      drivers/staging/qcacld-3.0/core/utils/pktlog/pktlog_ac.o
  CC      drivers/staging/qcacld-3.0/core/utils/pktlog/pktlog_internal.o
  CC      drivers/staging/qcacld-3.0/core/utils/pktlog/linux_ac.o
  CC      drivers/staging/qcacld-3.0/core/utils/host_diag_log/src/host_diag_log.o
  LD      drivers/staging/qcacld-3.0/wlan.o
  LD      drivers/staging/qcacld-3.0/built-in.o
  LD      drivers/staging/built-in.o
  LD      drivers/built-in.o
  LINK    vmlinux
  LD      vmlinux.o
  MODPOST vmlinux.o
  GEN     .version
  CHK     include/generated/compile.h
  UPD     include/generated/compile.h
  CC      init/version.o
  LD      init/built-in.o
  LD      vmlinux
  SORTEX  vmlinux
  SYSMAP  System.map
  OBJCOPY arch/arm64/boot/Image
  DTC     arch/arm64/boot/dts/qcom/sdm660-mtp_f7a.dtb
  Building modules, stage 2.
  MODPOST 6 modules
arch/arm64/boot/dts/qcom/sdm660-mtp_f7a.dtb: Warning (unit_address_format): Node /reserved-memory/dfps_data_mem@0x9f7ff000 unit name should not have leading "0x"
arch/arm64/boot/dts/qcom/sdm660-mtp_f7a.dtb: Warning (simple_bus_reg): Node /soc/qcom,smp2pgpio-smp2p-15-in missing or empty reg/ranges property
arch/arm64/boot/dts/qcom/sdm660-mtp_f7a.dtb: Warning (simple_bus_reg): Node /soc/qcom,smp2pgpio_test_smp2p_15_in missing or empty reg/ranges property
arch/arm64/boot/dts/qcom/sdm660-mtp_f7a.dtb: Warning (simple_bus_reg): Node /soc/qcom,smp2pgpio-smp2p-15-out missing or empty reg/ranges property
arch/arm64/boot/dts/qcom/sdm660-mtp_f7a.dtb: Warning (simple_bus_reg): Node /soc/qcom,smp2pgpio_test_smp2p_15_out missing or empty reg/ranges property
arch/arm64/boot/dts/qcom/sdm660-mtp_f7a.dtb: Warning (simple_bus_reg): Node /soc/qcom,smp2pgpio-smp2p-1-in missing or empty reg/ranges property
arch/arm64/boot/dts/qcom/sdm660-mtp_f7a.dtb: Warning (simple_bus_reg): Node /soc/qcom,smp2pgpio_test_smp2p_1_in missing or empty reg/ranges property
arch/arm64/boot/dts/qcom/sdm660-mtp_f7a.dtb: Warning (simple_bus_reg): Node /soc/qcom,smp2pgpio-smp2p-1-out missing or empty reg/ranges property
arch/arm64/boot/dts/qcom/sdm660-mtp_f7a.dtb: Warning (simple_bus_reg): Node /soc/qcom,smp2pgpio_test_smp2p_1_out missing or empty reg/ranges property
arch/arm64/boot/dts/qcom/sdm660-mtp_f7a.dtb: Warning (simple_bus_reg): Node /soc/qcom,smp2pgpio-smp2p-2-in missing or empty reg/ranges property
arch/arm64/boot/dts/qcom/sdm660-mtp_f7a.dtb: Warning (simple_bus_reg): Node /soc/qcom,smp2pgpio_test_smp2p_2_in missing or empty reg/ranges property
arch/arm64/boot/dts/qcom/sdm660-mtp_f7a.dtb: Warning (simple_bus_reg): Node /soc/qcom,smp2pgpio-smp2p-2-out missing or empty reg/ranges property
arch/arm64/boot/dts/qcom/sdm660-mtp_f7a.dtb: Warning (simple_bus_reg): Node /soc/qcom,smp2pgpio_test_smp2p_2_out missing or empty reg/ranges property
arch/arm64/boot/dts/qcom/sdm660-mtp_f7a.dtb: Warning (simple_bus_reg): Node /soc/qcom,smp2pgpio-sleepstate-gpio-2-out missing or empty reg/ranges property
arch/arm64/boot/dts/qcom/sdm660-mtp_f7a.dtb: Warning (simple_bus_reg): Node /soc/qcom,smp2pgpio-sleepstate-2-out missing or empty reg/ranges property
arch/arm64/boot/dts/qcom/sdm660-mtp_f7a.dtb: Warning (simple_bus_reg): Node /soc/qcom,smp2pgpio-smp2p-5-in missing or empty reg/ranges property
arch/arm64/boot/dts/qcom/sdm660-mtp_f7a.dtb: Warning (simple_bus_reg): Node /soc/qcom,smp2pgpio_test_smp2p_5_in missing or empty reg/ranges property
arch/arm64/boot/dts/qcom/sdm660-mtp_f7a.dtb: Warning (simple_bus_reg): Node /soc/qcom,smp2pgpio-smp2p-5-out missing or empty reg/ranges property
arch/arm64/boot/dts/qcom/sdm660-mtp_f7a.dtb: Warning (simple_bus_reg): Node /soc/qcom,smp2pgpio_test_smp2p_5_out missing or empty reg/ranges property
arch/arm64/boot/dts/qcom/sdm660-mtp_f7a.dtb: Warning (simple_bus_reg): Node /soc/qcom,smp2pgpio-ssr-smp2p-1-in missing or empty reg/ranges property
arch/arm64/boot/dts/qcom/sdm660-mtp_f7a.dtb: Warning (simple_bus_reg): Node /soc/qcom,smp2pgpio-ssr-smp2p-1-out missing or empty reg/ranges property
arch/arm64/boot/dts/qcom/sdm660-mtp_f7a.dtb: Warning (simple_bus_reg): Node /soc/qcom,smp2pgpio-ssr-smp2p-2-in missing or empty reg/ranges property
arch/arm64/boot/dts/qcom/sdm660-mtp_f7a.dtb: Warning (simple_bus_reg): Node /soc/qcom,smp2pgpio-ssr-smp2p-2-out missing or empty reg/ranges property
arch/arm64/boot/dts/qcom/sdm660-mtp_f7a.dtb: Warning (simple_bus_reg): Node /soc/qcom,smp2pgpio-ssr-smp2p-5-in missing or empty reg/ranges property
arch/arm64/boot/dts/qcom/sdm660-mtp_f7a.dtb: Warning (simple_bus_reg): Node /soc/qcom,smp2pgpio-ssr-smp2p-5-out missing or empty reg/ranges property
arch/arm64/boot/dts/qcom/sdm660-mtp_f7a.dtb: Warning (simple_bus_reg): Node /soc/modem_etm0 missing or empty reg/ranges property
arch/arm64/boot/dts/qcom/sdm660-mtp_f7a.dtb: Warning (simple_bus_reg): Node /soc/audio_etm0 missing or empty reg/ranges property
arch/arm64/boot/dts/qcom/sdm660-mtp_f7a.dtb: Warning (simple_bus_reg): Node /soc/rpm_etm0 missing or empty reg/ranges property
arch/arm64/boot/dts/qcom/sdm660-mtp_f7a.dtb: Warning (simple_bus_reg): Node /soc/turing_etm0 missing or empty reg/ranges property
arch/arm64/boot/dts/qcom/sdm660-mtp_f7a.dtb: Warning (simple_bus_reg): Node /soc/timer missing or empty reg/ranges property
arch/arm64/boot/dts/qcom/sdm660-mtp_f7a.dtb: Warning (simple_bus_reg): Node /soc/qcom,sps-dma@0xc144000 simple-bus unit address format error, expected "c144000"
arch/arm64/boot/dts/qcom/sdm660-mtp_f7a.dtb: Warning (simple_bus_reg): Node /soc/qcom,sps-dma@0xc184000 simple-bus unit address format error, expected "c184000"
arch/arm64/boot/dts/qcom/sdm660-mtp_f7a.dtb: Warning (simple_bus_reg): Node /soc/cpuss_dump missing or empty reg/ranges property
arch/arm64/boot/dts/qcom/sdm660-mtp_f7a.dtb: Warning (simple_bus_reg): Node /soc/qcom,sps missing or empty reg/ranges property
arch/arm64/boot/dts/qcom/sdm660-mtp_f7a.dtb: Warning (simple_bus_reg): Node /soc/qcom,memshare missing or empty reg/ranges property
arch/arm64/boot/dts/qcom/sdm660-mtp_f7a.dtb: Warning (simple_bus_reg): Node /soc/serial@0c170000 simple-bus unit address format error, expected "c170000"
arch/arm64/boot/dts/qcom/sdm660-mtp_f7a.dtb: Warning (simple_bus_reg): Node /soc/qcom,sensor-information missing or empty reg/ranges property
arch/arm64/boot/dts/qcom/sdm660-mtp_f7a.dtb: Warning (simple_bus_reg): Node /soc/qcom,limit_info-0 missing or empty reg/ranges property
arch/arm64/boot/dts/qcom/sdm660-mtp_f7a.dtb: Warning (simple_bus_reg): Node /soc/qcom,limit_info-1 missing or empty reg/ranges property
arch/arm64/boot/dts/qcom/sdm660-mtp_f7a.dtb: Warning (simple_bus_reg): Node /soc/qcom,limit_info-2 missing or empty reg/ranges property
arch/arm64/boot/dts/qcom/sdm660-mtp_f7a.dtb: Warning (simple_bus_reg): Node /soc/qcom,limit_info-3 missing or empty reg/ranges property
arch/arm64/boot/dts/qcom/sdm660-mtp_f7a.dtb: Warning (simple_bus_reg): Node /soc/qcom,limit_info-4 missing or empty reg/ranges property
arch/arm64/boot/dts/qcom/sdm660-mtp_f7a.dtb: Warning (simple_bus_reg): Node /soc/qcom,msm-thermal missing or empty reg/ranges property
arch/arm64/boot/dts/qcom/sdm660-mtp_f7a.dtb: Warning (simple_bus_reg): Node /soc/qcom,bcl missing or empty reg/ranges property
arch/arm64/boot/dts/qcom/sdm660-mtp_f7a.dtb: Warning (simple_bus_reg): Node /soc/qcom,lmh missing or empty reg/ranges property
arch/arm64/boot/dts/qcom/sdm660-mtp_f7a.dtb: Warning (simple_bus_reg): Node /soc/serial@0c1b0000 simple-bus unit address format error, expected "c1b0000"
arch/arm64/boot/dts/qcom/sdm660-mtp_f7a.dtb: Warning (simple_bus_reg): Node /soc/arm64-cpu-erp missing or empty reg/ranges property
arch/arm64/boot/dts/qcom/sdm660-mtp_f7a.dtb: Warning (simple_bus_reg): Node /soc/qcom,rpmcc missing or empty reg/ranges property
arch/arm64/boot/dts/qcom/sdm660-mtp_f7a.dtb: Warning (simple_bus_reg): Node /soc/syscon@05065120 simple-bus unit address format error, expected "5065120"
arch/arm64/boot/dts/qcom/sdm660-mtp_f7a.dtb: Warning (simple_bus_reg): Node /soc/qcom,cpubw missing or empty reg/ranges property
arch/arm64/boot/dts/qcom/sdm660-mtp_f7a.dtb: Warning (simple_bus_reg): Node /soc/qcom,cpu-bwmon simple-bus unit address format error, expected "1008000"
arch/arm64/boot/dts/qcom/sdm660-mtp_f7a.dtb: Warning (simple_bus_reg): Node /soc/qcom,mincpubw missing or empty reg/ranges property
arch/arm64/boot/dts/qcom/sdm660-mtp_f7a.dtb: Warning (simple_bus_reg): Node /soc/qcom,memlat-cpu0 missing or empty reg/ranges property
arch/arm64/boot/dts/qcom/sdm660-mtp_f7a.dtb: Warning (simple_bus_reg): Node /soc/qcom,memlat-cpu4 missing or empty reg/ranges property
arch/arm64/boot/dts/qcom/sdm660-mtp_f7a.dtb: Warning (simple_bus_reg): Node /soc/qcom,arm-memlat-mon-0 missing or empty reg/ranges property
arch/arm64/boot/dts/qcom/sdm660-mtp_f7a.dtb: Warning (simple_bus_reg): Node /soc/qcom,arm-memlat-mon-4 missing or empty reg/ranges property
arch/arm64/boot/dts/qcom/sdm660-mtp_f7a.dtb: Warning (simple_bus_reg): Node /soc/devfreq-cpufreq missing or empty reg/ranges property
arch/arm64/boot/dts/qcom/sdm660-mtp_f7a.dtb: Warning (simple_bus_reg): Node /soc/qcom,msm-cpufreq missing or empty reg/ranges property
arch/arm64/boot/dts/qcom/sdm660-mtp_f7a.dtb: Warning (simple_bus_reg): Node /soc/qcom,rmnet-ipa missing or empty reg/ranges property
arch/arm64/boot/dts/qcom/sdm660-mtp_f7a.dtb: Warning (simple_bus_reg): Node /soc/qcom,msm-cdsp-loader missing or empty reg/ranges property
arch/arm64/boot/dts/qcom/sdm660-mtp_f7a.dtb: Warning (simple_bus_reg): Node /soc/qcom,msm-adsprpc-mem missing or empty reg/ranges property
arch/arm64/boot/dts/qcom/sdm660-mtp_f7a.dtb: Warning (simple_bus_reg): Node /soc/qcom,msm_fastrpc missing or empty reg/ranges property
arch/arm64/boot/dts/qcom/sdm660-mtp_f7a.dtb: Warning (simple_bus_reg): Node /soc/qcom,glink-qos-config-adsp missing or empty reg/ranges property
arch/arm64/boot/dts/qcom/sdm660-mtp_f7a.dtb: Warning (simple_bus_reg): Node /soc/qcom,glink-ssr-modem missing or empty reg/ranges property
arch/arm64/boot/dts/qcom/sdm660-mtp_f7a.dtb: Warning (simple_bus_reg): Node /soc/qcom,glink-ssr-adsp missing or empty reg/ranges property
arch/arm64/boot/dts/qcom/sdm660-mtp_f7a.dtb: Warning (simple_bus_reg): Node /soc/qcom,glink-ssr-rpm missing or empty reg/ranges property
arch/arm64/boot/dts/qcom/sdm660-mtp_f7a.dtb: Warning (simple_bus_reg): Node /soc/qcom,glink-ssr-cdsp missing or empty reg/ranges property
arch/arm64/boot/dts/qcom/sdm660-mtp_f7a.dtb: Warning (simple_bus_reg): Node /soc/qcom,glink-spi-xprt-wdsp missing or empty reg/ranges property
arch/arm64/boot/dts/qcom/sdm660-mtp_f7a.dtb: Warning (simple_bus_reg): Node /soc/qcom,glink-fifo-config-wdsp missing or empty reg/ranges property
arch/arm64/boot/dts/qcom/sdm660-mtp_f7a.dtb: Warning (simple_bus_reg): Node /soc/qcom,glink-qos-config-wdsp missing or empty reg/ranges property
arch/arm64/boot/dts/qcom/sdm660-mtp_f7a.dtb: Warning (simple_bus_reg): Node /soc/qcom,glink_pkt missing or empty reg/ranges property
arch/arm64/boot/dts/qcom/sdm660-mtp_f7a.dtb: Warning (simple_bus_reg): Node /soc/qcom,rpm-smd missing or empty reg/ranges property
arch/arm64/boot/dts/qcom/sdm660-mtp_f7a.dtb: Warning (simple_bus_reg): Node /soc/qcom,ipc_router missing or empty reg/ranges property
arch/arm64/boot/dts/qcom/sdm660-mtp_f7a.dtb: Warning (simple_bus_reg): Node /soc/qcom,ipc_router_modem_xprt missing or empty reg/ranges property
arch/arm64/boot/dts/qcom/sdm660-mtp_f7a.dtb: Warning (simple_bus_reg): Node /soc/qcom,ipc_router_q6_xprt missing or empty reg/ranges property
arch/arm64/boot/dts/qcom/sdm660-mtp_f7a.dtb: Warning (simple_bus_reg): Node /soc/qcom,ipc_router_cdsp_xprt missing or empty reg/ranges property
arch/arm64/boot/dts/qcom/sdm660-mtp_f7a.dtb: Warning (simple_bus_reg): Node /soc/qcom,msm-rtb missing or empty reg/ranges property
arch/arm64/boot/dts/qcom/sdm660-mtp_f7a.dtb: Warning (simple_bus_reg): Node /soc/qcom,ghd missing or empty reg/ranges property
arch/arm64/boot/dts/qcom/sdm660-mtp_f7a.dtb: Warning (simple_bus_reg): Node /soc/cpu-pmu missing or empty reg/ranges property
arch/arm64/boot/dts/qcom/sdm660-mtp_f7a.dtb: Warning (simple_bus_reg): Node /soc/qcom,chd_silver missing or empty reg/ranges property
arch/arm64/boot/dts/qcom/sdm660-mtp_f7a.dtb: Warning (simple_bus_reg): Node /soc/qcom,chd_gold missing or empty reg/ranges property
arch/arm64/boot/dts/qcom/sdm660-mtp_f7a.dtb: Warning (simple_bus_reg): Node /soc/snfuse@0xA4128 simple-bus unit address format error, expected "786134"
arch/arm64/boot/dts/qcom/sdm660-mtp_f7a.dtb: Warning (simple_bus_reg): Node /soc/qcom,ion missing or empty reg/ranges property
arch/arm64/boot/dts/qcom/sdm660-mtp_f7a.dtb: Warning (simple_bus_reg): Node /soc/ad-hoc-bus simple-bus unit address format error, expected "1620000"
arch/arm64/boot/dts/qcom/sdm660-mtp_f7a.dtb: Warning (simple_bus_reg): Node /soc/devfreq_spdm_cpu missing or empty reg/ranges property
arch/arm64/boot/dts/qcom/sdm660-mtp_f7a.dtb: Warning (simple_bus_reg): Node /soc/devfreq_spdm_gov missing or empty reg/ranges property
arch/arm64/boot/dts/qcom/sdm660-mtp_f7a.dtb: Warning (simple_bus_reg): Node /soc/regulator@01fcf004 simple-bus unit address format error, expected "1fcf004"
arch/arm64/boot/dts/qcom/sdm660-mtp_f7a.dtb: Warning (simple_bus_reg): Node /soc/ldo@0506e000 simple-bus unit address format error, expected "506e000"
arch/arm64/boot/dts/qcom/sdm660-mtp_f7a.dtb: Warning (simple_bus_reg): Node /soc/cpr4-ctrl@05061000 simple-bus unit address format error, expected "5061000"
arch/arm64/boot/dts/qcom/sdm660-mtp_f7a.dtb: Warning (simple_bus_reg): Node /soc/qcom,kgsl-hyp missing or empty reg/ranges property
arch/arm64/boot/dts/qcom/sdm660-mtp_f7a.dtb: Warning (simple_bus_reg): Node /soc/qcom,kgsl-busmon missing or empty reg/ranges property
arch/arm64/boot/dts/qcom/sdm660-mtp_f7a.dtb: Warning (simple_bus_reg): Node /soc/qcom,gpubw missing or empty reg/ranges property
arch/arm64/boot/dts/qcom/sdm660-mtp_f7a.dtb: Warning (simple_bus_reg): Node /soc/qcom,kgsl-iommu simple-bus unit address format error, expected "5040000"
arch/arm64/boot/dts/qcom/sdm660-mtp_f7a.dtb: Warning (simple_bus_reg): Node /soc/qcom,spm@178120000 simple-bus unit address format error, expected "17812000"
arch/arm64/boot/dts/qcom/sdm660-mtp_f7a.dtb: Warning (simple_bus_reg): Node /soc/qcom,spm@179120000 simple-bus unit address format error, expected "17912000"
arch/arm64/boot/dts/qcom/sdm660-mtp_f7a.dtb: Warning (simple_bus_reg): Node /soc/qcom,lpm-levels missing or empty reg/ranges property
arch/arm64/boot/dts/qcom/sdm660-mtp_f7a.dtb: Warning (simple_bus_reg): Node /soc/memory@0x200000 simple-bus unit address format error, expected "200000"
arch/arm64/boot/dts/qcom/sdm660-mtp_f7a.dtb: Warning (simple_bus_reg): Node /soc/rpm-memory@0x778000 simple-bus unit address format error, expected "778000"
arch/arm64/boot/dts/qcom/sdm660-mtp_f7a.dtb: Warning (simple_bus_reg): Node /soc/qcom,system-stats missing or empty reg/ranges property
arch/arm64/boot/dts/qcom/sdm660-mtp_f7a.dtb: Warning (simple_bus_reg): Node /soc/iommu_test_device missing or empty reg/ranges property
arch/arm64/boot/dts/qcom/sdm660-mtp_f7a.dtb: Warning (simple_bus_reg): Node /soc/usb_audio_qmi_dev missing or empty reg/ranges property
arch/arm64/boot/dts/qcom/sdm660-mtp_f7a.dtb: Warning (simple_bus_reg): Node /soc/usb_nop_phy missing or empty reg/ranges property
arch/arm64/boot/dts/qcom/sdm660-mtp_f7a.dtb: Warning (simple_bus_reg): Node /soc/pinctrl@03000000 simple-bus unit address format error, expected "3000000"
arch/arm64/boot/dts/qcom/sdm660-mtp_f7a.dtb: Warning (simple_bus_reg): Node /soc/qcom,smp2pgpio-rdbg-2-in missing or empty reg/ranges property
arch/arm64/boot/dts/qcom/sdm660-mtp_f7a.dtb: Warning (simple_bus_reg): Node /soc/qcom,smp2pgpio_client_rdbg_2_in missing or empty reg/ranges property
arch/arm64/boot/dts/qcom/sdm660-mtp_f7a.dtb: Warning (simple_bus_reg): Node /soc/qcom,smp2pgpio-rdbg-2-out missing or empty reg/ranges property
arch/arm64/boot/dts/qcom/sdm660-mtp_f7a.dtb: Warning (simple_bus_reg): Node /soc/qcom,smp2pgpio_client_rdbg_2_out missing or empty reg/ranges property
arch/arm64/boot/dts/qcom/sdm660-mtp_f7a.dtb: Warning (simple_bus_reg): Node /soc/qcom,smp2pgpio-rdbg-1-in missing or empty reg/ranges property
arch/arm64/boot/dts/qcom/sdm660-mtp_f7a.dtb: Warning (simple_bus_reg): Node /soc/qcom,smp2pgpio_client_rdbg_1_in missing or empty reg/ranges property
arch/arm64/boot/dts/qcom/sdm660-mtp_f7a.dtb: Warning (simple_bus_reg): Node /soc/qcom,smp2pgpio-rdbg-1-out missing or empty reg/ranges property
arch/arm64/boot/dts/qcom/sdm660-mtp_f7a.dtb: Warning (simple_bus_reg): Node /soc/qcom,smp2pgpio_client_rdbg_1_out missing or empty reg/ranges property
arch/arm64/boot/dts/qcom/sdm660-mtp_f7a.dtb: Warning (simple_bus_reg): Node /soc/qcom,smp2pgpio-rdbg-5-in missing or empty reg/ranges property
arch/arm64/boot/dts/qcom/sdm660-mtp_f7a.dtb: Warning (simple_bus_reg): Node /soc/qcom,smp2pgpio_client_rdbg_5_in missing or empty reg/ranges property
arch/arm64/boot/dts/qcom/sdm660-mtp_f7a.dtb: Warning (simple_bus_reg): Node /soc/qcom,smp2pgpio-rdbg-5-out missing or empty reg/ranges property
arch/arm64/boot/dts/qcom/sdm660-mtp_f7a.dtb: Warning (simple_bus_reg): Node /soc/qcom,smp2pgpio_client_rdbg_5_out missing or empty reg/ranges property
arch/arm64/boot/dts/qcom/sdm660-mtp_f7a.dtb: Warning (simple_bus_reg): Node /soc/qcom,cam_smmu missing or empty reg/ranges property
arch/arm64/boot/dts/qcom/sdm660-mtp_f7a.dtb: Warning (simple_bus_reg): Node /soc/qcom,vfe missing or empty reg/ranges property
arch/arm64/boot/dts/qcom/sdm660-mtp_f7a.dtb: Warning (simple_bus_reg): Node /soc/qcom,msm-pcm missing or empty reg/ranges property
arch/arm64/boot/dts/qcom/sdm660-mtp_f7a.dtb: Warning (simple_bus_reg): Node /soc/qcom,msm-pcm-routing missing or empty reg/ranges property
arch/arm64/boot/dts/qcom/sdm660-mtp_f7a.dtb: Warning (simple_bus_reg): Node /soc/qcom,msm-compr-dsp missing or empty reg/ranges property
arch/arm64/boot/dts/qcom/sdm660-mtp_f7a.dtb: Warning (simple_bus_reg): Node /soc/qcom,msm-ultra-low-latency missing or empty reg/ranges property
arch/arm64/boot/dts/qcom/sdm660-mtp_f7a.dtb: Warning (simple_bus_reg): Node /soc/qcom,msm-pcm-low-latency missing or empty reg/ranges property
arch/arm64/boot/dts/qcom/sdm660-mtp_f7a.dtb: Warning (simple_bus_reg): Node /soc/qcom,msm-pcm-dsp-noirq missing or empty reg/ranges property
arch/arm64/boot/dts/qcom/sdm660-mtp_f7a.dtb: Warning (simple_bus_reg): Node /soc/qcom,msm-cpe-lsm missing or empty reg/ranges property
arch/arm64/boot/dts/qcom/sdm660-mtp_f7a.dtb: Warning (simple_bus_reg): Node /soc/qcom,msm-cpe-lsm@3 missing or empty reg/ranges property
arch/arm64/boot/dts/qcom/sdm660-mtp_f7a.dtb: Warning (simple_bus_reg): Node /soc/qcom,wcd-dsp-mgr missing or empty reg/ranges property
arch/arm64/boot/dts/qcom/sdm660-mtp_f7a.dtb: Warning (simple_bus_reg): Node /soc/qcom,wcd-dsp-glink missing or empty reg/ranges property
arch/arm64/boot/dts/qcom/sdm660-mtp_f7a.dtb: Warning (simple_bus_reg): Node /soc/qcom,msm-compress-dsp missing or empty reg/ranges property
arch/arm64/boot/dts/qcom/sdm660-mtp_f7a.dtb: Warning (simple_bus_reg): Node /soc/qcom,msm-voip-dsp missing or empty reg/ranges property
arch/arm64/boot/dts/qcom/sdm660-mtp_f7a.dtb: Warning (simple_bus_reg): Node /soc/qcom,msm-pcm-voice missing or empty reg/ranges property
arch/arm64/boot/dts/qcom/sdm660-mtp_f7a.dtb: Warning (simple_bus_reg): Node /soc/qcom,msm-stub-codec missing or empty reg/ranges property
arch/arm64/boot/dts/qcom/sdm660-mtp_f7a.dtb: Warning (simple_bus_reg): Node /soc/qcom,msm-dai-fe missing or empty reg/ranges property
arch/arm64/boot/dts/qcom/sdm660-mtp_f7a.dtb: Warning (simple_bus_reg): Node /soc/qcom,msm-pcm-afe missing or empty reg/ranges property
arch/arm64/boot/dts/qcom/sdm660-mtp_f7a.dtb: Warning (simple_bus_reg): Node /soc/qcom,msm-dai-q6-dp missing or empty reg/ranges property
arch/arm64/boot/dts/qcom/sdm660-mtp_f7a.dtb: Warning (simple_bus_reg): Node /soc/qcom,msm-pcm-loopback missing or empty reg/ranges property
arch/arm64/boot/dts/qcom/sdm660-mtp_f7a.dtb: Warning (simple_bus_reg): Node /soc/qcom,msm-dai-mi2s missing or empty reg/ranges property
arch/arm64/boot/dts/qcom/sdm660-mtp_f7a.dtb: Warning (simple_bus_reg): Node /soc/qcom,msm-lsm-client missing or empty reg/ranges property
arch/arm64/boot/dts/qcom/sdm660-mtp_f7a.dtb: Warning (simple_bus_reg): Node /soc/qcom,msm-dai-q6 missing or empty reg/ranges property
arch/arm64/boot/dts/qcom/sdm660-mtp_f7a.dtb: Warning (simple_bus_reg): Node /soc/qcom,msm-pcm-hostless missing or empty reg/ranges property
arch/arm64/boot/dts/qcom/sdm660-mtp_f7a.dtb: Warning (simple_bus_reg): Node /soc/qcom,msm-pri-auxpcm missing or empty reg/ranges property
arch/arm64/boot/dts/qcom/sdm660-mtp_f7a.dtb: Warning (simple_bus_reg): Node /soc/qcom,msm-sec-auxpcm missing or empty reg/ranges property
arch/arm64/boot/dts/qcom/sdm660-mtp_f7a.dtb: Warning (simple_bus_reg): Node /soc/qcom,msm-tert-auxpcm missing or empty reg/ranges property
arch/arm64/boot/dts/qcom/sdm660-mtp_f7a.dtb: Warning (simple_bus_reg): Node /soc/qcom,msm-quat-auxpcm missing or empty reg/ranges property
arch/arm64/boot/dts/qcom/sdm660-mtp_f7a.dtb: Warning (simple_bus_reg): Node /soc/qcom,msm-audio-ion missing or empty reg/ranges property
arch/arm64/boot/dts/qcom/sdm660-mtp_f7a.dtb: Warning (simple_bus_reg): Node /soc/qcom,msm-adsp-loader missing or empty reg/ranges property
arch/arm64/boot/dts/qcom/sdm660-mtp_f7a.dtb: Warning (simple_bus_reg): Node /soc/qcom,msm-dai-tdm-pri-rx missing or empty reg/ranges property
arch/arm64/boot/dts/qcom/sdm660-mtp_f7a.dtb: Warning (simple_bus_reg): Node /soc/qcom,msm-dai-tdm-pri-tx missing or empty reg/ranges property
arch/arm64/boot/dts/qcom/sdm660-mtp_f7a.dtb: Warning (simple_bus_reg): Node /soc/qcom,msm-dai-tdm-sec-rx missing or empty reg/ranges property
arch/arm64/boot/dts/qcom/sdm660-mtp_f7a.dtb: Warning (simple_bus_reg): Node /soc/qcom,msm-dai-tdm-sec-tx missing or empty reg/ranges property
arch/arm64/boot/dts/qcom/sdm660-mtp_f7a.dtb: Warning (simple_bus_reg): Node /soc/qcom,msm-dai-tdm-tert-rx missing or empty reg/ranges property
arch/arm64/boot/dts/qcom/sdm660-mtp_f7a.dtb: Warning (simple_bus_reg): Node /soc/qcom,msm-dai-tdm-tert-tx missing or empty reg/ranges property
arch/arm64/boot/dts/qcom/sdm660-mtp_f7a.dtb: Warning (simple_bus_reg): Node /soc/qcom,msm-dai-tdm-quat-rx missing or empty reg/ranges property
arch/arm64/boot/dts/qcom/sdm660-mtp_f7a.dtb: Warning (simple_bus_reg): Node /soc/qcom,msm-dai-tdm-quat-tx missing or empty reg/ranges property
arch/arm64/boot/dts/qcom/sdm660-mtp_f7a.dtb: Warning (simple_bus_reg): Node /soc/qcom,msm-audio-apr missing or empty reg/ranges property
arch/arm64/boot/dts/qcom/sdm660-mtp_f7a.dtb: Warning (simple_bus_reg): Node /soc/sound-9335 missing or empty reg/ranges property
arch/arm64/boot/dts/qcom/sdm660-mtp_f7a.dtb: Warning (simple_bus_reg): Node /soc/sound-tavil missing or empty reg/ranges property
arch/arm64/boot/dts/qcom/sdm660-mtp_f7a.dtb: Warning (simple_bus_reg): Node /soc/sound missing or empty reg/ranges property
arch/arm64/boot/dts/qcom/sdm660-mtp_f7a.dtb: Warning (simple_bus_reg): Node /soc/msm_cdc_pinctrl@75 missing or empty reg/ranges property
arch/arm64/boot/dts/qcom/sdm660-mtp_f7a.dtb: Warning (simple_bus_reg): Node /soc/wcd9xxx-irq missing or empty reg/ranges property
arch/arm64/boot/dts/qcom/sdm660-mtp_f7a.dtb: Warning (simple_bus_reg): Node /soc/audio_ext_clk missing or empty reg/ranges property
arch/arm64/boot/dts/qcom/sdm660-mtp_f7a.dtb: Warning (simple_bus_reg): Node /soc/audio_ext_clk_lnbb missing or empty reg/ranges property
arch/arm64/boot/dts/qcom/sdm660-mtp_f7a.dtb: Warning (simple_bus_reg): Node /soc/msm_cdc_pinctrl@64 missing or empty reg/ranges property
arch/arm64/boot/dts/qcom/sdm660-mtp_f7a.dtb: Warning (simple_bus_reg): Node /soc/msm_cdc_pinctrl_usbc_audio_en1 missing or empty reg/ranges property
arch/arm64/boot/dts/qcom/sdm660-mtp_f7a.dtb: Warning (simple_bus_reg): Node /soc/msm_cdc_pinctrl_usbc_audio_en2 missing or empty reg/ranges property
arch/arm64/boot/dts/qcom/sdm660-mtp_f7a.dtb: Warning (simple_bus_reg): Node /soc/cdc_pdm_pinctrl missing or empty reg/ranges property
arch/arm64/boot/dts/qcom/sdm660-mtp_f7a.dtb: Warning (simple_bus_reg): Node /soc/cdc_comp_pinctrl missing or empty reg/ranges property
arch/arm64/boot/dts/qcom/sdm660-mtp_f7a.dtb: Warning (simple_bus_reg): Node /soc/cdc_dmic_pinctrl missing or empty reg/ranges property
arch/arm64/boot/dts/qcom/sdm660-mtp_f7a.dtb: Warning (simple_bus_reg): Node /soc/sdw_clk_data_pinctrl missing or empty reg/ranges property
arch/arm64/boot/dts/qcom/sdm660-mtp_f7a.dtb: Warning (simple_bus_reg): Node /soc/wsa_spkr_en1_pinctrl missing or empty reg/ranges property
arch/arm64/boot/dts/qcom/sdm660-mtp_f7a.dtb: Warning (simple_bus_reg): Node /soc/wsa_spkr_en2_pinctrl missing or empty reg/ranges property
arch/arm64/boot/dts/qcom/sdm660-mtp_f7a.dtb: Warning (simple_bus_reg): Node /soc/gpio_keys missing or empty reg/ranges property
arch/arm64/boot/dts/qcom/sdm660-mtp_f7a.dtb: Warning (simple_bus_reg): Node /soc/qcom,mdss_dsi@0 simple-bus unit address format error, expected "c994000"
arch/arm64/boot/dts/qcom/sdm660-mtp_f7a.dtb: Warning (simple_bus_reg): Node /soc/qcom,mdss_wb_panel missing or empty reg/ranges property
arch/arm64/boot/dts/qcom/sdm660-mtp_f7a.dtb: Warning (simple_bus_reg): Node /soc/qcom,msm_ext_disp missing or empty reg/ranges property
arch/arm64/boot/dts/qcom/sdm660-mtp_f7a.dtb: Warning (simple_bus_reg): Node /soc/qcom,mdss_rotator simple-bus unit address format error, expected "c900000"
arch/arm64/boot/dts/qcom/sdm660-mtp_f7a.dtb: Warning (simple_bus_reg): Node /soc/dsi_panel_pwr_supply missing or empty reg/ranges property
arch/arm64/boot/dts/qcom/sdm660-mtp_f7a.dtb: Warning (simple_bus_reg): Node /soc/dsi_panel_pwr_supply_labibb_amoled missing or empty reg/ranges property
arch/arm64/boot/dts/qcom/sdm660-mtp_f7a.dtb: Warning (simple_bus_reg): Node /soc/dsi_panel_pwr_supply_no_labibb missing or empty reg/ranges property
arch/arm64/boot/dts/qcom/sdm660-mtp_f7a.dtb: Warning (simple_bus_reg): Node /soc/qcom,mdss_dp_pll@c011000 simple-bus unit address format error, expected "c011c00"
arch/arm64/boot/dts/qcom/sdm660-mtp_f7a.dtb: Warning (simple_bus_reg): Node /soc/qcom,camera-flash@0 missing or empty reg/ranges property
arch/arm64/boot/dts/qcom/sdm660-mtp_f7a.dtb: Warning (simple_bus_reg): Node /soc/cam_avdd_fixed_regulator missing or empty reg/ranges property
arch/arm64/boot/dts/qcom/sdm660-mtp_f7a.dtb: Warning (simple_bus_reg): Node /soc/cam_rear_avdd_fixed_regulator missing or empty reg/ranges property
arch/arm64/boot/dts/qcom/sdm660-mtp_f7a.dtb: Warning (simple_bus_reg): Node /soc/cam_dvdd_fixed_regulator missing or empty reg/ranges property
arch/arm64/boot/dts/qcom/sdm660-mtp_f7a.dtb: Warning (simple_bus_reg): Node /soc/cam_rear_dvdd_fixed_regulator missing or empty reg/ranges property
arch/arm64/boot/dts/qcom/sdm660-mtp_f7a.dtb: Warning (simple_bus_reg): Node /soc/goodix_fp missing or empty reg/ranges property
arch/arm64/boot/dts/qcom/sdm660-mtp_f7a.dtb: Warning (simple_bus_reg): Node /soc/fpc1020 missing or empty reg/ranges property
arch/arm64/boot/dts/qcom/sdm660-mtp_f7a.dtb: Warning (simple_bus_reg): Node /soc/qcom,msm-ssc-sensors missing or empty reg/ranges property
arch/arm64/boot/dts/qcom/sdm660-mtp_f7a.dtb: Warning (simple_bus_reg): Node /soc/ant_check missing or empty reg/ranges property
  GZIP    arch/arm64/boot/Image.gz
  CC      drivers/aircrack/rtl8188fu/rtl8188fu.mod.o
  CC      drivers/aircrack/rtl8192eu/8192eu.mod.o
  CC      drivers/aircrack/rtl8812au/88XXau.mod.o
  CC      drivers/net/can/can-isotp/can-isotp.mod.o
  CC      drivers/net/can/slcan.mod.o
  CC      drivers/net/can/usb-can-2-module/hlcan.mod.o
  LD [M]  drivers/aircrack/rtl8188fu/rtl8188fu.ko
  LD [M]  drivers/aircrack/rtl8192eu/8192eu.ko
  LD [M]  drivers/aircrack/rtl8812au/88XXau.ko
  LD [M]  drivers/net/can/can-isotp/can-isotp.ko
  LD [M]  drivers/net/can/slcan.ko
  LD [M]  drivers/net/can/usb-can-2-module/hlcan.ko
  CAT     arch/arm64/boot/Image.gz-dtb
make[1]: Leaving directory '/home/cross/kernel/android_kernel_xiaomi_lavender/kali-nethunter-kernel-builder/out'
make: Leaving directory '/home/cross/kernel/android_kernel_xiaomi_lavender'

real	6m16.844s
user	19m6.270s
sys	2m54.478s
make: Entering directory '/home/cross/kernel/android_kernel_xiaomi_lavender'
make[1]: Entering directory '/home/cross/kernel/android_kernel_xiaomi_lavender/kali-nethunter-kernel-builder/out'
  INSTALL drivers/aircrack/rtl8188fu/rtl8188fu.ko
  INSTALL drivers/aircrack/rtl8192eu/8192eu.ko
  INSTALL drivers/aircrack/rtl8812au/88XXau.ko
  INSTALL drivers/net/can/can-isotp/can-isotp.ko
  INSTALL drivers/net/can/slcan.ko
  INSTALL drivers/net/can/usb-can-2-module/hlcan.ko
  DEPMOD  4.4.234CrossHunter-NetHunter
depmod: WARNING: could not open modules.builtin.modinfo at /home/cross/kernel/android_kernel_xiaomi_lavender/kali-nethunter-kernel-builder/modules_out/lib/modules/4.4.234CrossHunter-NetHunter: No such file or directory
make[1]: Leaving directory '/home/cross/kernel/android_kernel_xiaomi_lavender/kali-nethunter-kernel-builder/out'
make: Leaving directory '/home/cross/kernel/android_kernel_xiaomi_lavender'

real	0m6.081s
user	0m1.779s
sys	0m1.321s
[92m[ SUCCESS  ][0m Kernel build completed[0m
[33m[ QUESTION ][0m Save .config as nethunter_defconfig? [y/n] [96m[   INFO   ][0m Done. Old config backed up as nethunter_defconfig.old[0m
[H[2J[3J[H[2J[3J[94m	##################################################
	##                                              ##
	##  88      a8P         db        88        88  ##
	##  88    .88'         d88b       88        88  ##
	##  88   88'          d8''8b      88        88  ##
	##  88 d88           d8'  '8b     88        88  ##
	##  8888'88.        d8YaaaaY8b    88        88  ##
	##  88P   Y8b      d8''''''''8b   88        88  ##
	##  88     '88.   d8'        '8b  88        88  ##
	##  88       Y8b d8'          '8b 888888888 88  ##
	##                                              ##
	####  ############# NetHunter ####################
	~~~~~~~~~~~~~~~~~~~~~~~~~~~~~~~~~~~~~~~~~~~~~~~~~~
	           K E R N E L   B U I L D E R
	~~~~~~~~~~~~~~~~~~~~~~~~~~~~~~~~~~~~~~~~~~~~~~~~~~~
[0m	---------------------------------------------------
	                   FULL BUILDS
	---------------------------------------------------
	N. NetHunter build = Create zip for NH-installer
	T. Test build      = Create zip to flash in TWRP

	---------------------------------------------------
	                 INDIVIDUAL STEPS
	---------------------------------------------------
	1. Edit default kernel config
	2. Configure & compile kernel from scratch
	3. Configure & recompile kernel from previous run
	4. Apply NetHunter kernel patches
	5. Create NetHunter zip
	6. Create Anykernel zip
	7. Generate Changelog
	8. Edit Anykernel config
	0. Clean Environment

	---------------------------------------------------
	                     OTHER
	---------------------------------------------------
	S. Set up environment & download toolchains
	H. Help
	E. Exit

Enter selection [N/T/1-8/S/H/E] [H[2J[3J
[96m[   INFO   ][0m Cleaning up anykernel zip directory[0m
[92m[ SUCCESS  ][0m Anykernel directory cleaned[0m

[96m[   INFO   ][0m Copying kernel to anykernel zip directory[0m
[96m[   INFO   ][0m Copying modules to zip directory[0m
[92m[ SUCCESS  ][0m Done[0m

[96m[   INFO   ][0m Generating Changelog[0m
[96m[   INFO   ][0m Done[0m

[96m[   INFO   ][0m Creating anykernel zip file[0m
  adding: Changelog.txt (deflated 93%)
  adding: Image.gz-dtb (deflated 4%)
  adding: META-INF/ (stored 0%)
  adding: META-INF/com/ (stored 0%)
  adding: META-INF/com/google/ (stored 0%)
  adding: META-INF/com/google/android/ (stored 0%)
  adding: META-INF/com/google/android/update-binary (deflated 71%)
  adding: META-INF/com/google/android/updater-script (stored 0%)
  adding: anykernel.sh (deflated 57%)
  adding: banner (deflated 61%)
  adding: modules/ (stored 0%)
  adding: modules/system_root/ (stored 0%)
  adding: modules/system_root/lib/ (stored 0%)
  adding: modules/system_root/lib/modules/ (stored 0%)
  adding: modules/system_root/lib/modules/4.4.234CrossHunter-NetHunter/ (stored 0%)
  adding: modules/system_root/lib/modules/4.4.234CrossHunter-NetHunter/modules.alias (deflated 88%)
  adding: modules/system_root/lib/modules/4.4.234CrossHunter-NetHunter/modules.softdep (stored 0%)
  adding: modules/system_root/lib/modules/4.4.234CrossHunter-NetHunter/modules.builtin.bin (deflated 77%)
  adding: modules/system_root/lib/modules/4.4.234CrossHunter-NetHunter/modules.dep.bin (deflated 69%)
  adding: modules/system_root/lib/modules/4.4.234CrossHunter-NetHunter/modules.builtin.alias.bin (stored 0%)
  adding: modules/system_root/lib/modules/4.4.234CrossHunter-NetHunter/modules.symbols.bin (stored 0%)
  adding: modules/system_root/lib/modules/4.4.234CrossHunter-NetHunter/modules.builtin (deflated 82%)
  adding: modules/system_root/lib/modules/4.4.234CrossHunter-NetHunter/modules.symbols (deflated 6%)
  adding: modules/system_root/lib/modules/4.4.234CrossHunter-NetHunter/modules.devname (stored 0%)
  adding: modules/system_root/lib/modules/4.4.234CrossHunter-NetHunter/modules.alias.bin (deflated 82%)
  adding: modules/system_root/lib/modules/4.4.234CrossHunter-NetHunter/modules.dep (deflated 60%)
  adding: modules/system_root/lib/modules/4.4.234CrossHunter-NetHunter/kernel/ (stored 0%)
  adding: modules/system_root/lib/modules/4.4.234CrossHunter-NetHunter/kernel/drivers/ (stored 0%)
  adding: modules/system_root/lib/modules/4.4.234CrossHunter-NetHunter/kernel/drivers/aircrack/ (stored 0%)
  adding: modules/system_root/lib/modules/4.4.234CrossHunter-NetHunter/kernel/drivers/aircrack/rtl8188fu/ (stored 0%)
  adding: modules/system_root/lib/modules/4.4.234CrossHunter-NetHunter/kernel/drivers/aircrack/rtl8188fu/rtl8188fu.ko (deflated 76%)
  adding: modules/system_root/lib/modules/4.4.234CrossHunter-NetHunter/kernel/drivers/aircrack/rtl8192eu/ (stored 0%)
  adding: modules/system_root/lib/modules/4.4.234CrossHunter-NetHunter/kernel/drivers/aircrack/rtl8192eu/8192eu.ko (deflated 72%)
  adding: modules/system_root/lib/modules/4.4.234CrossHunter-NetHunter/kernel/drivers/aircrack/rtl8812au/ (stored 0%)
  adding: modules/system_root/lib/modules/4.4.234CrossHunter-NetHunter/kernel/drivers/aircrack/rtl8812au/88XXau.ko (deflated 78%)
  adding: modules/system_root/lib/modules/4.4.234CrossHunter-NetHunter/kernel/drivers/net/ (stored 0%)
  adding: modules/system_root/lib/modules/4.4.234CrossHunter-NetHunter/kernel/drivers/net/can/ (stored 0%)
  adding: modules/system_root/lib/modules/4.4.234CrossHunter-NetHunter/kernel/drivers/net/can/usb-can-2-module/ (stored 0%)
  adding: modules/system_root/lib/modules/4.4.234CrossHunter-NetHunter/kernel/drivers/net/can/usb-can-2-module/hlcan.ko (deflated 68%)
  adding: modules/system_root/lib/modules/4.4.234CrossHunter-NetHunter/kernel/drivers/net/can/can-isotp/ (stored 0%)
  adding: modules/system_root/lib/modules/4.4.234CrossHunter-NetHunter/kernel/drivers/net/can/can-isotp/can-isotp.ko (deflated 66%)
  adding: modules/system_root/lib/modules/4.4.234CrossHunter-NetHunter/kernel/drivers/net/can/slcan.ko (deflated 69%)
  adding: modules/system_root/lib/modules/4.4.234CrossHunter-NetHunter/modules.order (deflated 59%)
  adding: tools/ (stored 0%)
  adding: tools/magiskpolicy (deflated 40%)
  adding: tools/ak3-core.sh (deflated 73%)
  adding: tools/busybox (deflated 37%)
  adding: tools/magiskboot (deflated 34%)
[96m[   INFO   ][0m Moving anykernel zip to output directory[0m

[92m[ SUCCESS  ][0m Anykernel zip:
[96manykernel-NetHunter.zip
[0mis now available in:
[96m/home/cross/kernel/android_kernel_xiaomi_lavender/kali-nethunter-kernel-builder/output/[0m

Press [Enter] to continue..[H[2J[3J[H[2J[3J[94m	##################################################
	##                                              ##
	##  88      a8P         db        88        88  ##
	##  88    .88'         d88b       88        88  ##
	##  88   88'          d8''8b      88        88  ##
	##  88 d88           d8'  '8b     88        88  ##
	##  8888'88.        d8YaaaaY8b    88        88  ##
	##  88P   Y8b      d8''''''''8b   88        88  ##
	##  88     '88.   d8'        '8b  88        88  ##
	##  88       Y8b d8'          '8b 888888888 88  ##
	##                                              ##
	####  ############# NetHunter ####################
	~~~~~~~~~~~~~~~~~~~~~~~~~~~~~~~~~~~~~~~~~~~~~~~~~~
	           K E R N E L   B U I L D E R
	~~~~~~~~~~~~~~~~~~~~~~~~~~~~~~~~~~~~~~~~~~~~~~~~~~~
[0m	---------------------------------------------------
	                   FULL BUILDS
	---------------------------------------------------
	N. NetHunter build = Create zip for NH-installer
	T. Test build      = Create zip to flash in TWRP

	---------------------------------------------------
	                 INDIVIDUAL STEPS
	---------------------------------------------------
	1. Edit default kernel config
	2. Configure & compile kernel from scratch
	3. Configure & recompile kernel from previous run
	4. Apply NetHunter kernel patches
	5. Create NetHunter zip
	6. Create Anykernel zip
	7. Generate Changelog
	8. Edit Anykernel config
	0. Clean Environment

	---------------------------------------------------
	                     OTHER
	---------------------------------------------------
	S. Set up environment & download toolchains
	H. Help
	E. Exit

Enter selection [N/T/1-8/S/H/E] [0m

